player_id,player_name,team_id,team_name,source_team_id,source_team_name,season,position_code,position_name,games_pitched,games_started,games_finished,complete_games,shutouts,wins,losses,saves,save_opportunities,holds,blown_saves,innings_pitched_baseball,hits_allowed,runs_allowed,earned_runs,home_runs_allowed,base_on_balls,intentional_walks,strikeouts,hit_batters,batters_faced,wild_pitches,balks,ground_outs,air_outs,ground_into_double_play,inherited_runners,inherited_runners_scored,innings_pitched,earned_run_average,walks_and_hits_per_inning_pitched,strikeouts_per_nine,walks_per_nine,home_runs_per_nine,strikeout_to_walk_ratio,starter_appearance_percentage,pitching_role,teams_played_for_count,multiple_teams_flag,roster_movement_flag,record_scope
640451,Hunter Harvey,118,Kansas City Royals,118,Kansas City Royals,2025,1,Pitcher,12,0,1,0,0,1,0,0,0,5,0,10.2,6,0,0,0,1,0,11,0,39,0,0,8,13,0,3,0,10.666666666666666,0.0,0.65625,9.28125,0.84375,0.0,11.0,0.0,Relief,1,No,No,Player Team Season
621139,Brooks Kriske,112,Chicago Cubs,112,Chicago Cubs,2025,1,Pitcher,4,0,3,0,0,0,0,0,0,0,0,6.0,2,0,0,0,5,1,4,0,24,0,0,4,9,0,0,0,6.0,0.0,1.1666666666666667,6.0,7.5,0.0,0.8,0.0,Relief,2,Yes,Yes,Player Team Season
657424,Matt Gage,116,Detroit Tigers,116,Detroit Tigers,2025,1,Pitcher,6,0,2,0,0,0,0,0,0,0,0,5.2,7,0,0,0,2,0,3,0,25,0,0,6,7,1,2,1,5.666666666666667,0.0,1.588235294117647,4.764705882352941,3.176470588235294,0.0,1.5,0.0,Relief,2,Yes,Yes,Player Team Season
623465,Evan Phillips,119,Los Angeles Dodgers,119,Los Angeles Dodgers,2025,1,Pitcher,7,0,1,0,0,0,0,1,1,2,0,5.2,4,0,0,0,2,0,6,0,22,0,0,6,4,0,3,0,5.666666666666667,0.0,1.0588235294117647,9.529411764705882,3.176470588235294,0.0,3.0,0.0,Relief,1,No,No,Player Team Season
595897,Nick Burdi,111,Boston Red Sox,111,Boston Red Sox,2025,1,Pitcher,4,0,2,0,0,0,0,0,0,0,0,5.1,5,0,0,0,2,0,5,0,21,1,0,8,1,2,3,0,5.333333333333333,0.0,1.3125,8.4375,3.375,0.0,2.5,0.0,Relief,1,No,No,Player Team Season
621366,Ryan Borucki,141,Toronto Blue Jays,141,Toronto Blue Jays,2025,1,Pitcher,4,0,1,0,0,0,0,0,0,1,0,4.1,3,0,0,0,4,0,5,0,19,0,0,4,3,0,2,1,4.333333333333333,0.0,1.6153846153846154,10.384615384615385,8.307692307692308,0.0,1.25,0.0,Relief,2,Yes,Yes,Player Team Season
672710,Roansy Contreras,110,Baltimore Orioles,110,Baltimore Orioles,2025,1,Pitcher,1,0,0,0,0,0,0,0,0,0,0,4.1,3,0,0,0,1,0,2,1,17,0,0,4,6,0,0,0,4.333333333333333,0.0,0.9230769230769231,4.153846153846154,2.076923076923077,0.0,2.0,0.0,Relief,2,Yes,Yes,Player Team Season
676679,Luis Vázquez,110,Baltimore Orioles,110,Baltimore Orioles,2025,6,Shortstop,4,0,4,0,0,0,0,0,0,0,0,4.1,3,0,0,0,1,0,0,0,14,0,0,7,3,3,1,0,4.333333333333333,0.0,0.9230769230769231,0.0,2.076923076923077,0.0,0.0,0.0,Relief,1,No,No,Player Team Season
683766,Christian Koss,137,San Francisco Giants,137,San Francisco Giants,2025,6,Shortstop,4,0,4,0,0,0,0,0,0,0,0,4.0,4,0,0,0,0,0,0,0,16,0,0,3,9,0,0,0,4.0,0.0,1.0,0.0,0.0,0.0,,0.0,Relief,1,No,No,Player Team Season
605507,Zach Thompson,144,Atlanta Braves,144,Atlanta Braves,2025,1,Pitcher,2,0,0,0,0,0,0,0,0,0,0,3.2,0,0,0,0,1,0,3,0,12,1,0,3,5,0,0,0,3.6666666666666665,0.0,0.27272727272727276,7.363636363636364,2.4545454545454546,0.0,3.0,0.0,Relief,1,No,No,Player Team Season
677649,Ezequiel Duran,140,Texas Rangers,140,Texas Rangers,2025,6,Shortstop,4,0,4,0,0,0,0,0,0,0,0,3.1,1,0,0,0,0,0,0,0,11,0,0,3,7,0,2,0,3.3333333333333335,0.0,0.3,0.0,0.0,0.0,,0.0,Relief,1,No,No,Player Team Season
682995,Hunter Barco,134,Pittsburgh Pirates,134,Pittsburgh Pirates,2025,1,Pitcher,2,0,0,0,0,1,0,0,0,0,0,3.0,3,0,0,0,0,0,3,0,12,0,0,3,3,0,0,0,3.0,0.0,1.0,9.0,0.0,0.0,,0.0,Relief,1,No,No,Player Team Season
620454,José Castillo,136,Seattle Mariners,136,Seattle Mariners,2025,1,Pitcher,3,0,1,0,0,1,0,0,0,0,0,3.0,3,1,0,0,2,1,1,0,13,0,0,5,2,1,0,0,3.0,0.0,1.6666666666666667,3.0,6.0,0.0,0.5,0.0,Relief,4,Yes,Yes,Player Team Season
605218,Carl Edwards Jr.,140,Texas Rangers,140,Texas Rangers,2025,1,Pitcher,2,0,1,0,0,0,0,0,0,0,0,3.0,0,0,0,0,2,0,4,0,11,0,0,1,4,0,1,0,3.0,0.0,0.6666666666666666,12.0,6.0,0.0,2.0,0.0,Relief,2,Yes,Yes,Player Team Season
642215,Weston Wilson,143,Philadelphia Phillies,143,Philadelphia Phillies,2025,5,Third Base,2,0,2,0,0,0,0,0,0,0,0,3.0,3,0,0,0,0,0,0,0,12,0,0,2,7,0,0,0,3.0,0.0,1.0,0.0,0.0,0.0,,0.0,Relief,1,No,No,Player Team Season
685005,Christian Roa,146,Miami Marlins,146,Miami Marlins,2025,1,Pitcher,2,0,1,0,0,0,0,0,0,0,0,3.0,1,0,0,0,3,0,3,0,12,0,0,3,2,1,0,0,3.0,0.0,1.3333333333333333,9.0,9.0,0.0,1.0,0.0,Relief,1,No,No,Player Team Season
664744,Jose Espada,110,Baltimore Orioles,110,Baltimore Orioles,2025,1,Pitcher,1,0,1,0,0,0,0,0,0,0,0,3.0,1,0,0,0,0,0,4,0,9,0,0,2,2,0,0,0,3.0,0.0,0.3333333333333333,12.0,0.0,0.0,,0.0,Relief,1,No,No,Player Team Season
605242,Michael Fulmer,112,Chicago Cubs,112,Chicago Cubs,2025,1,Pitcher,2,0,0,0,0,0,0,0,0,0,0,3.0,2,0,0,0,0,0,1,0,10,0,0,2,5,1,0,0,3.0,0.0,0.6666666666666666,3.0,0.0,0.0,,0.0,Relief,2,Yes,Yes,Player Team Season
801216,Christian Montes De Oca,109,Arizona Diamondbacks,109,Arizona Diamondbacks,2025,1,Pitcher,1,0,0,0,0,0,0,0,0,0,0,2.2,0,0,0,0,1,0,2,0,9,0,0,3,3,0,0,0,2.6666666666666665,0.0,0.375,6.75,3.375,0.0,2.0,0.0,Relief,1,No,No,Player Team Season
680862,Willie MacIver,133,Athletics,133,Athletics,2025,2,Catcher,2,0,2,0,0,0,0,0,0,0,0,2.0,4,0,0,0,0,0,0,0,10,0,0,5,1,0,0,0,2.0,0.0,2.0,0.0,0.0,0.0,,0.0,Relief,1,No,No,Player Team Season
690382,Michael Darrell-Hicks,134,Pittsburgh Pirates,134,Pittsburgh Pirates,2025,1,Pitcher,1,0,0,0,0,0,0,0,0,0,0,2.0,0,0,0,0,0,0,2,0,5,1,0,2,1,1,2,1,2.0,0.0,0.0,9.0,0.0,0.0,,0.0,Relief,2,Yes,Yes,Player Team Season
675919,Nick Raquet,138,St. Louis Cardinals,138,St. Louis Cardinals,2025,1,Pitcher,2,0,0,0,0,0,0,0,0,0,0,2.0,0,0,0,0,1,0,1,0,7,0,0,2,3,0,2,0,2.0,0.0,0.5,4.5,4.5,0.0,1.0,0.0,Relief,1,No,No,Player Team Season
621114,Ryan Burr,141,Toronto Blue Jays,141,Toronto Blue Jays,2025,1,Pitcher,2,0,0,0,0,1,0,0,0,0,0,2.0,1,0,0,0,1,0,3,0,8,0,0,2,1,0,1,0,2.0,0.0,1.0,13.5,4.5,0.0,3.0,0.0,Relief,1,No,No,Player Team Season
680837,Ryan Fitzgerald,142,Minnesota Twins,142,Minnesota Twins,2025,5,Third Base,2,0,2,0,0,0,0,0,0,0,0,2.0,2,0,0,0,0,0,0,0,8,0,0,1,5,0,0,0,2.0,0.0,1.0,0.0,0.0,0.0,,0.0,Relief,1,No,No,Player Team Season
687166,Austin Pope,109,Arizona Diamondbacks,109,Arizona Diamondbacks,2025,1,Pitcher,1,0,0,0,0,0,0,0,0,0,0,2.0,2,0,0,0,1,0,1,0,9,0,0,3,2,0,0,0,2.0,0.0,1.5,4.5,4.5,0.0,1.0,0.0,Relief,1,No,No,Player Team Season
493603,Adam Ottavino,147,New York Yankees,147,New York Yankees,2025,1,Pitcher,3,0,0,0,0,0,0,0,0,0,0,1.2,0,0,0,0,4,0,3,0,9,0,0,0,2,0,2,0,1.6666666666666665,0.0,2.4000000000000004,16.200000000000003,21.6,0.0,0.75,0.0,Relief,1,No,No,Player Team Season
694359,Niko Kavadas,108,Los Angeles Angels,108,Los Angeles Angels,2025,3,First Base,1,0,1,0,0,0,0,0,0,0,0,1.2,3,0,0,0,1,0,1,0,9,0,0,2,2,0,0,0,1.6666666666666665,0.0,2.4000000000000004,5.4,5.4,0.0,1.0,0.0,Relief,1,No,No,Player Team Season
543391,Casey Kelly,109,Arizona Diamondbacks,109,Arizona Diamondbacks,2025,1,Pitcher,2,0,2,0,0,0,0,0,0,0,0,1.2,1,0,0,0,1,0,0,0,6,1,0,2,2,1,1,0,1.6666666666666665,0.0,1.2000000000000002,0.0,5.4,0.0,0.0,0.0,Relief,1,No,No,Player Team Season
665665,Reiver Sanmartin,113,Cincinnati Reds,113,Cincinnati Reds,2025,1,Pitcher,1,0,0,0,0,0,0,0,0,0,0,1.2,2,1,0,0,1,1,2,0,8,1,0,2,1,0,0,0,1.6666666666666665,0.0,1.8000000000000003,10.8,5.4,0.0,2.0,0.0,Relief,1,No,No,Player Team Season
621512,Tomás Nido,116,Detroit Tigers,116,Detroit Tigers,2025,2,Catcher,1,0,1,0,0,0,0,0,0,0,0,1.2,0,0,0,0,0,0,0,1,6,0,0,2,3,0,1,1,1.6666666666666665,0.0,0.0,0.0,0.0,0.0,,0.0,Relief,1,No,No,Player Team Season
646242,Jhonathan Díaz,136,Seattle Mariners,136,Seattle Mariners,2025,1,Pitcher,1,0,1,0,0,0,0,0,0,0,0,1.1,1,0,0,0,0,0,1,0,5,0,0,0,3,0,0,0,1.3333333333333333,0.0,0.75,6.75,0.0,0.0,,0.0,Relief,1,No,No,Player Team Season
450203,Charlie Morton,144,Atlanta Braves,144,Atlanta Braves,2025,1,Pitcher,1,1,0,0,0,0,0,0,0,0,0,1.1,2,0,0,0,1,0,1,0,6,0,0,1,1,1,0,0,1.3333333333333333,0.0,2.25,6.75,6.75,0.0,1.0,1.0,Starter,3,Yes,Yes,Player Team Season
650671,José Quijada,108,Los Angeles Angels,108,Los Angeles Angels,2025,1,Pitcher,2,0,0,0,0,0,0,0,0,1,0,1.1,1,0,0,0,2,0,3,0,8,0,0,1,1,0,0,0,1.3333333333333333,0.0,2.25,20.25,13.5,0.0,1.5,0.0,Relief,1,No,No,Player Team Season
669707,Jared Triolo,134,Pittsburgh Pirates,134,Pittsburgh Pirates,2025,6,Shortstop,1,0,1,0,0,0,0,0,0,0,0,1.0,3,2,0,1,1,0,0,0,8,0,0,1,3,0,0,0,1.0,0.0,4.0,0.0,9.0,9.0,0.0,0.0,Relief,1,No,No,Player Team Season
670156,Miles Mastrobuoni,136,Seattle Mariners,136,Seattle Mariners,2025,5,Third Base,1,0,1,0,0,0,0,0,0,0,0,1.0,1,0,0,0,2,0,0,0,6,0,0,1,2,0,0,0,1.0,0.0,3.0,0.0,18.0,0.0,0.0,0.0,Relief,1,No,No,Player Team Season
660844,Leo Rivas,136,Seattle Mariners,136,Seattle Mariners,2025,5,Third Base,1,0,1,0,0,0,0,0,0,0,0,1.0,3,0,0,0,1,0,0,0,6,0,0,1,1,1,0,0,1.0,0.0,4.0,0.0,9.0,0.0,0.0,0.0,Relief,1,No,No,Player Team Season
676475,Alec Burleson,138,St. Louis Cardinals,138,St. Louis Cardinals,2025,3,First Base,1,0,1,0,0,0,0,0,0,0,0,1.0,1,0,0,0,0,0,0,1,4,0,0,1,1,1,0,0,1.0,0.0,1.0,0.0,0.0,0.0,,0.0,Relief,1,No,No,Player Team Season
641658,Garrett Hampson,138,St. Louis Cardinals,138,St. Louis Cardinals,2025,4,Second Base,1,0,1,0,0,0,0,0,0,0,0,1.0,0,0,0,0,0,0,0,0,3,0,0,2,1,0,0,0,1.0,0.0,0.0,0.0,0.0,0.0,,0.0,Relief,1,No,No,Player Team Season
670183,Garrett Acton,139,Tampa Bay Rays,139,Tampa Bay Rays,2025,1,Pitcher,1,0,1,0,0,0,0,0,0,0,0,1.0,0,0,0,0,2,0,0,0,5,1,0,0,3,0,0,0,1.0,0.0,2.0,0.0,18.0,0.0,0.0,0.0,Relief,1,No,No,Player Team Season
683021,Michael Stefanic,141,Toronto Blue Jays,141,Toronto Blue Jays,2025,4,Second Base,1,0,1,0,0,0,0,0,0,0,0,1.0,0,0,0,0,0,0,0,0,3,0,0,0,3,0,0,0,1.0,0.0,0.0,0.0,0.0,0.0,,0.0,Relief,1,No,No,Player Team Season
643361,Kevin Herget,144,Atlanta Braves,144,Atlanta Braves,2025,1,Pitcher,1,0,1,0,0,0,0,0,0,0,0,1.0,1,0,0,0,2,0,0,0,6,1,0,2,1,0,0,0,1.0,0.0,3.0,0.0,18.0,0.0,0.0,0.0,Relief,2,Yes,Yes,Player Team Season
518886,Craig Kimbrel,144,Atlanta Braves,144,Atlanta Braves,2025,1,Pitcher,1,0,0,0,0,0,0,0,0,0,0,1.0,1,0,0,0,1,0,1,0,3,0,0,0,0,0,0,0,1.0,0.0,2.0,9.0,9.0,0.0,1.0,0.0,Relief,2,Yes,Yes,Player Team Season
676070,Jacob Amaya,145,Chicago White Sox,145,Chicago White Sox,2025,6,Shortstop,1,0,1,0,0,0,0,0,0,0,0,1.0,0,0,0,0,0,0,0,0,3,0,0,0,3,0,2,1,1.0,0.0,0.0,0.0,0.0,0.0,,0.0,Relief,1,No,No,Player Team Season
678011,Anthony Seigler,158,Milwaukee Brewers,158,Milwaukee Brewers,2025,4,Second Base,1,0,1,0,0,0,0,0,0,0,0,1.0,1,0,0,0,0,0,0,0,4,0,0,0,3,0,0,0,1.0,0.0,1.0,0.0,0.0,0.0,,0.0,Relief,1,No,No,Player Team Season
669722,Logan Davidson,108,Los Angeles Angels,108,Los Angeles Angels,2025,3,First Base,1,0,1,0,0,0,0,0,0,0,0,1.0,0,0,0,0,0,0,1,0,3,0,0,0,2,0,0,0,1.0,0.0,0.0,9.0,0.0,0.0,,0.0,Relief,1,No,No,Player Team Season
681987,Nate Eaton,111,Boston Red Sox,111,Boston Red Sox,2025,7,Outfielder,1,0,1,0,0,0,0,0,0,0,0,1.0,2,0,0,0,0,0,0,0,4,0,0,1,1,1,0,0,1.0,0.0,2.0,0.0,0.0,0.0,,0.0,Relief,1,No,No,Player Team Season
676701,Alan Trejo,115,Colorado Rockies,115,Colorado Rockies,2025,6,Shortstop,1,0,1,0,0,0,0,0,0,0,0,1.0,1,0,0,0,0,0,0,0,3,0,0,2,0,1,0,0,1.0,0.0,1.0,0.0,0.0,0.0,,0.0,Relief,1,No,No,Player Team Season
656638,Alex Lange,116,Detroit Tigers,116,Detroit Tigers,2025,1,Pitcher,1,0,1,0,0,0,0,0,0,0,0,1.0,2,0,0,0,1,0,1,0,6,0,0,0,2,0,0,0,1.0,0.0,3.0,9.0,9.0,0.0,1.0,0.0,Relief,1,No,No,Player Team Season
663967,César Salazar,117,Houston Astros,117,Houston Astros,2025,2,Catcher,1,0,1,0,0,0,0,0,0,0,0,1.0,0,0,0,0,0,0,0,1,4,0,0,0,3,0,0,0,1.0,0.0,0.0,0.0,0.0,0.0,,0.0,Relief,1,No,No,Player Team Season
571912,Luke Maile,118,Kansas City Royals,118,Kansas City Royals,2025,2,Catcher,1,0,1,0,0,0,0,0,0,0,0,1.0,0,0,0,0,1,0,0,0,4,0,0,1,2,0,0,0,1.0,0.0,1.0,0.0,9.0,0.0,0.0,0.0,Relief,1,No,No,Player Team Season
687589,Dom Hamel,121,New York Mets,121,New York Mets,2025,1,Pitcher,1,0,0,0,0,0,0,0,0,0,0,1.0,3,0,0,0,0,0,0,1,6,0,0,1,1,0,0,0,1.0,0.0,3.0,0.0,0.0,0.0,,0.0,Relief,1,No,No,Player Team Season
643396,Isiah Kiner-Falefa,141,Toronto Blue Jays,141,Toronto Blue Jays,2025,4,Second Base,1,0,1,0,0,0,0,0,0,0,0,0.2,0,0,0,0,0,0,0,0,2,0,0,0,2,0,2,0,0.6666666666666666,0.0,0.0,0.0,0.0,0.0,,0.0,Relief,1,No,No,Player Team Season
596103,Austin Slater,147,New York Yankees,147,New York Yankees,2025,9,Outfielder,1,0,1,0,0,0,0,0,0,0,0,0.2,1,0,0,0,0,0,0,0,3,0,0,2,0,0,0,0,0.6666666666666666,0.0,1.5,0.0,0.0,0.0,,0.0,Relief,1,No,No,Player Team Season
670032,Nicky Lopez,108,Los Angeles Angels,108,Los Angeles Angels,2025,4,Second Base,1,0,1,0,0,0,0,0,0,0,0,0.1,0,0,0,0,1,0,0,0,2,0,0,0,1,0,0,0,0.3333333333333333,0.0,3.0,0.0,27.0,0.0,0.0,0.0,Relief,1,No,No,Player Team Season
656716,Zach McKinstry,116,Detroit Tigers,116,Detroit Tigers,2025,9,Outfielder,1,0,1,0,0,0,0,0,0,0,0,0.1,0,0,0,0,0,0,0,0,1,0,0,1,0,0,1,0,0.3333333333333333,0.0,0.0,0.0,0.0,0.0,,0.0,Relief,1,No,No,Player Team Season
676724,Jared Young,121,New York Mets,121,New York Mets,2025,3,First Base,1,0,1,0,0,0,0,0,0,0,0,0.1,1,0,0,0,1,0,0,0,3,0,0,0,1,0,0,0,0.3333333333333333,0.0,6.0,0.0,27.0,0.0,0.0,0.0,Relief,1,No,No,Player Team Season
664875,Justin Lawrence,134,Pittsburgh Pirates,134,Pittsburgh Pirates,2025,1,Pitcher,17,0,3,0,0,1,0,0,1,6,1,17.2,9,1,1,0,8,2,23,2,69,2,0,14,13,2,3,1,17.666666666666668,0.5094339622641509,0.9622641509433961,11.716981132075471,4.0754716981132075,0.0,2.875,0.0,Relief,1,No,No,Player Team Season
621111,Walker Buehler,143,Philadelphia Phillies,143,Philadelphia Phillies,2025,1,Pitcher,3,2,0,0,0,3,0,0,0,0,0,13.2,10,1,1,0,6,0,8,2,57,0,0,8,23,0,0,0,13.666666666666666,0.6585365853658537,1.1707317073170733,5.2682926829268295,3.951219512195122,0.0,1.3333333333333333,0.6666666666666666,Swing,2,Yes,Yes,Player Team Season
641755,Tyler Kinley,144,Atlanta Braves,144,Atlanta Braves,2025,1,Pitcher,24,0,5,0,0,5,0,0,0,6,0,25.0,11,2,2,1,6,0,22,1,94,1,1,16,38,0,3,0,25.0,0.72,0.68,7.92,2.16,0.36,3.6666666666666665,0.0,Relief,2,Yes,Yes,Player Team Season
695243,Mason Miller,135,San Diego Padres,135,San Diego Padres,2025,1,Pitcher,22,0,5,0,0,0,0,2,3,10,1,23.1,7,2,2,1,10,0,45,0,83,0,0,11,10,3,10,2,23.333333333333332,0.7714285714285715,0.7285714285714286,17.357142857142858,3.857142857142857,0.38571428571428573,4.5,0.0,Relief,1,No,No,Player Team Season
676760,Ron Marinaccio,135,San Diego Padres,135,San Diego Padres,2025,1,Pitcher,7,0,3,0,0,0,0,0,0,0,0,10.2,6,1,1,0,4,0,12,0,42,0,0,8,12,0,3,0,10.666666666666666,0.84375,0.9375,10.125,3.375,0.0,3.0,0.0,Relief,1,No,No,Player Team Season
472610,Luis García,120,Washington Nationals,120,Washington Nationals,2025,1,Pitcher,10,0,1,0,0,0,0,0,0,3,0,10.0,5,1,1,1,2,0,7,0,33,1,0,13,6,4,3,1,10.0,0.9,0.7,6.3,1.8,0.9,3.5,0.0,Relief,3,Yes,Yes,Player Team Season
681810,Austin Warren,121,New York Mets,121,New York Mets,2025,1,Pitcher,5,0,1,0,0,1,0,0,0,0,0,9.1,5,1,1,1,4,0,9,0,34,0,0,7,9,2,6,1,9.333333333333334,0.9642857142857142,0.9642857142857142,8.678571428571429,3.8571428571428568,0.9642857142857142,2.25,0.0,Relief,1,No,No,Player Team Season
647336,Michael Soroka,112,Chicago Cubs,112,Chicago Cubs,2025,1,Pitcher,6,1,1,0,0,0,0,0,0,1,0,8.1,4,5,1,1,5,0,8,1,36,0,0,12,6,0,0,0,8.333333333333334,1.0799999999999998,1.0799999999999998,8.639999999999999,5.3999999999999995,1.0799999999999998,1.6,0.16666666666666666,Swing,2,Yes,Yes,Player Team Season
543056,Danny Coulombe,142,Minnesota Twins,142,Minnesota Twins,2025,1,Pitcher,40,1,7,0,0,1,0,2,2,8,0,31.0,21,4,4,0,9,0,31,0,122,1,0,24,37,1,24,4,31.0,1.1612903225806452,0.967741935483871,9.0,2.6129032258064515,0.0,3.4444444444444446,0.025,Swing,2,Yes,Yes,Player Team Season
547973,Aroldis Chapman,111,Boston Red Sox,111,Boston Red Sox,2025,1,Pitcher,67,0,43,0,0,5,3,32,34,4,2,61.1,28,9,8,3,15,0,85,0,228,6,0,38,62,2,10,0,61.333333333333336,1.1739130434782608,0.7010869565217391,12.472826086956522,2.2010869565217392,0.4402173913043478,5.666666666666667,0.0,Relief,1,No,No,Player Team Season
699134,Bradgley Rodriguez,135,San Diego Padres,135,San Diego Padres,2025,1,Pitcher,7,0,3,0,0,1,0,0,0,0,0,7.2,4,1,1,0,3,1,9,3,31,0,0,7,5,2,4,1,7.666666666666667,1.1739130434782608,0.9130434782608695,10.565217391304348,3.5217391304347823,0.0,3.0,0.0,Relief,1,No,No,Player Team Season
689520,Cody Laweryson,142,Minnesota Twins,142,Minnesota Twins,2025,1,Pitcher,5,0,2,0,0,0,1,0,0,0,0,7.2,4,2,1,0,0,0,7,0,26,0,0,7,8,1,0,0,7.666666666666667,1.1739130434782608,0.5217391304347826,8.217391304347826,0.0,0.0,,0.0,Relief,1,No,No,Player Team Season
685314,Andrew Saalfrank,109,Arizona Diamondbacks,109,Arizona Diamondbacks,2025,1,Pitcher,28,0,10,0,0,2,1,3,5,5,2,29.0,19,5,4,1,10,1,19,0,113,2,0,30,35,2,18,10,29.0,1.2413793103448276,1.0,5.896551724137931,3.103448275862069,0.3103448275862069,1.9,0.0,Relief,1,No,No,Player Team Season
679883,Luinder Avila,118,Kansas City Royals,118,Kansas City Royals,2025,1,Pitcher,13,0,9,0,0,1,1,0,0,0,0,14.0,7,2,2,0,6,0,16,0,56,0,0,15,12,0,2,0,14.0,1.2857142857142858,0.9285714285714286,10.285714285714286,3.857142857142857,0.0,2.6666666666666665,0.0,Relief,1,No,No,Player Team Season
657756,Connor Seabold,139,Tampa Bay Rays,139,Tampa Bay Rays,2025,1,Pitcher,3,0,3,0,0,0,0,0,0,0,0,6.2,7,1,1,0,3,0,5,0,29,0,0,3,11,0,2,2,6.666666666666667,1.3499999999999999,1.5,6.75,4.05,0.0,1.6666666666666667,0.0,Relief,2,Yes,Yes,Player Team Season
691441,Cristian Mena,109,Arizona Diamondbacks,109,Arizona Diamondbacks,2025,1,Pitcher,3,0,0,0,0,1,0,0,1,0,1,6.2,3,1,1,1,3,0,8,0,26,1,0,8,4,0,3,0,6.666666666666667,1.3499999999999999,0.8999999999999999,10.799999999999999,4.05,1.3499999999999999,2.6666666666666665,0.0,Relief,1,No,No,Player Team Season
681916,Dylan Smith,116,Detroit Tigers,116,Detroit Tigers,2025,1,Pitcher,7,0,5,0,0,1,0,0,0,0,0,13.0,6,2,2,0,5,0,4,3,48,0,0,17,13,4,5,0,13.0,1.3846153846153846,0.8461538461538461,2.769230769230769,3.4615384615384617,0.0,0.8,0.0,Relief,1,No,No,Player Team Season
669062,Erik Miller,137,San Francisco Giants,137,San Francisco Giants,2025,1,Pitcher,36,0,2,0,0,4,1,0,2,10,2,30.0,24,5,5,0,20,4,22,3,128,1,0,32,27,6,18,6,30.0,1.5,1.4666666666666666,6.6,6.0,0.0,1.1,0.0,Relief,1,No,No,Player Team Season
640448,Kyle Finnegan,116,Detroit Tigers,116,Detroit Tigers,2025,1,Pitcher,16,0,4,0,0,3,0,4,5,3,1,18.0,9,3,3,1,4,0,23,0,66,1,0,18,11,2,9,3,18.0,1.5,0.7222222222222222,11.5,2.0,0.5,5.75,0.0,Relief,1,No,No,Player Team Season
668390,Cole Winn,140,Texas Rangers,140,Texas Rangers,2025,1,Pitcher,33,0,10,0,0,0,1,0,0,4,0,41.2,23,8,7,3,17,2,35,4,162,1,0,44,39,4,20,4,41.666666666666664,1.512,0.9600000000000001,7.5600000000000005,3.672,0.648,2.0588235294117645,0.0,Relief,1,No,No,Player Team Season
681151,Jayden Murray,117,Houston Astros,117,Houston Astros,2025,1,Pitcher,9,1,2,0,0,0,0,0,0,2,0,11.2,10,2,2,0,3,0,8,0,47,0,0,9,17,0,6,2,11.666666666666666,1.542857142857143,1.1142857142857143,6.171428571428572,2.3142857142857145,0.0,2.6666666666666665,0.1111111111111111,Swing,1,No,No,Player Team Season
690544,Bailey Horn,116,Detroit Tigers,116,Detroit Tigers,2025,1,Pitcher,10,0,2,0,0,0,1,0,0,0,0,11.1,11,2,2,1,7,0,10,0,50,1,0,10,12,1,8,4,11.333333333333334,1.588235294117647,1.588235294117647,7.941176470588235,5.5588235294117645,0.7941176470588235,1.4285714285714286,0.0,Relief,1,No,No,Player Team Season
621242,Edwin Díaz,121,New York Mets,121,New York Mets,2025,1,Pitcher,62,0,48,0,0,6,3,28,31,0,3,66.1,37,14,12,4,21,0,98,8,258,7,0,47,47,2,15,6,66.33333333333333,1.628140703517588,0.8743718592964824,13.296482412060302,2.849246231155779,0.542713567839196,4.666666666666667,0.0,Relief,1,No,No,Player Team Season
681217,Chase Silseth,108,Los Angeles Angels,108,Los Angeles Angels,2025,1,Pitcher,10,0,0,0,0,0,0,0,0,1,0,11.0,10,2,2,1,6,1,13,1,49,1,0,10,9,0,5,4,11.0,1.6363636363636365,1.4545454545454546,10.636363636363637,4.909090909090909,0.8181818181818182,2.1666666666666665,0.0,Relief,1,No,No,Player Team Season
621345,A.J. Minter,121,New York Mets,121,New York Mets,2025,1,Pitcher,13,0,1,0,0,0,0,0,0,7,0,11.0,6,2,2,0,5,0,14,0,44,0,1,10,9,0,2,1,11.0,1.6363636363636365,1.0,11.454545454545455,4.090909090909091,0.0,2.8,0.0,Relief,1,No,No,Player Team Season
682842,Abner Uribe,158,Milwaukee Brewers,158,Milwaukee Brewers,2025,1,Pitcher,75,0,15,0,0,3,2,7,9,37,2,75.1,51,18,14,4,27,2,90,6,298,5,1,77,47,9,10,4,75.33333333333333,1.672566371681416,1.0353982300884956,10.752212389380531,3.2256637168141595,0.4778761061946903,3.3333333333333335,0.0,Relief,1,No,No,Player Team Season
805123,AJ Blubaugh,117,Houston Astros,117,Houston Astros,2025,1,Pitcher,11,3,2,0,0,3,1,0,1,0,1,32.0,17,11,6,6,11,0,35,0,124,0,0,23,38,1,3,0,32.0,1.6875,0.875,9.84375,3.09375,1.6875,3.1818181818181817,0.2727272727272727,Swing,1,No,No,Player Team Season
677976,Randy Dobnak,142,Minnesota Twins,142,Minnesota Twins,2025,1,Pitcher,1,0,1,0,0,0,0,0,0,0,0,5.1,2,1,1,1,2,0,1,0,19,0,0,8,6,1,1,0,5.333333333333333,1.6875,0.75,1.6875,3.375,1.6875,0.5,0.0,Relief,1,No,No,Player Team Season
670766,Darren McCaughan,142,Minnesota Twins,142,Minnesota Twins,2025,1,Pitcher,3,0,1,0,0,0,0,0,0,1,0,5.1,5,1,1,0,1,0,6,0,23,0,0,2,9,0,1,0,5.333333333333333,1.6875,1.125,10.125,1.6875,0.0,6.0,0.0,Relief,1,No,No,Player Team Season
681895,Evan Sisk,118,Kansas City Royals,118,Kansas City Royals,2025,1,Pitcher,5,0,1,0,0,0,0,0,0,0,0,5.1,5,1,1,0,5,0,11,0,26,1,1,2,3,0,3,0,5.333333333333333,1.6875,1.875,18.5625,8.4375,0.0,2.2,0.0,Relief,2,Yes,Yes,Player Team Season
669704,Kade Strowd,110,Baltimore Orioles,110,Baltimore Orioles,2025,1,Pitcher,25,0,6,0,0,0,1,0,0,5,0,26.1,16,6,5,1,13,0,24,1,105,2,0,28,23,4,6,0,26.333333333333332,1.7088607594936709,1.1012658227848102,8.202531645569621,4.443037974683545,0.34177215189873417,1.8461538461538463,0.0,Relief,1,No,No,Player Team Season
543135,Nathan Eovaldi,140,Texas Rangers,140,Texas Rangers,2025,1,Pitcher,22,22,0,1,1,11,3,0,0,0,0,130.0,90,28,25,10,21,1,129,7,496,6,0,153,95,14,0,0,130.0,1.7307692307692308,0.8538461538461538,8.930769230769231,1.4538461538461538,0.6923076923076923,6.142857142857143,1.0,Starter,1,No,No,Player Team Season
662253,Andrés Muñoz,136,Seattle Mariners,136,Seattle Mariners,2025,1,Pitcher,64,0,47,0,0,3,3,38,45,0,7,62.1,36,18,12,2,28,3,83,4,254,7,0,57,45,3,4,0,62.333333333333336,1.732620320855615,1.0267379679144384,11.983957219251337,4.042780748663102,0.2887700534759358,2.9642857142857144,0.0,Relief,1,No,No,Player Team Season
656794,Sean Newcomb,133,Athletics,133,Athletics,2025,1,Pitcher,36,0,6,0,0,2,1,2,2,4,0,51.1,39,12,10,2,14,2,50,3,201,0,0,48,47,6,17,6,51.333333333333336,1.7532467532467533,1.0324675324675323,8.766233766233766,2.4545454545454546,0.35064935064935066,3.5714285714285716,0.0,Relief,2,Yes,Yes,Player Team Season
678495,Randy Rodríguez,137,San Francisco Giants,137,San Francisco Giants,2025,1,Pitcher,50,0,15,0,0,3,5,4,7,13,3,50.2,34,12,10,4,11,0,67,4,198,2,0,34,48,3,27,10,50.666666666666664,1.7763157894736843,0.8881578947368421,11.901315789473685,1.9539473684210527,0.7105263157894737,6.090909090909091,0.0,Relief,1,No,No,Player Team Season
701656,Logan Henderson,158,Milwaukee Brewers,158,Milwaukee Brewers,2025,1,Pitcher,5,5,0,0,0,3,0,0,0,0,0,25.1,17,5,5,3,8,0,33,0,99,0,0,10,31,1,0,0,25.333333333333332,1.7763157894736843,0.986842105263158,11.723684210526317,2.8421052631578947,1.0657894736842106,4.125,1.0,Starter,1,No,No,Player Team Season
643511,Tyler Rogers,137,San Francisco Giants,137,San Francisco Giants,2025,1,Pitcher,53,0,9,0,0,4,3,0,1,20,1,50.0,39,11,10,3,4,0,38,0,188,0,0,73,34,2,7,2,50.0,1.8,0.86,6.84,0.72,0.54,9.5,0.0,Relief,2,Yes,Yes,Player Team Season
686790,Trevor McDonald,137,San Francisco Giants,137,San Francisco Giants,2025,1,Pitcher,3,2,0,0,0,1,0,0,0,0,0,15.0,13,6,3,1,2,0,14,0,60,1,0,18,13,1,0,0,15.0,1.8,1.0,8.4,1.2,0.6,7.0,0.6666666666666666,Swing,1,No,No,Player Team Season
669432,Trevor Rogers,110,Baltimore Orioles,110,Baltimore Orioles,2025,1,Pitcher,18,18,0,1,0,9,3,0,0,0,0,109.2,70,23,22,6,29,0,103,2,423,0,1,108,111,9,0,0,109.66666666666667,1.8054711246200608,0.9027355623100304,8.45288753799392,2.3799392097264436,0.4924012158054711,3.5517241379310347,1.0,Starter,1,No,No,Player Team Season
681870,Erik Sabrowski,114,Cleveland Guardians,114,Cleveland Guardians,2025,1,Pitcher,33,0,3,0,0,0,1,0,0,12,0,29.1,14,8,6,2,21,0,42,3,121,0,0,12,29,2,16,1,29.333333333333332,1.840909090909091,1.1931818181818181,12.886363636363637,6.443181818181818,0.6136363636363636,2.0,0.0,Relief,1,No,No,Player Team Season
660761,José Suarez,144,Atlanta Braves,144,Atlanta Braves,2025,1,Pitcher,7,1,2,0,0,2,0,1,1,1,0,19.1,15,5,4,1,10,1,16,0,81,0,0,23,17,1,1,0,19.333333333333332,1.8620689655172415,1.293103448275862,7.448275862068966,4.655172413793104,0.4655172413793104,1.6,0.14285714285714285,Swing,1,No,No,Player Team Season
663568,Stephen Kolek,118,Kansas City Royals,118,Kansas City Royals,2025,1,Pitcher,5,5,0,0,0,1,2,0,0,0,0,33.0,20,9,7,1,5,0,21,0,125,0,0,47,32,2,0,0,33.0,1.9090909090909092,0.7575757575757576,5.7272727272727275,1.3636363636363635,0.2727272727272727,4.2,1.0,Starter,2,Yes,Yes,Player Team Season
656240,Scott Blewett,142,Minnesota Twins,142,Minnesota Twins,2025,1,Pitcher,2,0,2,0,0,0,0,0,0,0,0,4.2,4,1,1,0,0,0,5,1,19,0,0,3,6,0,2,0,4.666666666666667,1.9285714285714284,0.8571428571428571,9.642857142857142,0.0,0.0,,0.0,Relief,3,Yes,Yes,Player Team Season
592094,Jason Adam,135,San Diego Padres,135,San Diego Padres,2025,1,Pitcher,65,0,4,0,0,8,4,0,2,29,2,65.1,50,18,14,4,25,3,70,3,270,3,0,54,67,5,13,6,65.33333333333333,1.9285714285714286,1.1479591836734695,9.642857142857144,3.4438775510204085,0.5510204081632654,2.8,0.0,Relief,1,No,No,Player Team Season
694335,Matt Svanson,138,St. Louis Cardinals,138,St. Louis Cardinals,2025,1,Pitcher,39,0,10,0,0,4,0,0,0,5,0,60.1,33,14,13,3,20,0,68,4,234,1,0,49,60,4,26,13,60.333333333333336,1.9392265193370164,0.8784530386740331,10.143646408839778,2.983425414364641,0.4475138121546961,3.4,0.0,Relief,1,No,No,Player Team Season
694973,Paul Skenes,134,Pittsburgh Pirates,134,Pittsburgh Pirates,2025,1,Pitcher,32,32,0,1,0,10,10,0,0,0,0,187.2,136,45,41,11,42,0,216,6,733,2,0,167,166,13,0,0,187.66666666666666,1.9662522202486679,0.9484902309058615,10.35879218472469,2.0142095914742453,0.5275310834813499,5.142857142857143,1.0,Starter,1,No,No,Player Team Season
605177,Andrew Chafin,108,Los Angeles Angels,108,Los Angeles Angels,2025,1,Pitcher,16,0,3,0,0,0,0,0,0,1,0,13.2,9,3,3,1,7,0,18,0,55,3,0,10,11,1,9,3,13.666666666666666,1.975609756097561,1.1707317073170733,11.853658536585366,4.609756097560976,0.6585365853658537,2.5714285714285716,0.0,Relief,2,Yes,Yes,Player Team Season
642121,Cole Sulser,139,Tampa Bay Rays,139,Tampa Bay Rays,2025,1,Pitcher,18,0,11,0,0,2,1,0,1,0,1,22.2,20,5,5,1,7,1,22,0,90,0,0,19,22,4,5,0,22.666666666666668,1.9852941176470587,1.1911764705882353,8.735294117647058,2.7794117647058822,0.39705882352941174,3.142857142857143,0.0,Relief,1,No,No,Player Team Season
667297,Tommy Nance,141,Toronto Blue Jays,141,Toronto Blue Jays,2025,1,Pitcher,30,0,9,0,0,2,0,0,0,5,0,31.2,25,11,7,0,7,0,32,1,126,1,0,36,25,5,12,4,31.666666666666668,1.9894736842105263,1.0105263157894737,9.094736842105263,1.9894736842105263,0.0,4.571428571428571,0.0,Relief,1,No,No,Player Team Season
472610,Luis García,108,Los Angeles Angels,108,Los Angeles Angels,2025,1,Pitcher,20,0,2,0,0,0,2,2,2,7,0,18.0,16,5,4,0,8,1,17,0,74,2,0,16,17,5,3,1,18.0,2.0,1.3333333333333333,8.5,4.0,0.0,2.125,0.0,Relief,3,Yes,Yes,Player Team Season
642152,Lou Trivino III,143,Philadelphia Phillies,143,Philadelphia Phillies,2025,1,Pitcher,10,0,7,0,0,0,1,0,0,0,0,9.0,6,3,2,0,5,0,8,1,38,1,0,4,14,1,5,0,9.0,2.0,1.2222222222222223,8.0,5.0,0.0,1.6,0.0,Relief,3,Yes,Yes,Player Team Season
686973,Louis Varland,142,Minnesota Twins,142,Minnesota Twins,2025,1,Pitcher,51,0,7,0,0,3,3,0,1,17,1,49.0,41,14,11,3,13,1,47,2,197,0,0,62,32,3,16,5,49.0,2.020408163265306,1.1020408163265305,8.63265306122449,2.3877551020408165,0.5510204081632653,3.6153846153846154,0.0,Relief,2,Yes,Yes,Player Team Season
663671,Nic Enright,114,Cleveland Guardians,114,Cleveland Guardians,2025,1,Pitcher,27,0,8,0,0,2,1,1,2,3,1,31.0,24,8,7,3,12,0,30,2,127,0,1,20,39,1,14,5,31.0,2.032258064516129,1.1612903225806452,8.709677419354838,3.4838709677419355,0.8709677419354839,2.5,0.0,Relief,1,No,No,Player Team Season
623352,Josh Hader,117,Houston Astros,117,Houston Astros,2025,1,Pitcher,48,0,41,0,0,6,2,28,29,0,1,52.2,29,16,12,8,16,1,76,2,206,2,0,20,62,0,3,0,52.666666666666664,2.0506329113924053,0.8544303797468354,12.987341772151899,2.7341772151898733,1.3670886075949367,4.75,0.0,Relief,1,No,No,Player Team Season
676617,Riley O'Brien,138,St. Louis Cardinals,138,St. Louis Cardinals,2025,1,Pitcher,42,0,15,0,0,3,1,6,9,6,3,48.0,33,13,11,2,22,2,45,7,199,3,0,57,35,6,10,3,48.0,2.0625,1.1458333333333333,8.4375,4.125,0.375,2.0454545454545454,0.0,Relief,1,No,No,Player Team Season
690997,Nolan McLean,121,New York Mets,121,New York Mets,2025,1,Pitcher,8,8,0,0,0,5,1,0,0,0,0,48.0,34,13,11,4,16,0,57,2,188,2,0,54,25,4,0,0,48.0,2.0625,1.0416666666666667,10.6875,3.0,0.75,3.5625,1.0,Starter,1,No,No,Player Team Season
668941,JoJo Romero,138,St. Louis Cardinals,138,St. Louis Cardinals,2025,1,Pitcher,65,0,16,0,0,4,6,8,9,24,1,61.0,47,21,14,2,29,5,55,2,255,2,0,72,49,6,26,3,61.0,2.0655737704918034,1.2459016393442623,8.114754098360656,4.278688524590164,0.29508196721311475,1.896551724137931,0.0,Relief,1,No,No,Player Team Season
641745,Brad Keller,112,Chicago Cubs,112,Chicago Cubs,2025,1,Pitcher,68,1,12,0,0,4,2,3,6,25,3,69.2,45,18,16,4,22,0,75,6,276,1,0,75,53,8,13,3,69.66666666666667,2.066985645933014,0.9617224880382774,9.688995215311005,2.8421052631578947,0.5167464114832535,3.409090909090909,0.014705882352941176,Swing,1,No,No,Player Team Season
670970,Adrian Morejon,135,San Diego Padres,135,San Diego Padres,2025,1,Pitcher,75,0,9,0,0,13,6,3,7,20,4,73.2,49,23,17,2,17,3,70,0,286,2,0,89,61,6,45,5,73.66666666666667,2.0769230769230766,0.8959276018099547,8.552036199095022,2.0769230769230766,0.24434389140271492,4.117647058823529,0.0,Relief,1,No,No,Player Team Season
571927,Steven Matz,111,Boston Red Sox,111,Boston Red Sox,2025,1,Pitcher,21,0,2,0,0,0,0,1,2,6,1,21.2,17,6,5,4,2,0,12,1,82,1,0,29,21,2,14,5,21.666666666666668,2.0769230769230766,0.8769230769230769,4.984615384615385,0.8307692307692307,1.6615384615384614,6.0,0.0,Relief,2,Yes,Yes,Player Team Season
655889,Manuel Rodríguez,139,Tampa Bay Rays,139,Tampa Bay Rays,2025,1,Pitcher,31,0,4,0,0,1,2,0,0,11,0,30.1,26,9,7,2,6,0,25,1,121,1,0,42,21,4,14,6,30.333333333333332,2.076923076923077,1.054945054945055,7.417582417582418,1.7802197802197803,0.5934065934065934,4.166666666666667,0.0,Relief,1,No,No,Player Team Season
650644,Aaron Civale,112,Chicago Cubs,112,Chicago Cubs,2025,1,Pitcher,5,0,2,0,0,1,0,1,1,0,0,13.0,7,3,3,3,0,0,14,3,50,0,0,11,15,0,0,0,13.0,2.076923076923077,0.5384615384615384,9.692307692307692,0.0,2.076923076923077,,0.0,Relief,3,Yes,Yes,Player Team Season
680702,Joey Gerber,139,Tampa Bay Rays,139,Tampa Bay Rays,2025,1,Pitcher,2,0,1,0,0,0,0,0,0,0,0,4.1,3,1,1,1,0,0,4,0,15,0,0,4,4,1,2,0,4.333333333333333,2.076923076923077,0.6923076923076924,8.307692307692308,0.0,2.076923076923077,,0.0,Relief,1,No,No,Player Team Season
605288,Adrian Houser,145,Chicago White Sox,145,Chicago White Sox,2025,1,Pitcher,11,11,0,0,0,6,2,0,0,0,0,68.2,62,19,16,3,22,0,47,1,275,3,1,76,67,10,0,0,68.66666666666667,2.0970873786407767,1.2233009708737863,6.160194174757281,2.8834951456310676,0.3932038834951456,2.1363636363636362,1.0,Starter,2,Yes,Yes,Player Team Season
670329,Rico Garcia,121,New York Mets,121,New York Mets,2025,1,Pitcher,8,0,4,0,0,0,0,0,0,1,0,12.2,7,3,3,1,2,0,16,0,47,1,0,9,13,0,4,1,12.666666666666666,2.1315789473684212,0.7105263157894737,11.368421052631579,1.4210526315789473,0.7105263157894737,8.0,0.0,Relief,3,Yes,Yes,Player Team Season
676879,Aaron Ashby,158,Milwaukee Brewers,158,Milwaukee Brewers,2025,1,Pitcher,43,1,9,0,0,5,2,3,3,6,0,66.2,54,16,16,3,24,0,76,4,270,6,0,79,32,9,22,5,66.66666666666667,2.1599999999999997,1.17,10.26,3.2399999999999998,0.40499999999999997,3.1666666666666665,0.023255813953488372,Swing,1,No,No,Player Team Season
606965,Chris Devenski,121,New York Mets,121,New York Mets,2025,1,Pitcher,13,1,7,0,0,0,0,0,0,2,0,16.2,10,4,4,1,5,0,14,2,65,0,0,18,16,1,6,3,16.666666666666668,2.1599999999999997,0.8999999999999999,7.56,2.6999999999999997,0.5399999999999999,2.8,0.07692307692307693,Swing,1,No,No,Player Team Season
669622,Anthony Bender,146,Miami Marlins,146,Miami Marlins,2025,1,Pitcher,51,0,12,0,0,3,5,4,7,19,3,50.0,32,13,12,3,21,2,42,2,204,1,0,55,52,2,14,4,50.0,2.16,1.06,7.56,3.78,0.54,2.0,0.0,Relief,1,No,No,Player Team Season
519141,Drew Pomeranz,112,Chicago Cubs,112,Chicago Cubs,2025,1,Pitcher,57,4,11,0,0,2,2,1,3,14,2,49.2,38,14,12,5,15,1,57,5,203,1,0,34,54,3,23,7,49.666666666666664,2.174496644295302,1.0671140939597317,10.328859060402685,2.7181208053691277,0.9060402684563759,3.8,0.07017543859649122,Swing,1,No,No,Player Team Season
642701,Dennis Santana,134,Pittsburgh Pirates,134,Pittsburgh Pirates,2025,1,Pitcher,70,0,34,0,0,4,5,16,19,13,3,70.1,44,18,17,5,17,0,60,3,270,0,0,58,88,2,18,4,70.33333333333333,2.175355450236967,0.8672985781990522,7.677725118483413,2.175355450236967,0.6398104265402844,3.5294117647058822,0.0,Relief,1,No,No,Player Team Season
661395,Jhoan Duran,143,Philadelphia Phillies,143,Philadelphia Phillies,2025,1,Pitcher,23,0,19,0,0,1,2,16,19,0,3,20.2,18,6,5,2,1,0,27,0,81,1,0,24,11,0,1,0,20.666666666666668,2.1774193548387095,0.9193548387096774,11.758064516129032,0.43548387096774194,0.8709677419354839,27.0,0.0,Relief,1,No,No,Player Team Season
641816,Tyler Mahle,140,Texas Rangers,140,Texas Rangers,2025,1,Pitcher,16,16,0,0,0,6,4,0,0,0,0,86.2,69,21,21,5,29,0,66,0,346,0,1,74,108,8,0,0,86.66666666666667,2.1807692307692306,1.1307692307692307,6.8538461538461535,3.0115384615384615,0.5192307692307692,2.2758620689655173,1.0,Starter,1,No,No,Player Team Season
670280,David Bednar,147,New York Yankees,147,New York Yankees,2025,1,Pitcher,22,0,17,0,0,4,0,10,13,1,3,24.2,14,6,6,2,9,0,35,0,97,1,0,22,17,0,6,1,24.666666666666668,2.189189189189189,0.9324324324324323,12.77027027027027,3.2837837837837838,0.7297297297297297,3.888888888888889,0.0,Relief,1,No,No,Player Team Season
680704,Nick Sandlin,141,Toronto Blue Jays,141,Toronto Blue Jays,2025,1,Pitcher,19,0,4,0,0,0,2,1,4,5,3,16.1,11,7,4,2,8,0,16,2,69,1,0,13,19,2,6,2,16.333333333333332,2.2040816326530615,1.1632653061224492,8.816326530612246,4.408163265306123,1.1020408163265307,2.0,0.0,Relief,1,No,No,Player Team Season
676702,Hunter Stratton,144,Atlanta Braves,144,Atlanta Braves,2025,1,Pitcher,12,0,5,0,0,1,1,1,2,3,1,16.1,13,5,4,2,5,0,15,2,68,0,0,14,19,1,10,4,16.333333333333332,2.2040816326530615,1.1020408163265307,8.26530612244898,2.7551020408163267,1.1020408163265307,3.0,0.0,Relief,2,Yes,Yes,Player Team Season
669373,Tarik Skubal,116,Detroit Tigers,116,Detroit Tigers,2025,1,Pitcher,31,31,0,1,1,13,6,0,0,0,0,195.1,141,55,48,18,33,0,241,5,748,3,2,160,168,10,0,0,195.33333333333334,2.21160409556314,0.8907849829351535,11.104095563139932,1.5204778156996586,0.8293515358361775,7.303030303030303,1.0,Starter,1,No,No,Player Team Season
678692,Ronny Henriquez,146,Miami Marlins,146,Miami Marlins,2025,1,Pitcher,69,0,9,0,0,7,1,7,11,26,4,73.0,53,23,18,8,27,2,98,4,303,2,2,49,72,1,35,14,73.0,2.219178082191781,1.095890410958904,12.082191780821917,3.328767123287671,0.9863013698630136,3.6296296296296298,0.0,Relief,1,No,No,Player Team Season
676477,Garrett Whitlock,111,Boston Red Sox,111,Boston Red Sox,2025,1,Pitcher,62,0,9,0,0,7,3,1,5,24,4,72.0,54,21,18,2,24,2,91,5,293,3,0,59,60,2,15,2,72.0,2.25,1.0833333333333333,11.375,3.0,0.25,3.7916666666666665,0.0,Relief,1,No,No,Player Team Season
676680,Tom Cosgrove,112,Chicago Cubs,112,Chicago Cubs,2025,1,Pitcher,2,0,2,0,0,0,0,0,0,0,0,4.0,3,1,1,0,1,0,3,0,16,0,0,5,4,0,0,0,4.0,2.25,1.0,6.75,2.25,0.0,3.0,0.0,Relief,1,No,No,Player Team Season
641585,J.P. France,117,Houston Astros,117,Houston Astros,2025,1,Pitcher,2,0,1,0,0,1,0,0,0,0,0,4.0,2,1,1,0,2,0,5,0,16,0,0,1,6,0,0,0,4.0,2.25,1.0,11.25,4.5,0.0,2.5,0.0,Relief,1,No,No,Player Team Season
650556,Bryan Abreu,117,Houston Astros,117,Houston Astros,2025,1,Pitcher,70,0,19,0,0,3,4,7,12,25,5,71.0,51,18,18,4,31,0,105,4,296,4,0,40,65,1,22,6,71.0,2.2816901408450705,1.1549295774647887,13.309859154929578,3.9295774647887325,0.5070422535211268,3.3870967741935485,0.0,Relief,1,No,No,Player Team Season
643511,Tyler Rogers,121,New York Mets,121,New York Mets,2025,1,Pitcher,28,0,4,0,0,0,3,0,1,12,1,27.1,27,9,7,1,3,0,10,1,111,0,0,46,23,2,8,5,27.333333333333332,2.304878048780488,1.0975609756097562,3.2926829268292686,0.9878048780487805,0.32926829268292684,3.3333333333333335,0.0,Relief,2,Yes,Yes,Player Team Season
542888,Shawn Armstrong,140,Texas Rangers,140,Texas Rangers,2025,1,Pitcher,71,2,22,0,0,4,3,9,12,12,3,74.0,40,21,19,5,20,0,74,6,284,3,0,55,89,4,38,10,74.0,2.310810810810811,0.8108108108108109,9.0,2.4324324324324325,0.6081081081081081,3.7,0.028169014084507043,Swing,1,No,No,Player Team Season
674841,Andrew Alvarez,120,Washington Nationals,120,Washington Nationals,2025,1,Pitcher,5,5,0,0,0,1,1,0,0,0,0,23.1,16,8,6,1,10,0,20,1,98,2,0,28,23,2,0,0,23.333333333333332,2.3142857142857145,1.1142857142857143,7.714285714285714,3.857142857142857,0.38571428571428573,2.0,1.0,Starter,1,No,No,Player Team Season
669620,Brady Basso,133,Athletics,133,Athletics,2025,1,Pitcher,11,1,4,0,0,1,1,0,0,2,0,11.2,12,4,3,0,9,1,8,0,56,0,0,19,8,2,5,2,11.666666666666666,2.3142857142857145,1.8,6.171428571428572,6.942857142857143,0.0,0.8888888888888888,0.09090909090909091,Swing,1,No,No,Player Team Season
544150,Albert Suárez,110,Baltimore Orioles,110,Baltimore Orioles,2025,1,Pitcher,5,1,3,0,0,2,0,0,0,0,0,11.2,9,4,3,0,2,1,10,1,44,4,0,9,13,1,2,2,11.666666666666666,2.3142857142857145,0.942857142857143,7.714285714285714,1.542857142857143,0.0,5.0,0.2,Swing,1,No,No,Player Team Season
813349,Connelly Early,111,Boston Red Sox,111,Boston Red Sox,2025,1,Pitcher,4,4,0,0,0,1,2,0,0,0,0,19.1,17,6,5,0,4,0,29,1,79,0,0,12,16,1,0,0,19.333333333333332,2.327586206896552,1.0862068965517242,13.5,1.8620689655172415,0.0,7.25,1.0,Starter,1,No,No,Player Team Season
664076,Garrett Cleavinger,139,Tampa Bay Rays,139,Tampa Bay Rays,2025,1,Pitcher,67,0,9,0,0,2,6,2,6,21,4,61.1,40,17,16,9,18,0,82,7,243,1,0,51,45,3,24,7,61.333333333333336,2.3478260869565215,0.9456521739130435,12.032608695652174,2.641304347826087,1.3206521739130435,4.555555555555555,0.0,Relief,1,No,No,Player Team Season
605483,Blake Snell,119,Los Angeles Dodgers,119,Los Angeles Dodgers,2025,1,Pitcher,11,11,0,0,0,5,4,0,0,0,0,61.1,51,21,16,3,26,1,72,0,254,7,0,59,46,4,0,0,61.333333333333336,2.3478260869565215,1.2554347826086956,10.565217391304348,3.8152173913043477,0.4402173913043478,2.769230769230769,1.0,Starter,1,No,No,Player Team Season
664208,Phil Maton,138,St. Louis Cardinals,138,St. Louis Cardinals,2025,1,Pitcher,40,0,9,0,0,1,3,2,4,20,2,38.1,28,12,10,1,15,1,48,5,158,1,0,31,31,3,16,3,38.333333333333336,2.3478260869565215,1.1217391304347826,11.269565217391303,3.5217391304347823,0.23478260869565215,3.2,0.0,Relief,2,Yes,Yes,Player Team Season
694361,Will Klein,119,Los Angeles Dodgers,119,Los Angeles Dodgers,2025,1,Pitcher,14,0,5,0,0,1,1,0,0,2,0,15.1,14,6,4,0,10,0,21,2,70,0,0,14,9,1,4,3,15.333333333333334,2.3478260869565215,1.5652173913043477,12.326086956521738,5.869565217391304,0.0,2.1,0.0,Relief,1,No,No,Player Team Season
620454,José Castillo,121,New York Mets,121,New York Mets,2025,1,Pitcher,16,0,2,0,0,1,1,0,1,3,1,15.1,21,6,4,0,6,0,19,4,74,1,0,16,8,2,12,3,15.333333333333334,2.3478260869565215,1.7608695652173911,11.152173913043478,3.5217391304347823,0.0,3.1666666666666665,0.0,Relief,4,Yes,Yes,Player Team Season
697812,Joe Rock,139,Tampa Bay Rays,139,Tampa Bay Rays,2025,1,Pitcher,3,0,2,0,0,0,0,0,0,0,0,7.2,7,2,2,1,2,0,11,2,35,0,0,9,4,0,0,0,7.666666666666667,2.3478260869565215,1.1739130434782608,12.91304347826087,2.3478260869565215,1.1739130434782608,5.5,0.0,Relief,1,No,No,Player Team Season
683618,Edgardo Henriquez,119,Los Angeles Dodgers,119,Los Angeles Dodgers,2025,1,Pitcher,22,0,3,0,0,2,1,1,3,5,2,19.0,17,5,5,2,5,0,18,0,78,2,0,20,18,0,14,9,19.0,2.3684210526315788,1.1578947368421053,8.526315789473685,2.3684210526315788,0.9473684210526315,3.6,0.0,Relief,1,No,No,Player Team Season
592779,Brock Stewart,142,Minnesota Twins,142,Minnesota Twins,2025,1,Pitcher,39,0,2,0,0,2,1,0,1,14,1,34.0,26,9,9,3,11,2,41,3,139,1,0,21,37,0,14,6,34.0,2.3823529411764706,1.088235294117647,10.852941176470589,2.911764705882353,0.7941176470588235,3.727272727272727,0.0,Relief,2,Yes,Yes,Player Team Season
592426,Luke Jackson,136,Seattle Mariners,136,Seattle Mariners,2025,1,Pitcher,10,0,5,0,0,0,0,0,0,1,0,11.1,6,6,3,0,4,1,10,1,45,0,0,11,13,0,3,0,11.333333333333334,2.3823529411764706,0.8823529411764706,7.941176470588235,3.176470588235294,0.0,2.5,0.0,Relief,2,Yes,Yes,Player Team Season
685801,Hunter Bigge,139,Tampa Bay Rays,139,Tampa Bay Rays,2025,1,Pitcher,13,0,5,0,0,0,0,0,1,1,1,15.0,11,4,4,4,5,0,12,1,60,0,0,16,15,2,0,0,15.0,2.4,1.0666666666666667,7.2,3.0,2.4,2.4,0.0,Relief,1,No,No,Player Team Season
666711,Joel Peguero,137,San Francisco Giants,137,San Francisco Giants,2025,1,Pitcher,17,0,4,0,0,3,1,0,0,4,0,22.1,15,7,6,2,8,1,17,0,86,0,1,25,21,2,10,5,22.333333333333332,2.4179104477611943,1.0298507462686568,6.850746268656716,3.2238805970149254,0.8059701492537313,2.125,0.0,Relief,1,No,No,Player Team Season
686613,Hunter Brown,117,Houston Astros,117,Houston Astros,2025,1,Pitcher,31,31,0,1,0,12,9,0,0,0,0,185.1,133,55,50,17,57,1,206,7,729,0,1,178,148,18,0,0,185.33333333333334,2.4280575539568345,1.0251798561151078,10.003597122302157,2.7679856115107913,0.8255395683453237,3.6140350877192984,1.0,Starter,1,No,No,Player Team Season
676428,Brant Hurter,116,Detroit Tigers,116,Detroit Tigers,2025,1,Pitcher,43,4,5,0,0,4,3,2,2,5,0,63.0,57,26,17,4,27,3,68,11,277,2,0,60,54,8,27,9,63.0,2.4285714285714284,1.3333333333333333,9.714285714285714,3.857142857142857,0.5714285714285714,2.5185185185185186,0.09302325581395349,Swing,1,No,No,Player Team Season
663574,Tony Santillan,113,Cincinnati Reds,113,Cincinnati Reds,2025,1,Pitcher,80,0,16,0,0,1,5,7,11,33,4,73.2,53,23,20,7,29,0,75,5,301,4,0,58,80,9,29,13,73.66666666666667,2.443438914027149,1.1131221719457012,9.16289592760181,3.5429864253393664,0.8552036199095022,2.586206896551724,0.0,Relief,1,No,No,Player Team Season
608032,Carlos Estévez,118,Kansas City Royals,118,Kansas City Royals,2025,1,Pitcher,67,0,57,0,0,4,5,42,48,0,6,66.0,48,22,18,5,22,6,54,4,269,2,1,37,104,1,11,6,66.0,2.4545454545454546,1.0606060606060606,7.363636363636363,3.0,0.6818181818181818,2.4545454545454546,0.0,Relief,1,No,No,Player Team Season
676755,Isaac Mattson,134,Pittsburgh Pirates,134,Pittsburgh Pirates,2025,1,Pitcher,44,0,12,0,0,3,3,0,3,12,3,47.2,35,14,13,4,19,2,45,2,198,0,0,26,71,2,18,6,47.666666666666664,2.4545454545454546,1.132867132867133,8.496503496503497,3.5874125874125875,0.7552447552447553,2.3684210526315788,0.0,Relief,1,No,No,Player Team Season
573124,Taylor Rogers,113,Cincinnati Reds,113,Cincinnati Reds,2025,1,Pitcher,40,0,4,0,0,2,2,0,1,9,1,33.0,29,15,9,3,19,2,34,2,146,0,0,29,33,3,26,15,33.0,2.4545454545454546,1.4545454545454546,9.272727272727273,5.181818181818182,0.8181818181818182,1.7894736842105263,0.0,Relief,2,Yes,Yes,Player Team Season
548384,Brooks Raley,121,New York Mets,121,New York Mets,2025,1,Pitcher,30,0,1,0,0,3,1,0,0,10,0,25.2,14,7,7,0,6,0,25,2,99,0,0,16,36,0,17,3,25.666666666666668,2.4545454545454546,0.7792207792207791,8.766233766233766,2.103896103896104,0.0,4.166666666666667,0.0,Relief,1,No,No,Player Team Season
642239,Rob Zastryzny,158,Milwaukee Brewers,158,Milwaukee Brewers,2025,1,Pitcher,26,1,4,0,0,2,1,0,1,2,1,22.0,16,7,6,3,10,3,20,1,93,2,0,23,23,1,16,4,22.0,2.4545454545454546,1.1818181818181819,8.181818181818182,4.090909090909091,1.2272727272727273,2.0,0.038461538461538464,Swing,1,No,No,Player Team Season
541640,Erasmo Ramírez,142,Minnesota Twins,142,Minnesota Twins,2025,1,Pitcher,9,0,8,0,0,0,1,1,1,0,0,11.0,10,4,3,2,2,1,5,0,42,1,0,11,14,3,4,0,11.0,2.4545454545454546,1.0909090909090908,4.090909090909091,1.6363636363636365,1.6363636363636365,2.5,0.0,Relief,1,No,No,Player Team Season
660604,Alan Rangel,143,Philadelphia Phillies,143,Philadelphia Phillies,2025,1,Pitcher,5,0,3,0,0,0,0,1,2,0,1,11.0,10,3,3,1,6,0,8,0,46,0,1,8,14,2,0,0,11.0,2.4545454545454546,1.4545454545454546,6.545454545454546,4.909090909090909,0.8181818181818182,1.3333333333333333,0.0,Relief,1,No,No,Player Team Season
518886,Craig Kimbrel,117,Houston Astros,117,Houston Astros,2025,1,Pitcher,13,0,5,0,0,0,1,0,0,2,0,11.0,9,4,3,2,6,0,16,0,46,0,0,4,11,0,1,0,11.0,2.4545454545454546,1.3636363636363635,13.090909090909092,4.909090909090909,1.6363636363636365,2.6666666666666665,0.0,Relief,2,Yes,Yes,Player Team Season
656629,Michael Kopech,119,Los Angeles Dodgers,119,Los Angeles Dodgers,2025,1,Pitcher,14,0,1,0,0,0,0,0,0,6,0,11.0,6,3,3,0,13,0,12,0,53,3,1,7,15,0,2,1,11.0,2.4545454545454546,1.7272727272727273,9.818181818181818,10.636363636363637,0.0,0.9230769230769231,0.0,Relief,1,No,No,Player Team Season
676206,Freddy Tarnok,146,Miami Marlins,146,Miami Marlins,2025,1,Pitcher,5,0,3,0,0,1,0,1,1,0,0,7.1,1,2,2,1,4,0,10,1,28,0,0,9,3,1,1,0,7.333333333333333,2.4545454545454546,0.6818181818181819,12.272727272727273,4.909090909090909,1.2272727272727273,2.5,0.0,Relief,1,No,No,Player Team Season
620454,José Castillo,110,Baltimore Orioles,110,Baltimore Orioles,2025,1,Pitcher,5,0,1,0,0,0,0,0,0,0,0,7.1,6,3,2,1,3,0,7,0,31,0,0,7,8,0,4,1,7.333333333333333,2.4545454545454546,1.2272727272727273,8.590909090909092,3.681818181818182,1.2272727272727273,2.3333333333333335,0.0,Relief,4,Yes,Yes,Player Team Season
668670,Jake Rogers,116,Detroit Tigers,116,Detroit Tigers,2025,2,Catcher,4,0,4,0,0,0,0,0,0,0,0,3.2,5,1,1,0,0,0,0,1,16,0,0,4,6,1,2,0,3.6666666666666665,2.4545454545454546,1.3636363636363638,0.0,0.0,0.0,,0.0,Relief,1,No,No,Player Team Season
666374,Matt Brash,136,Seattle Mariners,136,Seattle Mariners,2025,1,Pitcher,53,0,8,0,0,1,3,4,5,21,1,47.1,41,15,13,4,18,2,58,2,199,0,0,51,29,5,11,1,47.333333333333336,2.471830985915493,1.2464788732394365,11.028169014084506,3.4225352112676055,0.7605633802816901,3.2222222222222223,0.0,Relief,1,No,No,Player Team Season
656186,Dan Altavilla,145,Chicago White Sox,145,Chicago White Sox,2025,1,Pitcher,28,0,13,0,0,0,1,2,2,2,0,29.0,19,9,8,4,15,0,21,4,120,1,0,35,26,2,5,2,29.0,2.4827586206896552,1.1724137931034482,6.517241379310345,4.655172413793103,1.2413793103448276,1.4,0.0,Relief,1,No,No,Player Team Season
623474,Jimmy Herget,115,Colorado Rockies,115,Colorado Rockies,2025,1,Pitcher,59,0,9,0,0,1,2,0,1,9,1,83.1,72,24,23,6,26,1,81,7,347,2,2,65,96,6,36,14,83.33333333333333,2.484,1.1760000000000002,8.748000000000001,2.8080000000000003,0.648,3.1153846153846154,0.0,Relief,1,No,No,Player Team Season
808967,Yoshinobu Yamamoto,119,Los Angeles Dodgers,119,Los Angeles Dodgers,2025,1,Pitcher,30,30,0,0,0,12,8,0,0,0,0,173.2,113,53,48,14,59,0,201,3,684,5,0,181,127,9,0,0,173.66666666666666,2.487523992322457,0.9904030710172745,10.416506717850288,3.0575815738963534,0.72552783109405,3.406779661016949,1.0,Starter,1,No,No,Player Team Season
656730,Trevor Megill,158,Milwaukee Brewers,158,Milwaukee Brewers,2025,1,Pitcher,50,0,44,0,0,6,3,30,36,0,6,47.0,36,16,13,3,17,3,60,0,192,2,0,36,43,2,12,5,47.0,2.4893617021276597,1.127659574468085,11.48936170212766,3.25531914893617,0.574468085106383,3.5294117647058822,0.0,Relief,1,No,No,Player Team Season
690925,Clayton Beeter,120,Washington Nationals,120,Washington Nationals,2025,1,Pitcher,24,0,4,0,0,0,2,1,3,9,2,21.2,8,6,6,1,14,0,32,0,84,1,0,15,15,1,7,3,21.666666666666668,2.4923076923076923,1.0153846153846153,13.292307692307691,5.815384615384615,0.41538461538461535,2.2857142857142856,0.0,Relief,2,Yes,Yes,Player Team Season
650911,Cristopher Sánchez,143,Philadelphia Phillies,143,Philadelphia Phillies,2025,1,Pitcher,32,32,0,1,0,13,5,0,0,0,0,202.0,171,58,56,12,44,0,212,6,807,6,1,243,131,20,0,0,202.0,2.495049504950495,1.0643564356435644,9.445544554455445,1.9603960396039604,0.5346534653465347,4.818181818181818,1.0,Starter,1,No,No,Player Team Season
678024,Mike Vasil,145,Chicago White Sox,145,Chicago White Sox,2025,1,Pitcher,47,3,17,0,0,5,3,4,6,3,2,101.0,74,32,28,8,52,5,82,8,423,4,2,111,95,13,22,9,101.0,2.495049504950495,1.2475247524752475,7.306930693069307,4.633663366336633,0.7128712871287128,1.5769230769230769,0.06382978723404255,Swing,1,No,No,Player Team Season
660825,Eduard Bazardo,136,Seattle Mariners,136,Seattle Mariners,2025,1,Pitcher,73,0,18,0,0,5,0,0,1,12,1,78.2,53,23,22,9,27,2,82,2,313,2,0,59,90,5,20,5,78.66666666666667,2.516949152542373,1.0169491525423728,9.38135593220339,3.0889830508474576,1.0296610169491525,3.037037037037037,0.0,Relief,1,No,No,Player Team Season
680694,Kyle Bradish,110,Baltimore Orioles,110,Baltimore Orioles,2025,1,Pitcher,6,6,0,0,0,1,1,0,0,0,0,32.0,23,9,9,3,10,0,47,1,126,0,0,17,28,3,0,0,32.0,2.53125,1.03125,13.21875,2.8125,0.84375,4.7,1.0,Starter,1,No,No,Player Team Season
663460,Kris Bubic,118,Kansas City Royals,118,Kansas City Royals,2025,1,Pitcher,20,20,0,0,0,8,7,0,0,0,0,116.1,98,38,33,6,39,1,116,3,476,1,0,115,105,14,0,0,116.33333333333333,2.5530085959885387,1.177650429799427,8.974212034383955,3.017191977077364,0.46418338108882523,2.9743589743589745,1.0,Starter,1,No,No,Player Team Season
670810,Logan Gillaspie,135,San Diego Padres,135,San Diego Padres,2025,1,Pitcher,3,0,0,0,0,0,0,0,0,0,0,7.0,7,2,2,1,4,0,4,1,31,0,2,8,7,1,5,4,7.0,2.5714285714285716,1.5714285714285714,5.142857142857143,5.142857142857143,1.2857142857142858,1.0,0.0,Relief,1,No,No,Player Team Season
519242,Chris Sale,144,Atlanta Braves,144,Atlanta Braves,2025,1,Pitcher,21,20,0,0,0,7,5,0,0,0,0,125.2,102,38,36,11,32,0,165,11,510,3,0,89,111,2,0,0,125.66666666666667,2.5782493368700266,1.06631299734748,11.816976127320954,2.291777188328912,0.7877984084880636,5.15625,0.9523809523809523,Swing,1,No,No,Player Team Season
676979,Garrett Crochet,111,Boston Red Sox,111,Boston Red Sox,2025,1,Pitcher,32,32,0,1,1,18,5,0,0,0,0,205.1,165,62,59,24,46,0,255,3,814,7,3,181,163,10,0,0,205.33333333333334,2.586038961038961,1.0275974025974026,11.17694805194805,2.016233766233766,1.051948051948052,5.543478260869565,1.0,Starter,1,No,No,Player Team Season
445276,Kenley Jansen,108,Los Angeles Angels,108,Los Angeles Angels,2025,1,Pitcher,62,0,47,0,0,5,4,29,30,0,1,59.0,37,18,17,8,19,2,57,1,234,0,3,37,83,3,7,2,59.0,2.593220338983051,0.9491525423728814,8.694915254237289,2.8983050847457625,1.2203389830508475,3.0,0.0,Relief,1,No,No,Player Team Season
642585,Félix Bautista,110,Baltimore Orioles,110,Baltimore Orioles,2025,1,Pitcher,35,0,28,0,0,1,1,19,20,0,1,34.2,16,10,10,3,23,0,50,0,142,1,0,28,25,0,2,0,34.666666666666664,2.5961538461538463,1.125,12.980769230769232,5.971153846153847,0.7788461538461539,2.1739130434782608,0.0,Relief,1,No,No,Player Team Season
642100,Gabe Speier,136,Seattle Mariners,136,Seattle Mariners,2025,1,Pitcher,76,0,4,0,0,4,3,0,6,24,6,62.0,43,19,18,5,11,1,82,5,243,1,0,38,64,0,41,9,62.0,2.6129032258064515,0.8709677419354839,11.903225806451612,1.596774193548387,0.7258064516129032,7.454545454545454,0.0,Relief,1,No,No,Player Team Season
663465,Kolby Allard,114,Cleveland Guardians,114,Cleveland Guardians,2025,1,Pitcher,33,2,16,0,0,2,2,0,0,4,0,65.0,64,22,19,5,14,3,42,1,266,0,0,56,89,5,5,5,65.0,2.6307692307692307,1.2,5.815384615384615,1.9384615384615385,0.6923076923076923,3.0,0.06060606060606061,Swing,1,No,No,Player Team Season
806188,Cade Gibson,146,Miami Marlins,146,Miami Marlins,2025,1,Pitcher,44,1,10,0,0,4,5,0,2,5,2,54.2,44,18,16,3,21,3,43,6,230,6,0,67,49,3,14,3,54.666666666666664,2.6341463414634148,1.1890243902439024,7.079268292682928,3.457317073170732,0.49390243902439024,2.0476190476190474,0.022727272727272728,Swing,1,No,No,Player Team Season
573204,Caleb Thielbar,112,Chicago Cubs,112,Chicago Cubs,2025,1,Pitcher,67,0,4,0,0,3,4,1,4,25,3,58.0,38,17,17,5,13,1,56,0,220,0,0,43,70,4,35,10,58.0,2.6379310344827585,0.8793103448275862,8.689655172413794,2.0172413793103448,0.7758620689655172,4.3076923076923075,0.0,Relief,1,No,No,Player Team Season
668674,Lucas Erceg,118,Kansas City Royals,118,Kansas City Royals,2025,1,Pitcher,61,0,10,0,0,8,4,2,7,22,5,61.1,54,19,18,4,18,3,48,4,249,3,0,68,57,7,19,4,61.333333333333336,2.641304347826087,1.1739130434782608,7.0434782608695645,2.641304347826087,0.5869565217391304,2.6666666666666665,0.0,Relief,1,No,No,Player Team Season
682790,Wikelman González,145,Chicago White Sox,145,Chicago White Sox,2025,1,Pitcher,16,0,6,0,0,1,0,0,0,1,0,20.1,13,9,6,1,12,0,25,0,87,0,0,12,25,1,5,1,20.333333333333332,2.655737704918033,1.2295081967213115,11.065573770491804,5.311475409836066,0.4426229508196722,2.0833333333333335,0.0,Relief,1,No,No,Player Team Season
669203,Corbin Burnes,109,Arizona Diamondbacks,109,Arizona Diamondbacks,2025,1,Pitcher,11,11,0,0,0,3,2,0,0,0,0,64.1,49,23,19,7,26,1,63,3,265,1,2,73,51,5,0,0,64.33333333333333,2.6580310880829017,1.1658031088082903,8.813471502590675,3.6373056994818658,0.9792746113989638,2.423076923076923,1.0,Starter,1,No,No,Player Team Season
688158,David Morgan,135,San Diego Padres,135,San Diego Padres,2025,1,Pitcher,41,2,15,0,0,1,2,0,0,1,0,47.1,35,14,14,4,23,1,50,2,193,2,0,43,40,7,25,7,47.333333333333336,2.6619718309859155,1.2253521126760563,9.507042253521126,4.373239436619718,0.7605633802816901,2.1739130434782608,0.04878048780487805,Swing,1,No,No,Player Team Season
690990,Cade Horton,112,Chicago Cubs,112,Chicago Cubs,2025,1,Pitcher,23,22,0,0,0,11,4,0,0,0,0,118.0,95,40,35,10,33,0,97,6,476,1,0,112,132,5,0,0,118.0,2.669491525423729,1.0847457627118644,7.398305084745763,2.516949152542373,0.7627118644067796,2.9393939393939394,0.9565217391304348,Swing,1,No,No,Player Team Season
642547,Freddy Peralta,158,Milwaukee Brewers,158,Milwaukee Brewers,2025,1,Pitcher,33,33,0,0,0,17,6,0,0,0,0,176.2,124,54,53,21,66,0,204,9,723,4,2,133,186,8,0,0,176.66666666666666,2.7,1.0754716981132075,10.39245283018868,3.3622641509433966,1.069811320754717,3.090909090909091,1.0,Starter,1,No,No,Player Team Season
680755,Braydon Fisher,141,Toronto Blue Jays,141,Toronto Blue Jays,2025,1,Pitcher,52,1,12,0,0,7,0,0,1,5,1,50.0,32,15,15,4,19,1,62,3,202,0,0,34,52,3,30,8,50.0,2.7,1.02,11.16,3.42,0.72,3.263157894736842,0.019230769230769232,Swing,1,No,No,Player Team Season
605177,Andrew Chafin,120,Washington Nationals,120,Washington Nationals,2025,1,Pitcher,26,0,6,0,0,1,1,0,0,3,0,20.0,20,8,6,1,12,0,18,0,88,5,0,16,22,2,20,6,20.0,2.7,1.6,8.1,5.4,0.45,1.5,0.0,Relief,2,Yes,Yes,Player Team Season
672782,Yoendrys Gómez,147,New York Yankees,147,New York Yankees,2025,1,Pitcher,6,0,3,0,0,1,1,0,0,0,0,10.0,5,4,3,1,9,0,5,0,44,0,0,11,14,0,1,0,10.0,2.7,1.4,4.5,8.1,0.9,0.5555555555555556,0.0,Relief,3,Yes,Yes,Player Team Season
596112,Robert Stephenson,108,Los Angeles Angels,108,Los Angeles Angels,2025,1,Pitcher,12,0,0,0,0,2,0,0,1,0,1,10.0,7,4,3,1,3,1,10,1,42,1,1,7,13,0,1,0,10.0,2.7,1.0,9.0,2.7,0.9,3.3333333333333335,0.0,Relief,1,No,No,Player Team Season
554430,Zack Wheeler,143,Philadelphia Phillies,143,Philadelphia Phillies,2025,1,Pitcher,24,24,0,1,0,10,5,0,0,0,0,149.2,107,48,45,19,33,0,195,8,585,2,0,119,123,8,0,0,149.66666666666666,2.7060133630289536,0.9354120267260579,11.726057906458799,1.9844097995545658,1.1425389755011137,5.909090909090909,1.0,Starter,1,No,No,Player Team Season
677952,Braxton Ashcraft,134,Pittsburgh Pirates,134,Pittsburgh Pirates,2025,1,Pitcher,26,8,6,0,0,4,4,0,1,4,1,69.2,63,22,21,3,24,1,71,2,292,1,0,76,56,2,5,1,69.66666666666667,2.712918660287081,1.2488038277511961,9.17224880382775,3.1004784688995213,0.38755980861244016,2.9583333333333335,0.3076923076923077,Swing,1,No,No,Player Team Season
800048,Parker Messick,114,Cleveland Guardians,114,Cleveland Guardians,2025,1,Pitcher,7,7,0,0,0,3,1,0,0,0,0,39.2,46,12,12,4,6,0,38,0,165,2,1,38,37,4,0,0,39.666666666666664,2.722689075630252,1.3109243697478992,8.6218487394958,1.361344537815126,0.9075630252100841,6.333333333333333,1.0,Starter,1,No,No,Player Team Season
641154,Pablo López,142,Minnesota Twins,142,Minnesota Twins,2025,1,Pitcher,14,14,0,0,0,5,4,0,0,0,0,75.2,64,28,23,6,20,0,73,4,312,1,2,68,83,3,0,0,75.66666666666667,2.7356828193832596,1.1101321585903083,8.682819383259911,2.3788546255506606,0.7136563876651982,3.65,1.0,Starter,1,No,No,Player Team Season
621381,Matt Strahm,143,Philadelphia Phillies,143,Philadelphia Phillies,2025,1,Pitcher,66,0,19,0,0,2,3,6,10,22,4,62.1,47,22,19,5,20,1,70,2,256,3,0,26,91,1,8,2,62.333333333333336,2.7433155080213902,1.0748663101604277,10.106951871657754,2.8877005347593583,0.7219251336898396,3.5,0.0,Relief,1,No,No,Player Team Season
668881,Hunter Greene,113,Cincinnati Reds,113,Cincinnati Reds,2025,1,Pitcher,19,19,0,1,1,7,4,0,0,0,0,107.2,75,35,33,15,26,0,132,2,420,5,0,67,118,2,0,0,107.66666666666667,2.7585139318885448,0.9380804953560371,11.034055727554179,2.1733746130030958,1.2538699690402477,5.076923076923077,1.0,Starter,1,No,No,Player Team Season
675512,Troy Melton,116,Detroit Tigers,116,Detroit Tigers,2025,1,Pitcher,16,4,0,0,0,3,2,0,0,4,0,45.2,31,15,14,7,15,0,36,1,180,2,0,45,52,3,4,1,45.666666666666664,2.759124087591241,1.0072992700729928,7.094890510948906,2.956204379562044,1.3795620437956204,2.4,0.25,Swing,1,No,No,Player Team Season
656876,Drew Rasmussen,139,Tampa Bay Rays,139,Tampa Bay Rays,2025,1,Pitcher,31,31,0,0,0,10,5,0,0,0,0,150.0,116,47,46,18,37,1,127,5,585,3,0,164,136,16,0,0,150.0,2.76,1.02,7.62,2.22,1.08,3.4324324324324325,1.0,Starter,1,No,No,Player Team Season
686701,Ryan Bergert,135,San Diego Padres,135,San Diego Padres,2025,1,Pitcher,11,7,2,0,0,1,0,0,0,0,0,35.2,24,11,11,4,18,0,34,1,149,1,0,25,47,1,0,0,35.666666666666664,2.7757009345794392,1.177570093457944,8.57943925233645,4.542056074766355,1.0093457943925235,1.8888888888888888,0.6363636363636364,Swing,2,Yes,Yes,Player Team Season
687911,Bryan King,117,Houston Astros,117,Houston Astros,2025,1,Pitcher,68,0,11,0,0,5,4,2,5,27,3,68.0,60,21,21,10,11,0,69,4,275,3,0,57,74,4,23,1,68.0,2.7794117647058822,1.0441176470588236,9.132352941176471,1.4558823529411764,1.3235294117647058,6.2727272727272725,0.0,Relief,1,No,No,Player Team Season
663969,Tyler Phillips,146,Miami Marlins,146,Miami Marlins,2025,1,Pitcher,54,1,19,0,0,2,1,4,4,8,0,77.2,65,26,24,8,24,0,52,2,313,6,0,107,63,11,9,0,77.66666666666667,2.781115879828326,1.1459227467811157,6.0257510729613735,2.781115879828326,0.927038626609442,2.1666666666666665,0.018518518518518517,Swing,1,No,No,Player Team Season
669711,Greg Weissert,111,Boston Red Sox,111,Boston Red Sox,2025,1,Pitcher,72,0,11,0,0,6,6,4,13,17,9,67.0,57,27,21,6,21,1,57,3,278,1,0,62,78,4,28,7,67.0,2.8208955223880596,1.164179104477612,7.656716417910448,2.8208955223880596,0.8059701492537313,2.7142857142857144,0.0,Relief,1,No,No,Player Team Season
686218,Emmet Sheehan,119,Los Angeles Dodgers,119,Los Angeles Dodgers,2025,1,Pitcher,15,12,0,0,0,6,3,0,0,0,0,73.1,49,29,23,7,22,0,89,2,291,2,0,46,83,1,1,0,73.33333333333333,2.8227272727272728,0.9681818181818183,10.922727272727274,2.7,0.8590909090909091,4.045454545454546,0.8,Swing,1,No,No,Player Team Season
664126,Pete Fairbanks,139,Tampa Bay Rays,139,Tampa Bay Rays,2025,1,Pitcher,61,0,48,0,0,4,5,27,32,0,5,60.1,45,22,19,7,18,0,59,1,244,2,0,65,56,3,6,0,60.333333333333336,2.8342541436464086,1.0441988950276242,8.80110497237569,2.685082872928177,1.0441988950276242,3.2777777777777777,0.0,Relief,1,No,No,Player Team Season
656641,Jacob Latz,140,Texas Rangers,140,Texas Rangers,2025,1,Pitcher,33,8,5,0,0,2,0,1,1,2,0,85.2,69,28,27,7,37,2,76,0,348,2,0,67,99,9,18,10,85.66666666666667,2.836575875486381,1.2373540856031127,7.984435797665369,3.88715953307393,0.735408560311284,2.054054054054054,0.24242424242424243,Swing,1,No,No,Player Team Season
656986,Bennett Sousa,117,Houston Astros,117,Houston Astros,2025,1,Pitcher,44,0,13,0,0,5,1,4,6,7,2,50.2,37,18,16,4,15,0,59,0,199,4,0,40,48,4,16,3,50.666666666666664,2.8421052631578947,1.0263157894736843,10.480263157894738,2.6644736842105265,0.7105263157894737,3.933333333333333,0.0,Relief,1,No,No,Player Team Season
670329,Rico Garcia,110,Baltimore Orioles,110,Baltimore Orioles,2025,1,Pitcher,20,1,3,0,0,0,2,0,0,9,0,19.0,21,6,6,3,6,1,20,0,82,1,0,18,17,2,9,2,19.0,2.8421052631578947,1.4210526315789473,9.473684210526315,2.8421052631578947,1.4210526315789473,3.3333333333333335,0.05,Swing,3,Yes,Yes,Player Team Season
608331,Max Fried,147,New York Yankees,147,New York Yankees,2025,1,Pitcher,32,32,0,0,0,19,5,0,0,0,0,195.1,164,73,62,14,51,0,189,10,801,8,1,226,161,12,0,0,195.33333333333334,2.8566552901023887,1.1006825938566553,8.708191126279862,2.349829351535836,0.6450511945392491,3.7058823529411766,1.0,Starter,1,No,No,Player Team Season
657649,Jared Koenig,158,Milwaukee Brewers,158,Milwaukee Brewers,2025,1,Pitcher,72,0,8,0,0,6,1,2,4,27,2,66.0,57,21,21,6,20,1,68,4,268,1,0,55,64,7,23,10,66.0,2.8636363636363638,1.1666666666666667,9.272727272727273,2.727272727272727,0.8181818181818182,3.4,0.0,Relief,1,No,No,Player Team Season
606160,Rafael Montero,116,Detroit Tigers,116,Detroit Tigers,2025,1,Pitcher,20,0,10,0,0,1,1,0,1,1,1,22.0,12,10,7,2,14,0,19,0,87,0,0,25,17,4,8,1,22.0,2.8636363636363638,1.1818181818181819,7.7727272727272725,5.7272727272727275,0.8181818181818182,1.3571428571428572,0.0,Relief,3,Yes,Yes,Player Team Season
671096,Andrew Abbott,113,Cincinnati Reds,113,Cincinnati Reds,2025,1,Pitcher,29,29,0,1,1,10,7,0,0,0,0,166.1,148,60,53,19,43,0,149,3,684,4,0,112,229,10,0,0,166.33333333333334,2.8677354709418834,1.1482965931863727,8.062124248496994,2.3266533066132262,1.028056112224449,3.4651162790697674,1.0,Starter,1,No,No,Player Team Season
660271,Shohei Ohtani,119,Los Angeles Dodgers,119,Los Angeles Dodgers,2025,Y,Two-Way Player,14,14,0,0,0,1,1,0,0,0,0,47.0,40,15,15,3,9,0,62,0,188,10,0,40,37,3,0,0,47.0,2.872340425531915,1.0425531914893618,11.872340425531915,1.7234042553191489,0.574468085106383,6.888888888888889,1.0,Starter,1,No,No,Player Team Season
601713,Nick Pivetta,135,San Diego Padres,135,San Diego Padres,2025,1,Pitcher,31,31,0,0,0,13,5,0,0,0,0,181.2,129,63,58,22,50,1,190,3,721,1,0,136,213,6,0,0,181.66666666666666,2.8733944954128443,0.9853211009174312,9.412844036697248,2.4770642201834865,1.089908256880734,3.8,1.0,Starter,1,No,No,Player Team Season
694462,Hurston Waldrep,144,Atlanta Braves,144,Atlanta Braves,2025,1,Pitcher,10,9,0,0,0,6,1,0,0,0,0,56.1,45,18,18,3,22,1,55,3,229,0,0,60,44,6,2,0,56.333333333333336,2.8757396449704142,1.1893491124260354,8.78698224852071,3.5147928994082838,0.47928994082840237,2.5,0.9,Swing,1,No,No,Player Team Season
683175,Connor Phillips,113,Cincinnati Reds,113,Cincinnati Reds,2025,1,Pitcher,21,0,5,0,0,5,0,0,0,1,0,25.0,11,9,8,3,12,0,32,2,98,2,0,15,26,1,10,0,25.0,2.88,0.92,11.52,4.32,1.08,2.6666666666666665,0.0,Relief,1,No,No,Player Team Season
641941,Emilio Pagán,113,Cincinnati Reds,113,Cincinnati Reds,2025,1,Pitcher,70,0,56,0,0,2,4,32,38,2,6,68.2,41,26,22,10,22,0,81,2,270,1,1,36,88,0,6,1,68.66666666666667,2.8834951456310676,0.9174757281553397,10.616504854368932,2.8834951456310676,1.3106796116504853,3.6818181818181817,0.0,Relief,1,No,No,Player Team Season
641835,Tim Mayza,134,Pittsburgh Pirates,134,Pittsburgh Pirates,2025,1,Pitcher,7,0,4,0,0,0,0,0,0,0,0,9.1,9,3,3,1,1,0,8,1,40,0,0,12,9,0,8,2,9.333333333333334,2.892857142857143,1.0714285714285714,7.7142857142857135,0.9642857142857142,0.9642857142857142,8.0,0.0,Relief,2,Yes,Yes,Player Team Season
694037,Daniel Palencia,112,Chicago Cubs,112,Chicago Cubs,2025,1,Pitcher,54,0,38,0,0,1,6,22,25,6,3,52.2,44,19,17,5,16,1,61,2,215,2,0,41,51,6,7,0,52.666666666666664,2.9050632911392404,1.139240506329114,10.424050632911392,2.7341772151898733,0.8544303797468354,3.8125,0.0,Relief,1,No,No,Player Team Season
669330,Tyler Wells,110,Baltimore Orioles,110,Baltimore Orioles,2025,1,Pitcher,4,4,0,0,0,2,1,0,0,0,0,21.2,17,7,7,4,2,0,18,0,82,0,0,16,29,2,0,0,21.666666666666668,2.9076923076923076,0.8769230769230769,7.476923076923076,0.8307692307692307,1.6615384615384614,9.0,1.0,Starter,1,No,No,Player Team Season
671922,Cade Smith,114,Cleveland Guardians,114,Cleveland Guardians,2025,1,Pitcher,76,0,30,0,0,8,5,16,22,19,6,73.2,55,31,24,4,19,3,104,4,300,3,2,50,68,1,29,5,73.66666666666667,2.932126696832579,1.004524886877828,12.705882352941176,2.3212669683257916,0.48868778280542985,5.473684210526316,0.0,Relief,1,No,No,Player Team Season
693433,Bryan Woo,136,Seattle Mariners,136,Seattle Mariners,2025,1,Pitcher,30,30,0,0,0,15,7,0,0,0,0,186.2,137,64,61,26,36,0,198,4,731,3,0,165,191,10,0,0,186.66666666666666,2.9410714285714286,0.9267857142857143,9.546428571428573,1.7357142857142858,1.2535714285714286,5.5,1.0,Starter,1,No,No,Player Team Season
676263,Jack Dreyer,119,Los Angeles Dodgers,119,Los Angeles Dodgers,2025,1,Pitcher,67,5,14,0,0,3,2,4,6,10,2,76.1,56,26,25,4,24,5,74,0,307,1,0,64,89,1,20,3,76.33333333333333,2.9475982532751095,1.0480349344978166,8.724890829694324,2.829694323144105,0.4716157205240175,3.0833333333333335,0.07462686567164178,Swing,1,No,No,Player Team Season
676395,Robert Garcia,140,Texas Rangers,140,Texas Rangers,2025,1,Pitcher,71,0,25,0,0,4,8,9,16,15,7,64.0,58,26,21,8,22,2,68,1,269,1,1,55,65,5,18,7,64.0,2.953125,1.25,9.5625,3.09375,1.125,3.090909090909091,0.0,Relief,1,No,No,Player Team Season
693645,Cam Schlittler,147,New York Yankees,147,New York Yankees,2025,1,Pitcher,14,14,0,0,0,4,3,0,0,0,0,73.0,58,24,24,8,31,0,84,5,304,3,0,50,76,4,0,0,73.0,2.958904109589041,1.2191780821917808,10.356164383561644,3.8219178082191783,0.9863013698630136,2.7096774193548385,1.0,Starter,1,No,No,Player Team Season
596001,Jakob Junis,114,Cleveland Guardians,114,Cleveland Guardians,2025,1,Pitcher,57,0,9,0,0,4,1,0,0,6,0,66.2,64,24,22,5,18,2,55,4,274,0,0,64,69,6,18,7,66.66666666666667,2.9699999999999998,1.23,7.425,2.4299999999999997,0.6749999999999999,3.0555555555555554,0.0,Relief,1,No,No,Player Team Season
594798,Jacob deGrom,140,Texas Rangers,140,Texas Rangers,2025,1,Pitcher,30,30,0,0,0,12,8,0,0,0,0,172.2,122,57,57,26,37,0,185,3,669,3,0,138,184,4,0,0,172.66666666666666,2.971042471042471,0.9208494208494209,9.642857142857144,1.9285714285714286,1.3552123552123554,5.0,1.0,Starter,1,No,No,Player Team Season
663158,Robert Suarez,135,San Diego Padres,135,San Diego Padres,2025,1,Pitcher,70,0,56,0,0,4,6,40,45,0,5,69.2,47,24,23,6,16,2,75,2,269,1,0,52,77,3,14,4,69.66666666666667,2.9712918660287078,0.9043062200956937,9.688995215311005,2.066985645933014,0.7751196172248803,4.6875,0.0,Relief,1,No,No,Player Team Season
455119,Chris Martin,140,Texas Rangers,140,Texas Rangers,2025,1,Pitcher,49,0,10,0,0,2,6,2,5,13,3,42.1,43,18,14,6,8,3,43,1,174,2,0,38,41,6,18,5,42.333333333333336,2.9763779527559056,1.2047244094488188,9.141732283464567,1.700787401574803,1.2755905511811023,5.375,0.0,Relief,1,No,No,Player Team Season
702070,Noah Cameron,118,Kansas City Royals,118,Kansas City Royals,2025,1,Pitcher,24,24,0,0,0,9,7,0,0,0,0,138.1,109,46,46,18,43,1,114,3,556,3,0,135,152,14,0,0,138.33333333333334,2.9927710843373494,1.0987951807228915,7.416867469879517,2.797590361445783,1.1710843373493975,2.6511627906976742,1.0,Starter,1,No,No,Player Team Season
657097,Jacob Webb,140,Texas Rangers,140,Texas Rangers,2025,1,Pitcher,55,0,9,0,0,5,4,1,3,7,2,66.0,49,24,22,10,19,2,58,2,267,0,0,54,85,3,31,9,66.0,3.0,1.0303030303030303,7.909090909090909,2.590909090909091,1.3636363636363635,3.0526315789473686,0.0,Relief,1,No,No,Player Team Season
669724,Brenan Hanifee,116,Detroit Tigers,116,Detroit Tigers,2025,1,Pitcher,54,0,11,0,0,3,3,0,1,10,1,60.0,65,31,20,3,14,2,40,2,260,2,0,87,52,7,29,10,60.0,3.0,1.3166666666666667,6.0,2.1,0.45,2.857142857142857,0.0,Relief,1,No,No,Player Team Season
622554,Seranthony Domínguez,141,Toronto Blue Jays,141,Toronto Blue Jays,2025,1,Pitcher,24,0,4,0,0,2,1,0,0,7,0,21.0,12,11,7,1,12,1,25,2,86,3,0,19,16,3,14,3,21.0,3.0,1.1428571428571428,10.714285714285714,5.142857142857143,0.42857142857142855,2.0833333333333335,0.0,Relief,2,Yes,Yes,Player Team Season
596271,Casey Lawrence,136,Seattle Mariners,136,Seattle Mariners,2025,1,Pitcher,5,0,3,0,0,1,2,0,0,0,0,15.0,20,12,5,2,1,0,6,0,65,1,0,14,24,2,0,0,15.0,3.0,1.4,3.6,0.6,1.2,6.0,0.0,Relief,2,Yes,Yes,Player Team Season
690986,Kyle Harrison,111,Boston Red Sox,111,Boston Red Sox,2025,1,Pitcher,3,2,0,0,0,0,0,0,0,0,0,12.0,14,4,4,0,5,0,13,1,56,1,0,10,13,0,0,0,12.0,3.0,1.5833333333333333,9.75,3.75,0.0,2.6,0.6666666666666666,Swing,2,Yes,Yes,Player Team Season
643361,Kevin Herget,121,New York Mets,121,New York Mets,2025,1,Pitcher,6,0,4,0,0,0,0,0,0,0,0,12.0,11,5,4,0,3,0,6,0,50,2,0,8,22,1,5,2,12.0,3.0,1.1666666666666667,4.5,2.25,0.0,2.0,0.0,Relief,2,Yes,Yes,Player Team Season
663897,Luke Williams,144,Atlanta Braves,144,Atlanta Braves,2025,6,Shortstop,6,0,5,0,0,0,0,0,0,0,0,6.0,6,2,2,1,1,0,4,0,25,0,0,4,10,0,3,0,6.0,3.0,1.1666666666666667,6.0,1.5,1.5,4.0,0.0,Relief,1,No,No,Player Team Season
686676,Korey Lee,145,Chicago White Sox,145,Chicago White Sox,2025,2,Catcher,2,0,2,0,0,0,0,0,0,0,0,3.0,4,1,1,0,2,0,0,0,14,0,0,1,7,0,0,0,3.0,3.0,2.0,0.0,6.0,0.0,0.0,0.0,Relief,1,No,No,Player Team Season
686753,Drey Jameson,109,Arizona Diamondbacks,109,Arizona Diamondbacks,2025,1,Pitcher,3,0,2,0,0,0,1,1,1,0,0,3.0,4,2,1,0,3,0,0,0,13,1,0,3,3,1,0,0,3.0,3.0,2.3333333333333335,0.0,9.0,0.0,0.0,0.0,Relief,1,No,No,Player Team Season
691094,Randy Wynne,113,Cincinnati Reds,113,Cincinnati Reds,2025,1,Pitcher,1,0,1,0,0,0,0,1,1,0,0,3.0,3,1,1,1,1,0,3,0,13,0,0,2,4,0,0,0,3.0,3.0,1.3333333333333333,9.0,3.0,3.0,3.0,0.0,Relief,1,No,No,Player Team Season
687074,Tyler Owens,116,Detroit Tigers,116,Detroit Tigers,2025,1,Pitcher,3,0,2,0,0,0,0,0,0,0,0,3.0,3,1,1,0,3,0,1,0,15,0,0,4,4,0,1,0,3.0,3.0,2.0,3.0,9.0,0.0,0.3333333333333333,0.0,Relief,1,No,No,Player Team Season
570632,José Ureña,119,Los Angeles Dodgers,119,Los Angeles Dodgers,2025,1,Pitcher,2,0,0,0,0,0,0,0,0,0,0,3.0,4,1,1,0,1,1,2,0,13,1,0,4,2,0,1,0,3.0,3.0,1.6666666666666667,6.0,3.0,0.0,2.0,0.0,Relief,5,Yes,Yes,Player Team Season
642759,Julian Fernández,120,Washington Nationals,120,Washington Nationals,2025,1,Pitcher,3,0,1,0,0,1,0,0,0,1,0,3.0,1,1,1,1,1,0,4,0,11,0,0,2,3,0,0,0,3.0,3.0,0.6666666666666666,12.0,3.0,3.0,4.0,0.0,Relief,2,Yes,Yes,Player Team Season
686654,Ty Adcock,121,New York Mets,121,New York Mets,2025,1,Pitcher,3,0,1,0,0,0,0,0,0,0,0,3.0,2,1,1,1,2,0,5,0,14,0,0,0,4,0,1,0,3.0,3.0,1.3333333333333333,15.0,6.0,3.0,2.5,0.0,Relief,1,No,No,Player Team Season
595345,Steven Okert,117,Houston Astros,117,Houston Astros,2025,1,Pitcher,68,1,7,0,0,3,2,1,3,10,2,71.2,45,25,24,6,19,1,84,2,276,0,0,33,93,4,38,9,71.66666666666667,3.013953488372093,0.8930232558139535,10.548837209302325,2.386046511627907,0.7534883720930232,4.421052631578948,0.014705882352941176,Swing,1,No,No,Player Team Season
676684,Will Vest,116,Detroit Tigers,116,Detroit Tigers,2025,1,Pitcher,64,0,40,0,0,6,5,23,30,3,7,68.2,61,26,23,4,22,1,75,1,284,4,0,78,47,7,27,12,68.66666666666667,3.0145631067961163,1.2087378640776698,9.83009708737864,2.8834951456310676,0.5242718446601942,3.409090909090909,0.0,Relief,1,No,No,Player Team Season
681911,Alex Vesia,119,Los Angeles Dodgers,119,Los Angeles Dodgers,2025,1,Pitcher,68,0,11,0,0,4,2,5,9,26,4,59.2,37,21,20,9,22,3,80,5,237,3,0,29,64,2,42,11,59.666666666666664,3.016759776536313,0.9888268156424581,12.067039106145252,3.3184357541899443,1.3575418994413408,3.6363636363636362,0.0,Relief,1,No,No,Player Team Season
673540,Kodai Senga,121,New York Mets,121,New York Mets,2025,1,Pitcher,22,22,0,0,0,7,6,0,0,0,0,113.1,94,44,38,12,55,0,109,3,482,5,0,119,100,11,0,0,113.33333333333333,3.0176470588235293,1.3147058823529412,8.655882352941177,4.36764705882353,0.9529411764705883,1.981818181818182,1.0,Starter,1,No,No,Player Team Season
680767,Victor Vodnik,115,Colorado Rockies,115,Colorado Rockies,2025,1,Pitcher,52,0,31,0,0,4,3,10,15,7,5,50.2,45,19,17,4,26,2,49,0,215,4,0,59,36,8,21,11,50.666666666666664,3.0197368421052633,1.4013157894736843,8.703947368421053,4.618421052631579,0.7105263157894737,1.8846153846153846,0.0,Relief,1,No,No,Player Team Season
679358,Eric Orze,139,Tampa Bay Rays,139,Tampa Bay Rays,2025,1,Pitcher,33,0,12,0,0,1,1,3,4,1,1,41.2,38,16,14,4,19,1,40,3,178,0,0,31,47,2,10,6,41.666666666666664,3.024,1.368,8.64,4.104,0.8640000000000001,2.1052631578947367,0.0,Relief,1,No,No,Player Team Season
663893,Brendon Little,141,Toronto Blue Jays,141,Toronto Blue Jays,2025,1,Pitcher,79,0,4,0,0,4,2,1,4,30,3,68.1,48,28,23,2,45,4,91,2,295,7,1,74,35,5,45,11,68.33333333333333,3.029268292682927,1.3609756097560977,11.985365853658537,5.926829268292684,0.2634146341463415,2.022222222222222,0.0,Relief,1,No,No,Player Team Season
572955,Pierce Johnson,144,Atlanta Braves,144,Atlanta Braves,2025,1,Pitcher,65,0,13,0,0,3,3,1,4,16,3,59.0,52,21,20,8,19,2,59,1,238,2,0,36,71,4,28,10,59.0,3.0508474576271185,1.2033898305084745,9.0,2.8983050847457625,1.2203389830508475,3.1052631578947367,0.0,Relief,1,No,No,Player Team Season
663738,Daniel Lynch IV,118,Kansas City Royals,118,Kansas City Royals,2025,1,Pitcher,57,2,8,0,0,6,2,1,1,7,0,67.2,66,24,23,8,26,1,45,6,289,1,0,78,68,6,21,2,67.66666666666667,3.0591133004926108,1.3596059113300492,5.985221674876847,3.4581280788177335,1.064039408866995,1.7307692307692308,0.03508771929824561,Swing,1,No,No,Player Team Season
668909,Gavin Williams,114,Cleveland Guardians,114,Cleveland Guardians,2025,1,Pitcher,31,31,0,0,0,12,5,0,0,0,0,167.2,130,62,57,23,83,0,173,3,704,9,1,162,153,8,0,0,167.66666666666666,3.0596421471172963,1.2703777335984097,9.286282306163022,4.455268389662028,1.234592445328032,2.0843373493975905,1.0,Starter,1,No,No,Player Team Season
681517,Kyle Leahy,138,St. Louis Cardinals,138,St. Louis Cardinals,2025,1,Pitcher,62,1,12,0,0,4,2,1,5,18,4,88.0,80,32,30,5,28,1,80,1,363,5,0,91,83,9,29,11,88.0,3.0681818181818183,1.2272727272727273,8.181818181818182,2.8636363636363638,0.5113636363636364,2.857142857142857,0.016129032258064516,Swing,1,No,No,Player Team Season
621383,Tanner Banks,143,Philadelphia Phillies,143,Philadelphia Phillies,2025,1,Pitcher,69,1,10,0,0,6,2,1,4,10,3,67.1,56,24,23,9,12,1,61,1,267,2,0,64,73,3,32,12,67.33333333333333,3.0742574257425743,1.00990099009901,8.153465346534654,1.603960396039604,1.2029702970297032,5.083333333333333,0.014492753623188406,Swing,1,No,No,Player Team Season
684320,Yariel Rodríguez,141,Toronto Blue Jays,141,Toronto Blue Jays,2025,1,Pitcher,66,1,17,0,0,3,2,2,3,14,1,73.0,50,26,25,8,34,3,66,6,298,2,2,66,76,7,36,4,73.0,3.0821917808219177,1.1506849315068493,8.136986301369863,4.191780821917808,0.9863013698630136,1.9411764705882353,0.015151515151515152,Swing,1,No,No,Player Team Season
607074,Carlos Rodón,147,New York Yankees,147,New York Yankees,2025,1,Pitcher,33,33,0,0,0,18,9,0,0,0,0,195.1,132,74,67,22,73,0,203,9,789,4,0,177,195,12,0,0,195.33333333333334,3.0870307167235493,1.0494880546075085,9.353242320819112,3.3634812286689417,1.0136518771331058,2.780821917808219,1.0,Starter,1,No,No,Player Team Season
657612,Tim Hill,147,New York Yankees,147,New York Yankees,2025,1,Pitcher,70,0,18,0,0,4,4,0,0,15,0,67.0,58,27,23,8,16,3,37,0,269,1,0,108,49,8,63,13,67.0,3.08955223880597,1.1044776119402986,4.970149253731344,2.1492537313432836,1.0746268656716418,2.3125,0.0,Relief,1,No,No,Player Team Season
680885,Spencer Schwellenbach,144,Atlanta Braves,144,Atlanta Braves,2025,1,Pitcher,17,17,0,1,0,7,4,0,0,0,0,110.2,89,44,38,13,18,1,108,2,434,2,0,123,94,5,0,0,110.66666666666667,3.0903614457831323,0.966867469879518,8.783132530120481,1.463855421686747,1.0572289156626506,6.0,1.0,Starter,1,No,No,Player Team Season
623167,Chris Flexen,112,Chicago Cubs,112,Chicago Cubs,2025,1,Pitcher,21,1,12,0,0,5,1,1,1,0,0,43.2,38,18,15,7,12,0,22,0,178,3,0,40,66,2,7,4,43.666666666666664,3.0916030534351147,1.1450381679389314,4.534351145038168,2.4732824427480917,1.4427480916030535,1.8333333333333333,0.047619047619047616,Swing,1,No,No,Player Team Season
683769,Hunter Gaddis,114,Cleveland Guardians,114,Cleveland Guardians,2025,1,Pitcher,73,0,8,0,0,2,2,3,7,35,4,66.2,58,24,23,8,21,2,73,1,274,2,0,51,70,2,35,15,66.66666666666667,3.105,1.1849999999999998,9.854999999999999,2.835,1.0799999999999998,3.4761904761904763,0.0,Relief,1,No,No,Player Team Season
669684,Chris Murphy,111,Boston Red Sox,111,Boston Red Sox,2025,1,Pitcher,23,0,12,0,0,3,0,0,0,2,0,34.2,21,12,12,4,20,1,30,5,148,1,0,43,29,3,9,3,34.666666666666664,3.1153846153846154,1.1826923076923077,7.788461538461539,5.1923076923076925,1.0384615384615385,1.5,0.0,Relief,1,No,No,Player Team Season
687396,Brent Headrick,147,New York Yankees,147,New York Yankees,2025,1,Pitcher,17,0,4,0,0,0,0,0,0,1,0,23.0,17,8,8,4,7,1,30,1,92,2,0,12,25,1,12,4,23.0,3.130434782608696,1.0434782608695652,11.73913043478261,2.739130434782609,1.565217391304348,4.285714285714286,0.0,Relief,1,No,No,Player Team Season
657514,Brennan Bernardino,111,Boston Red Sox,111,Boston Red Sox,2025,1,Pitcher,55,3,12,0,0,4,3,1,1,2,0,51.2,39,23,18,1,26,5,43,3,224,3,0,61,51,0,37,13,51.666666666666664,3.135483870967742,1.2580645161290323,7.490322580645161,4.529032258064516,0.17419354838709677,1.6538461538461537,0.05454545454545454,Swing,1,No,No,Player Team Season
593974,Wandy Peralta,135,San Diego Padres,135,San Diego Padres,2025,1,Pitcher,71,1,17,0,0,6,1,0,1,4,1,71.2,66,29,25,5,30,3,63,2,313,1,1,100,52,4,49,16,71.66666666666667,3.13953488372093,1.3395348837209302,7.911627906976744,3.767441860465116,0.627906976744186,2.1,0.014084507042253521,Swing,1,No,No,Player Team Season
608650,Dietrich Enns,110,Baltimore Orioles,110,Baltimore Orioles,2025,1,Pitcher,17,1,3,0,0,2,2,2,2,4,0,28.2,27,13,10,4,11,4,34,0,123,1,0,23,28,2,2,0,28.666666666666668,3.13953488372093,1.3255813953488371,10.674418604651162,3.453488372093023,1.255813953488372,3.090909090909091,0.058823529411764705,Swing,2,Yes,Yes,Player Team Season
806960,Luis Morales,133,Athletics,133,Athletics,2025,1,Pitcher,10,9,0,0,0,4,3,0,0,0,0,48.2,38,18,17,8,18,0,43,1,199,2,0,38,61,1,0,0,48.666666666666664,3.1438356164383565,1.1506849315068495,7.952054794520548,3.328767123287671,1.4794520547945207,2.388888888888889,0.9,Swing,1,No,No,Player Team Season
681857,Reese Olson,116,Detroit Tigers,116,Detroit Tigers,2025,1,Pitcher,13,13,0,0,0,4,4,0,0,0,0,68.2,58,24,24,5,25,2,65,5,285,2,0,63,69,7,0,0,68.66666666666667,3.145631067961165,1.2087378640776698,8.519417475728154,3.2766990291262132,0.6553398058252426,2.6,1.0,Starter,1,No,No,Player Team Season
688107,Robert Gasser,158,Milwaukee Brewers,158,Milwaukee Brewers,2025,1,Pitcher,2,2,0,0,0,0,2,0,0,0,0,5.2,5,6,2,1,4,0,5,2,29,0,0,4,9,0,0,0,5.666666666666667,3.176470588235294,1.588235294117647,7.941176470588235,6.352941176470588,1.588235294117647,1.25,1.0,Starter,1,No,No,Player Team Season
547184,Michael Kelly,133,Athletics,133,Athletics,2025,1,Pitcher,42,0,13,0,0,4,4,2,3,7,1,39.2,32,17,14,5,19,3,29,1,166,1,0,39,46,8,15,1,39.666666666666664,3.1764705882352944,1.2857142857142858,6.57983193277311,4.3109243697479,1.134453781512605,1.5263157894736843,0.0,Relief,1,No,No,Player Team Season
641778,Eric Lauer,141,Toronto Blue Jays,141,Toronto Blue Jays,2025,1,Pitcher,28,15,2,0,0,9,2,0,0,1,0,104.2,90,39,37,15,26,1,102,2,426,0,0,65,141,4,4,0,104.66666666666667,3.1815286624203822,1.10828025477707,8.770700636942674,2.235668789808917,1.2898089171974523,3.923076923076923,0.5357142857142857,Swing,1,No,No,Player Team Season
686993,Justin Sterner,133,Athletics,133,Athletics,2025,1,Pitcher,59,1,8,0,0,4,3,0,6,16,6,65.0,47,24,23,10,21,2,70,7,266,1,0,40,80,1,27,8,65.0,3.1846153846153844,1.0461538461538462,9.692307692307692,2.9076923076923076,1.3846153846153846,3.3333333333333335,0.01694915254237288,Swing,1,No,No,Player Team Season
607455,Anthony Banda,119,Los Angeles Dodgers,119,Los Angeles Dodgers,2025,1,Pitcher,71,1,15,0,0,5,1,0,1,12,1,65.0,45,23,23,8,34,6,61,2,268,7,0,51,75,3,35,10,65.0,3.1846153846153844,1.2153846153846153,8.446153846153846,4.707692307692308,1.1076923076923078,1.7941176470588236,0.014084507042253521,Swing,1,No,No,Player Team Season
607192,Tyler Glasnow,119,Los Angeles Dodgers,119,Los Angeles Dodgers,2025,1,Pitcher,18,18,0,0,0,4,3,0,0,0,0,90.1,56,33,32,10,43,0,106,3,366,5,2,79,79,7,0,0,90.33333333333333,3.1881918819188195,1.0959409594095941,10.56088560885609,4.284132841328414,0.996309963099631,2.4651162790697674,1.0,Starter,1,No,No,Player Team Season
665660,Elvis Alvarado,133,Athletics,133,Athletics,2025,1,Pitcher,37,0,13,0,0,1,1,0,1,4,1,42.1,34,17,15,6,22,1,50,2,183,2,0,30,45,1,6,2,42.333333333333336,3.1889763779527556,1.3228346456692912,10.629921259842519,4.677165354330708,1.2755905511811023,2.272727272727273,0.0,Relief,1,No,No,Player Team Season
663687,Hogan Harris,133,Athletics,133,Athletics,2025,1,Pitcher,48,0,20,0,0,2,1,4,4,3,0,64.2,54,26,23,5,33,4,65,1,277,1,0,47,77,3,30,9,64.66666666666667,3.2010309278350513,1.345360824742268,9.04639175257732,4.592783505154639,0.6958762886597938,1.9696969696969697,0.0,Relief,1,No,No,Player Team Season
605540,Brandon Woodruff,158,Milwaukee Brewers,158,Milwaukee Brewers,2025,1,Pitcher,12,12,0,0,0,7,2,0,0,0,0,64.2,45,26,23,9,14,0,83,3,257,1,0,38,73,1,0,0,64.66666666666667,3.2010309278350513,0.9123711340206185,11.551546391752577,1.9484536082474226,1.2525773195876289,5.928571428571429,1.0,Starter,1,No,No,Player Team Season
624133,Ranger Suarez,143,Philadelphia Phillies,143,Philadelphia Phillies,2025,1,Pitcher,26,26,0,0,0,12,8,0,0,0,0,157.1,154,57,56,14,38,0,151,6,651,0,0,150,152,13,0,0,157.33333333333334,3.2033898305084745,1.2203389830508473,8.637711864406779,2.173728813559322,0.8008474576271186,3.973684210526316,1.0,Starter,1,No,No,Player Team Season
571510,Matthew Boyd,112,Chicago Cubs,112,Chicago Cubs,2025,1,Pitcher,31,31,0,0,0,14,8,0,0,0,0,179.2,154,69,64,19,42,0,154,9,718,2,0,144,215,15,0,0,179.66666666666666,3.205936920222635,1.090909090909091,7.714285714285714,2.103896103896104,0.9517625231910947,3.6666666666666665,1.0,Starter,1,No,No,Player Team Season
628452,Raisel Iglesias,144,Atlanta Braves,144,Atlanta Braves,2025,1,Pitcher,70,0,57,0,0,4,6,29,34,2,5,67.1,51,25,24,8,16,2,73,2,266,0,0,40,84,3,10,5,67.33333333333333,3.207920792079208,0.9950495049504952,9.757425742574258,2.1386138613861387,1.0693069306930694,4.5625,0.0,Relief,1,No,No,Player Team Season
676282,Joey Cantillo,114,Cleveland Guardians,114,Cleveland Guardians,2025,1,Pitcher,34,13,10,0,0,5,3,1,1,1,0,95.1,78,39,34,10,42,0,108,0,401,2,0,79,94,5,8,1,95.33333333333333,3.20979020979021,1.2587412587412588,10.195804195804197,3.9650349650349654,0.9440559440559441,2.5714285714285716,0.38235294117647056,Swing,1,No,No,Player Team Season
702056,Trey Yesavage,141,Toronto Blue Jays,141,Toronto Blue Jays,2025,1,Pitcher,3,3,0,0,0,1,0,0,0,0,0,14.0,13,5,5,0,7,0,16,0,62,0,0,13,13,0,0,0,14.0,3.2142857142857144,1.4285714285714286,10.285714285714286,4.5,0.0,2.2857142857142856,1.0,Starter,1,No,No,Player Team Season
681882,Colin Selby,110,Baltimore Orioles,110,Baltimore Orioles,2025,1,Pitcher,11,0,5,0,0,0,2,0,0,0,0,14.0,16,5,5,2,2,0,14,0,60,0,0,16,12,0,5,1,14.0,3.2142857142857144,1.2857142857142858,9.0,1.2857142857142858,1.2857142857142858,7.0,0.0,Relief,1,No,No,Player Team Season
657277,Logan Webb,137,San Francisco Giants,137,San Francisco Giants,2025,1,Pitcher,34,34,0,0,0,15,11,0,0,0,0,207.0,210,82,74,14,46,0,224,6,856,2,0,240,129,22,0,0,207.0,3.217391304347826,1.2367149758454106,9.73913043478261,2.0,0.6086956521739131,4.869565217391305,1.0,Starter,1,No,No,Player Team Season
594902,Ben Lively,114,Cleveland Guardians,114,Cleveland Guardians,2025,1,Pitcher,9,9,0,0,0,2,2,0,0,0,0,44.2,38,16,16,6,15,0,29,0,178,0,0,31,65,5,0,0,44.666666666666664,3.2238805970149254,1.1865671641791045,5.843283582089552,3.0223880597014925,1.2089552238805972,1.9333333333333333,1.0,Starter,1,No,No,Player Team Season
681982,Grant Anderson,158,Milwaukee Brewers,158,Milwaukee Brewers,2025,1,Pitcher,66,0,19,0,0,2,6,0,3,6,3,69.2,59,35,25,8,29,3,74,2,299,0,0,63,72,4,36,10,69.66666666666667,3.229665071770335,1.263157894736842,9.559808612440191,3.7464114832535884,1.033492822966507,2.5517241379310347,0.0,Relief,1,No,No,Player Team Season
661403,Emmanuel Clase,114,Cleveland Guardians,114,Cleveland Guardians,2025,1,Pitcher,48,0,41,0,0,5,3,24,29,1,5,47.1,46,20,17,2,12,2,47,4,201,4,0,46,46,1,2,1,47.333333333333336,3.232394366197183,1.2253521126760563,8.936619718309858,2.2816901408450705,0.38028169014084506,3.9166666666666665,0.0,Relief,1,No,No,Player Team Season
664294,Dauri Moreta,134,Pittsburgh Pirates,134,Pittsburgh Pirates,2025,1,Pitcher,18,0,6,0,0,1,1,0,1,2,1,16.2,16,8,6,2,7,1,19,0,68,0,0,7,19,2,10,3,16.666666666666668,3.2399999999999998,1.38,10.26,3.78,1.0799999999999998,2.7142857142857144,0.0,Relief,1,No,No,Player Team Season
622554,Seranthony Domínguez,110,Baltimore Orioles,110,Baltimore Orioles,2025,1,Pitcher,43,0,11,0,0,2,3,2,5,13,3,41.2,32,19,15,4,24,1,54,0,175,9,0,27,38,2,20,1,41.666666666666664,3.24,1.344,11.664000000000001,5.184,0.8640000000000001,2.25,0.0,Relief,2,Yes,Yes,Player Team Season
664199,Taylor Clarke,118,Kansas City Royals,118,Kansas City Royals,2025,1,Pitcher,51,0,15,0,0,1,1,1,2,5,1,55.1,38,20,20,8,9,0,44,1,206,5,0,57,57,6,22,8,55.333333333333336,3.253012048192771,0.8493975903614458,7.156626506024096,1.463855421686747,1.3012048192771084,4.888888888888889,0.0,Relief,1,No,No,Player Team Season
657571,Caleb Ferguson,136,Seattle Mariners,136,Seattle Mariners,2025,1,Pitcher,25,0,2,0,0,3,2,0,1,4,1,22.0,21,9,8,1,8,1,17,1,94,1,0,25,22,1,6,2,22.0,3.272727272727273,1.3181818181818181,6.954545454545454,3.272727272727273,0.4090909090909091,2.125,0.0,Relief,2,Yes,Yes,Player Team Season
519326,Hunter Strickland,108,Los Angeles Angels,108,Los Angeles Angels,2025,1,Pitcher,19,0,6,0,0,1,2,1,2,2,1,22.0,17,9,8,2,10,2,14,0,91,1,0,19,31,1,21,4,22.0,3.272727272727273,1.2272727272727273,5.7272727272727275,4.090909090909091,0.8181818181818182,1.4,0.0,Relief,1,No,No,Player Team Season
660787,Yerry De los Santos,147,New York Yankees,147,New York Yankees,2025,1,Pitcher,25,0,5,0,0,0,1,0,0,4,0,35.2,37,15,13,1,17,0,28,1,160,2,0,48,29,5,9,1,35.666666666666664,3.280373831775701,1.5140186915887852,7.065420560747664,4.289719626168225,0.25233644859813087,1.6470588235294117,0.0,Relief,1,No,No,Player Team Season
676534,Calvin Faucher,146,Miami Marlins,146,Miami Marlins,2025,1,Pitcher,65,0,29,0,0,4,4,15,20,7,5,60.1,53,27,22,8,24,0,59,3,255,2,0,61,55,4,14,4,60.333333333333336,3.281767955801105,1.276243093922652,8.80110497237569,3.580110497237569,1.1933701657458564,2.4583333333333335,0.0,Relief,1,No,No,Player Team Season
669276,Dylan Lee,144,Atlanta Braves,144,Atlanta Braves,2025,1,Pitcher,74,0,6,0,0,2,4,2,9,19,7,68.1,53,27,25,13,14,1,76,0,266,3,3,57,66,4,32,7,68.33333333333333,3.2926829268292686,0.9804878048780489,10.009756097560976,1.8439024390243903,1.7121951219512197,5.428571428571429,0.0,Relief,1,No,No,Player Team Season
689147,Orion Kerkering,143,Philadelphia Phillies,143,Philadelphia Phillies,2025,1,Pitcher,69,0,12,0,0,8,4,4,11,19,7,60.0,55,28,22,6,27,3,65,4,266,5,0,53,62,4,32,14,60.0,3.3,1.3666666666666667,9.75,4.05,0.9,2.4074074074074074,0.0,Relief,1,No,No,Player Team Season
660896,Jorge Alcala,111,Boston Red Sox,111,Boston Red Sox,2025,1,Pitcher,19,0,7,0,0,0,0,0,1,1,1,16.1,19,11,6,4,8,0,18,0,76,3,1,11,20,0,9,7,16.333333333333332,3.306122448979592,1.653061224489796,9.918367346938776,4.408163265306123,2.2040816326530615,2.25,0.0,Relief,3,Yes,Yes,Player Team Season
661563,Luis Gil,147,New York Yankees,147,New York Yankees,2025,1,Pitcher,11,11,0,0,0,4,1,0,0,0,0,57.0,47,23,21,5,33,0,41,1,244,4,2,41,81,4,0,0,57.0,3.3157894736842106,1.4035087719298245,6.473684210526316,5.2105263157894735,0.7894736842105263,1.2424242424242424,1.0,Starter,1,No,No,Player Team Season
682990,Quinn Priester,158,Milwaukee Brewers,158,Milwaukee Brewers,2025,1,Pitcher,29,24,2,0,0,13,3,0,0,0,0,157.1,145,62,58,18,50,0,132,6,653,4,0,198,122,18,2,1,157.33333333333334,3.3177966101694913,1.2394067796610169,7.5508474576271185,2.8601694915254234,1.0296610169491525,2.64,0.8275862068965517,Swing,1,No,No,Player Team Season
657376,Clarke Schmidt,147,New York Yankees,147,New York Yankees,2025,1,Pitcher,14,14,0,0,0,4,4,0,0,0,0,78.2,56,29,29,9,30,0,73,1,316,2,2,57,99,4,0,0,78.66666666666667,3.3177966101694913,1.0932203389830508,8.351694915254237,3.432203389830508,1.0296610169491525,2.433333333333333,1.0,Starter,1,No,No,Player Team Season
552640,Andrew Kittredge,112,Chicago Cubs,112,Chicago Cubs,2025,1,Pitcher,23,0,8,0,0,2,1,5,6,8,1,21.2,15,9,8,3,3,0,32,0,82,0,0,22,10,2,4,2,21.666666666666668,3.323076923076923,0.8307692307692307,13.292307692307691,1.2461538461538462,1.2461538461538462,10.666666666666666,0.0,Relief,2,Yes,Yes,Player Team Season
666157,Nick Lodolo,113,Cincinnati Reds,113,Cincinnati Reds,2025,1,Pitcher,29,28,0,2,1,9,8,0,0,0,0,156.2,138,60,58,22,31,1,156,13,642,2,1,149,155,6,0,0,156.66666666666666,3.3319148936170215,1.0787234042553193,8.961702127659574,1.7808510638297874,1.2638297872340427,5.032258064516129,0.9655172413793104,Swing,1,No,No,Player Team Season
678394,Brayan Bello,111,Boston Red Sox,111,Boston Red Sox,2025,1,Pitcher,29,28,0,1,0,11,9,0,0,0,0,166.2,147,71,62,16,59,0,124,13,700,5,0,199,158,17,0,0,166.66666666666666,3.3480000000000003,1.236,6.696000000000001,3.1860000000000004,0.8640000000000001,2.1016949152542375,0.9655172413793104,Swing,1,No,No,Player Team Season
458677,Justin Wilson,111,Boston Red Sox,111,Boston Red Sox,2025,1,Pitcher,61,0,3,0,0,4,1,0,4,19,4,48.1,48,22,18,3,20,3,57,2,207,3,0,41,39,5,48,17,48.333333333333336,3.3517241379310345,1.4068965517241379,10.613793103448275,3.7241379310344827,0.5586206896551724,2.85,0.0,Relief,1,No,No,Player Team Season
687888,Brandon Walter,117,Houston Astros,117,Houston Astros,2025,1,Pitcher,9,9,0,0,0,1,3,0,0,0,0,53.2,46,20,20,10,4,0,52,3,212,0,0,53,54,1,0,0,53.666666666666664,3.3540372670807455,0.9316770186335405,8.720496894409939,0.6708074534161491,1.6770186335403727,13.0,1.0,Starter,1,No,No,Player Team Season
477132,Clayton Kershaw,119,Los Angeles Dodgers,119,Los Angeles Dodgers,2025,1,Pitcher,23,22,0,0,0,11,2,0,0,0,0,112.2,102,46,42,8,35,0,84,2,463,5,1,122,118,14,0,0,112.66666666666667,3.3550295857988166,1.2159763313609466,6.710059171597633,2.79585798816568,0.6390532544378698,2.4,0.9565217391304348,Swing,1,No,No,Player Team Season
656271,Brock Burke,108,Los Angeles Angels,108,Los Angeles Angels,2025,1,Pitcher,69,1,14,0,0,7,1,0,5,15,5,61.2,58,24,23,8,18,4,52,3,257,0,1,73,53,5,35,17,61.666666666666664,3.3567567567567567,1.2324324324324325,7.58918918918919,2.6270270270270273,1.1675675675675676,2.888888888888889,0.014492753623188406,Swing,1,No,No,Player Team Season
677955,Jaden Hill,115,Colorado Rockies,115,Colorado Rockies,2025,1,Pitcher,28,0,7,0,0,1,1,0,0,3,0,29.1,27,14,11,2,12,0,31,3,129,3,0,28,28,2,17,7,29.333333333333332,3.375,1.3295454545454546,9.511363636363637,3.681818181818182,0.6136363636363636,2.5833333333333335,0.0,Relief,1,No,No,Player Team Season
664141,JT Brubaker,147,New York Yankees,147,New York Yankees,2025,1,Pitcher,12,0,10,0,0,0,0,0,0,0,0,16.0,10,6,6,0,9,0,10,1,63,0,0,16,17,3,4,0,16.0,3.375,1.1875,5.625,5.0625,0.0,1.1111111111111112,0.0,Relief,2,Yes,Yes,Player Team Season
607200,Erick Fedde,158,Milwaukee Brewers,158,Milwaukee Brewers,2025,1,Pitcher,7,0,1,0,0,0,1,0,0,1,0,16.0,11,7,6,2,7,0,7,0,66,0,0,21,20,0,0,0,16.0,3.375,1.125,3.9375,3.9375,1.125,1.0,0.0,Relief,3,Yes,Yes,Player Team Season
641540,Dane Dunning,140,Texas Rangers,140,Texas Rangers,2025,1,Pitcher,5,0,4,0,0,0,0,2,2,0,0,10.2,9,4,4,2,5,1,10,1,46,1,0,7,14,1,0,0,10.666666666666666,3.375,1.3125,8.4375,4.21875,1.6875,2.0,0.0,Relief,2,Yes,Yes,Player Team Season
663773,Bryan Hoeing,135,San Diego Padres,135,San Diego Padres,2025,1,Pitcher,7,0,0,0,0,1,0,0,0,0,0,8.0,9,3,3,0,3,0,5,0,36,1,0,9,10,1,6,1,8.0,3.375,1.5,5.625,3.375,0.0,1.6666666666666667,0.0,Relief,1,No,No,Player Team Season
640462,A.J. Puk,109,Arizona Diamondbacks,109,Arizona Diamondbacks,2025,1,Pitcher,8,0,5,0,0,0,0,4,4,2,0,8.0,8,3,3,2,2,0,12,1,35,1,0,5,7,0,2,2,8.0,3.375,1.25,13.5,2.25,2.25,6.0,0.0,Relief,1,No,No,Player Team Season
681869,Shawn Dubin,110,Baltimore Orioles,110,Baltimore Orioles,2025,1,Pitcher,7,0,3,0,0,0,0,0,0,2,0,8.0,7,3,3,0,3,0,7,1,34,0,0,9,7,0,4,1,8.0,3.375,1.25,7.875,3.375,0.0,2.3333333333333335,0.0,Relief,2,Yes,Yes,Player Team Season
802686,Hayden Harris,144,Atlanta Braves,144,Atlanta Braves,2025,1,Pitcher,3,0,0,0,0,0,0,0,0,0,0,2.2,3,1,1,0,2,0,0,0,12,0,0,2,5,1,0,0,2.6666666666666665,3.375,1.875,0.0,6.75,0.0,0.0,0.0,Relief,1,No,No,Player Team Season
606303,Joel Payamps,144,Atlanta Braves,144,Atlanta Braves,2025,1,Pitcher,2,0,0,0,0,0,0,0,0,1,0,2.2,2,1,1,1,0,0,2,0,9,0,0,1,4,1,0,0,2.6666666666666665,3.375,0.75,6.75,0.0,3.375,,0.0,Relief,2,Yes,Yes,Player Team Season
670950,Trevor Richards,109,Arizona Diamondbacks,109,Arizona Diamondbacks,2025,1,Pitcher,2,0,1,0,0,0,0,0,0,0,0,2.2,4,1,1,0,0,0,3,0,11,1,0,1,3,0,1,0,2.6666666666666665,3.375,1.5,10.125,0.0,0.0,,0.0,Relief,2,Yes,Yes,Player Team Season
681432,Luke Little,112,Chicago Cubs,112,Chicago Cubs,2025,1,Pitcher,2,0,0,0,0,0,0,0,0,0,0,2.2,1,2,1,0,6,0,4,0,15,0,0,2,2,0,0,0,2.6666666666666665,3.375,2.625,13.5,20.25,0.0,0.6666666666666666,0.0,Relief,1,No,No,Player Team Season
669194,Ryne Nelson,109,Arizona Diamondbacks,109,Arizona Diamondbacks,2025,1,Pitcher,33,23,4,0,0,7,3,1,2,1,1,154.0,124,62,58,17,41,0,132,4,619,1,0,140,178,12,1,0,154.0,3.3896103896103895,1.0714285714285714,7.714285714285714,2.396103896103896,0.9935064935064936,3.2195121951219514,0.696969696969697,Swing,1,No,No,Player Team Season
663767,Chase Shugart,134,Pittsburgh Pirates,134,Pittsburgh Pirates,2025,1,Pitcher,35,0,11,0,0,4,3,0,3,5,3,45.0,33,18,17,6,17,2,31,1,181,3,0,37,62,2,24,4,45.0,3.4,1.1111111111111112,6.2,3.4,1.2,1.8235294117647058,0.0,Relief,1,No,No,Player Team Season
678226,Daysbel Hernández,144,Atlanta Braves,144,Atlanta Braves,2025,1,Pitcher,39,0,6,0,0,4,3,0,2,10,2,37.0,27,16,14,3,30,1,33,2,164,2,0,32,40,5,14,3,37.0,3.4054054054054053,1.5405405405405406,8.027027027027026,7.297297297297297,0.7297297297297297,1.1,0.0,Relief,1,No,No,Player Team Season
669211,Keegan Akin,110,Baltimore Orioles,110,Baltimore Orioles,2025,1,Pitcher,64,3,18,0,0,5,4,8,14,16,6,63.1,54,28,24,10,33,2,59,1,268,2,0,49,72,5,37,8,63.333333333333336,3.4105263157894736,1.3736842105263158,8.384210526315789,4.689473684210526,1.4210526315789473,1.7878787878787878,0.046875,Swing,1,No,No,Player Team Season
608337,Lucas Giolito,111,Boston Red Sox,111,Boston Red Sox,2025,1,Pitcher,26,26,0,0,0,10,4,0,0,0,0,145.0,131,62,55,17,56,0,121,1,613,4,0,126,176,8,0,0,145.0,3.413793103448276,1.289655172413793,7.510344827586207,3.475862068965517,1.0551724137931036,2.1607142857142856,1.0,Starter,1,No,No,Player Team Season
621051,Steven Wilson,145,Chicago White Sox,145,Chicago White Sox,2025,1,Pitcher,59,0,23,0,0,2,2,2,9,10,7,55.1,50,21,21,7,22,2,51,3,241,2,0,32,83,2,35,9,55.333333333333336,3.4156626506024095,1.3012048192771084,8.295180722891565,3.578313253012048,1.1385542168674698,2.3181818181818183,0.0,Relief,1,No,No,Player Team Season
657746,Joe Ryan,142,Minnesota Twins,142,Minnesota Twins,2025,1,Pitcher,31,30,0,0,0,13,10,0,0,0,0,171.0,138,69,65,26,39,0,194,12,689,0,2,117,189,6,0,0,171.0,3.4210526315789473,1.0350877192982457,10.210526315789474,2.0526315789473686,1.368421052631579,4.9743589743589745,0.967741935483871,Swing,1,No,No,Player Team Season
682825,Luis Mey,113,Cincinnati Reds,113,Cincinnati Reds,2025,1,Pitcher,23,0,7,0,0,2,0,0,1,4,1,21.0,17,8,8,3,17,0,21,1,96,2,0,22,18,1,8,4,21.0,3.4285714285714284,1.619047619047619,9.0,7.285714285714286,1.2857142857142858,1.2352941176470589,0.0,Relief,1,No,No,Player Team Season
669302,Logan Gilbert,136,Seattle Mariners,136,Seattle Mariners,2025,1,Pitcher,25,25,0,0,0,6,6,0,0,0,0,131.0,104,53,50,20,31,0,173,7,535,10,0,93,127,1,0,0,131.0,3.435114503816794,1.0305343511450382,11.885496183206106,2.1297709923664123,1.3740458015267176,5.580645161290323,1.0,Starter,1,No,No,Player Team Season
650633,Michael King,135,San Diego Padres,135,San Diego Padres,2025,1,Pitcher,15,15,0,1,1,5,3,0,0,0,0,73.1,62,31,28,12,26,0,76,4,308,2,0,57,83,5,0,0,73.33333333333333,3.4363636363636365,1.2000000000000002,9.327272727272728,3.190909090909091,1.4727272727272729,2.923076923076923,1.0,Starter,1,No,No,Player Team Season
571927,Steven Matz,138,St. Louis Cardinals,138,St. Louis Cardinals,2025,1,Pitcher,32,2,2,0,0,5,2,1,4,7,3,55.0,56,25,21,4,9,0,47,1,227,2,0,53,61,5,18,5,55.0,3.4363636363636365,1.1818181818181819,7.6909090909090905,1.4727272727272727,0.6545454545454545,5.222222222222222,0.0625,Swing,2,Yes,Yes,Player Team Season
552640,Andrew Kittredge,110,Baltimore Orioles,110,Baltimore Orioles,2025,1,Pitcher,31,0,9,0,0,2,2,0,0,7,0,31.1,26,13,12,4,8,1,32,0,126,1,0,31,29,3,6,2,31.333333333333332,3.446808510638298,1.0851063829787235,9.191489361702128,2.297872340425532,1.148936170212766,4.0,0.0,Relief,2,Yes,Yes,Player Team Season
663399,Brandon Waddell,121,New York Mets,121,New York Mets,2025,1,Pitcher,11,1,4,0,0,0,0,0,0,1,0,31.1,29,12,12,4,11,0,22,1,134,0,0,32,39,2,7,1,31.333333333333332,3.446808510638298,1.2765957446808511,6.319148936170213,3.1595744680851063,1.148936170212766,2.0,0.09090909090909091,Swing,1,No,No,Player Team Season
669093,Jeremiah Estrada,135,San Diego Padres,135,San Diego Padres,2025,1,Pitcher,77,0,7,0,0,4,5,3,6,30,3,73.0,58,31,28,12,27,2,108,3,304,3,0,42,66,2,22,8,73.0,3.452054794520548,1.1643835616438356,13.315068493150685,3.328767123287671,1.4794520547945205,4.0,0.0,Relief,1,No,No,Player Team Season
669084,DL Hall,158,Milwaukee Brewers,158,Milwaukee Brewers,2025,1,Pitcher,20,3,2,0,0,1,0,0,0,1,0,38.2,24,15,15,2,17,0,27,0,155,0,0,37,50,2,8,4,38.666666666666664,3.491379310344828,1.0603448275862069,6.28448275862069,3.9568965517241383,0.4655172413793104,1.588235294117647,0.15,Swing,1,No,No,Player Team Season
683232,Nick Mears,158,Milwaukee Brewers,158,Milwaukee Brewers,2025,1,Pitcher,63,0,4,0,0,5,3,1,7,17,6,56.2,42,25,22,7,13,1,46,1,221,2,0,45,74,3,50,14,56.666666666666664,3.4941176470588236,0.9705882352941176,7.305882352941177,2.0647058823529414,1.111764705882353,3.5384615384615383,0.0,Relief,1,No,No,Player Team Season
681892,Kody Funderburk,142,Minnesota Twins,142,Minnesota Twins,2025,1,Pitcher,39,0,11,0,0,4,1,1,1,7,0,41.0,44,17,16,2,18,1,40,3,183,5,1,48,30,3,12,5,41.0,3.5121951219512195,1.5121951219512195,8.78048780487805,3.951219512195122,0.43902439024390244,2.2222222222222223,0.0,Relief,1,No,No,Player Team Season
641329,Bryan Baker,110,Baltimore Orioles,110,Baltimore Orioles,2025,1,Pitcher,42,0,7,0,0,3,2,2,5,10,3,38.1,33,17,15,8,9,0,49,0,151,1,0,27,33,4,18,2,38.333333333333336,3.5217391304347823,1.0956521739130434,11.504347826086956,2.1130434782608694,1.8782608695652172,5.444444444444445,0.0,Relief,2,Yes,Yes,Player Team Season
677651,Luis Garcia,117,Houston Astros,117,Houston Astros,2025,1,Pitcher,2,2,0,0,0,1,0,0,0,0,0,7.2,3,3,3,2,1,0,7,1,28,0,0,5,11,0,0,0,7.666666666666667,3.5217391304347823,0.5217391304347826,8.217391304347826,1.1739130434782608,2.3478260869565215,7.0,1.0,Starter,1,No,No,Player Team Season
666659,Sauryn Lao,120,Washington Nationals,120,Washington Nationals,2025,1,Pitcher,6,0,0,0,0,1,0,0,0,0,0,7.2,8,3,3,1,1,0,5,1,32,0,0,10,7,1,0,0,7.666666666666667,3.5217391304347823,1.1739130434782608,5.869565217391304,1.1739130434782608,1.1739130434782608,5.0,0.0,Relief,2,Yes,Yes,Player Team Season
650893,Génesis Cabrera,121,New York Mets,121,New York Mets,2025,1,Pitcher,6,0,1,0,0,0,0,0,0,0,0,7.2,7,3,3,1,3,0,7,0,32,0,0,4,11,0,4,2,7.666666666666667,3.5217391304347823,1.3043478260869565,8.217391304347826,3.5217391304347823,1.1739130434782608,2.3333333333333335,0.0,Relief,4,Yes,Yes,Player Team Season
664208,Phil Maton,140,Texas Rangers,140,Texas Rangers,2025,1,Pitcher,23,0,13,0,0,3,2,3,6,2,3,23.0,14,9,9,2,8,1,33,2,90,0,0,13,20,2,13,4,23.0,3.5217391304347827,0.9565217391304348,12.91304347826087,3.130434782608696,0.782608695652174,4.125,0.0,Relief,2,Yes,Yes,Player Team Season
665795,Edward Cabrera,146,Miami Marlins,146,Miami Marlins,2025,1,Pitcher,26,26,0,0,0,8,7,0,0,0,0,137.2,121,60,54,17,48,0,150,10,581,8,0,139,113,7,0,0,137.66666666666666,3.5302663438256663,1.2276029055690074,9.80629539951574,3.1380145278450366,1.1113801452784504,3.125,1.0,Starter,1,No,No,Player Team Season
605280,Clay Holmes,121,New York Mets,121,New York Mets,2025,1,Pitcher,33,31,0,0,0,12,8,0,0,0,0,165.2,150,74,65,14,66,0,129,13,708,6,1,219,130,14,2,1,165.66666666666666,3.531187122736419,1.3038229376257546,7.008048289738431,3.585513078470825,0.7605633802816902,1.9545454545454546,0.9393939393939394,Swing,1,No,No,Player Team Season
694477,Chad Patrick,158,Milwaukee Brewers,158,Milwaukee Brewers,2025,1,Pitcher,27,23,0,0,0,3,8,0,0,1,0,119.2,113,49,47,13,40,1,127,4,503,1,0,83,136,6,0,0,119.66666666666667,3.534818941504178,1.2785515320334262,9.551532033426183,3.0083565459610027,0.9777158774373259,3.175,0.8518518518518519,Swing,1,No,No,Player Team Season
527048,Martín Pérez,145,Chicago White Sox,145,Chicago White Sox,2025,1,Pitcher,11,10,0,0,0,1,6,0,0,0,0,56.0,40,23,22,6,22,0,44,2,228,0,0,53,67,6,0,0,56.0,3.5357142857142856,1.1071428571428572,7.071428571428571,3.5357142857142856,0.9642857142857143,2.0,0.9090909090909091,Swing,1,No,No,Player Team Season
622491,Luis Castillo,136,Seattle Mariners,136,Seattle Mariners,2025,1,Pitcher,32,32,0,0,0,11,8,0,0,0,0,180.2,168,76,71,23,46,0,162,7,745,3,0,165,197,15,0,0,180.66666666666666,3.5369003690036904,1.1845018450184504,8.070110701107012,2.2915129151291516,1.1457564575645758,3.5217391304347827,1.0,Starter,1,No,No,Player Team Season
669387,Carmen Mlodzinski,134,Pittsburgh Pirates,134,Pittsburgh Pirates,2025,1,Pitcher,34,12,7,0,0,5,8,0,1,3,1,99.0,102,42,39,8,27,0,89,4,419,5,0,106,91,9,6,1,99.0,3.5454545454545454,1.303030303030303,8.090909090909092,2.4545454545454546,0.7272727272727273,3.2962962962962963,0.35294117647058826,Swing,1,No,No,Player Team Season
668964,Tobias Myers,158,Milwaukee Brewers,158,Milwaukee Brewers,2025,1,Pitcher,22,6,8,0,0,1,2,0,0,1,0,50.2,54,21,20,5,15,0,38,2,220,0,1,43,68,3,6,0,50.666666666666664,3.5526315789473686,1.361842105263158,6.75,2.6644736842105265,0.8881578947368421,2.533333333333333,0.2727272727272727,Swing,1,No,No,Player Team Season
518585,Fernando Cruz,147,New York Yankees,147,New York Yankees,2025,1,Pitcher,49,0,4,0,0,3,4,2,3,16,1,48.0,33,21,19,5,24,0,72,3,200,5,0,32,36,4,27,2,48.0,3.5625,1.1875,13.5,4.5,0.9375,3.0,0.0,Relief,1,No,No,Player Team Season
681867,Cooper Criswell,111,Boston Red Sox,111,Boston Red Sox,2025,1,Pitcher,7,1,5,0,0,1,0,1,1,0,0,17.2,23,10,7,3,5,0,9,0,80,0,0,24,19,1,6,3,17.666666666666668,3.5660377358490565,1.5849056603773584,4.584905660377358,2.5471698113207544,1.5283018867924527,1.8,0.14285714285714285,Swing,1,No,No,Player Team Season
670912,Johan Oviedo,134,Pittsburgh Pirates,134,Pittsburgh Pirates,2025,1,Pitcher,9,9,0,0,0,2,1,0,0,0,0,40.1,26,17,16,6,23,0,42,3,170,1,1,26,50,3,0,0,40.333333333333336,3.570247933884297,1.2148760330578512,9.37190082644628,5.132231404958677,1.3388429752066116,1.826086956521739,1.0,Starter,1,No,No,Player Team Season
669456,Shane Bieber,141,Toronto Blue Jays,141,Toronto Blue Jays,2025,1,Pitcher,7,7,0,0,0,4,2,0,0,0,0,40.1,34,16,16,8,7,0,37,1,159,0,0,44,36,4,0,0,40.333333333333336,3.570247933884297,1.0165289256198347,8.256198347107437,1.56198347107438,1.7851239669421486,5.285714285714286,1.0,Starter,1,No,No,Player Team Season
623211,Huascar Brazobán,121,New York Mets,121,New York Mets,2025,1,Pitcher,52,3,6,0,0,5,2,2,6,12,4,63.0,51,29,25,6,27,1,57,4,262,2,0,63,60,8,32,5,63.0,3.5714285714285716,1.2380952380952381,8.142857142857142,3.857142857142857,0.8571428571428571,2.111111111111111,0.057692307692307696,Swing,1,No,No,Player Team Season
592332,Kevin Gausman,141,Toronto Blue Jays,141,Toronto Blue Jays,2025,1,Pitcher,32,32,0,1,1,10,11,0,0,0,0,193.0,155,79,77,21,50,2,189,3,775,1,2,150,226,8,0,0,193.0,3.5906735751295336,1.0621761658031088,8.813471502590673,2.33160621761658,0.9792746113989638,3.78,1.0,Starter,1,No,No,Player Team Season
689266,Dylan Dodd,144,Atlanta Braves,144,Atlanta Braves,2025,1,Pitcher,28,0,12,0,0,1,0,0,1,2,1,35.0,28,14,14,5,5,0,30,1,136,1,0,39,33,0,20,8,35.0,3.6,0.9428571428571428,7.714285714285714,1.2857142857142858,1.2857142857142858,6.0,0.0,Relief,1,No,No,Player Team Season
643377,Griffin Jax,139,Tampa Bay Rays,139,Tampa Bay Rays,2025,1,Pitcher,23,2,3,0,0,0,2,0,1,7,1,20.0,18,9,8,3,8,1,27,0,85,0,0,15,16,2,4,0,20.0,3.6,1.3,12.15,3.6,1.35,3.375,0.08695652173913043,Swing,2,Yes,Yes,Player Team Season
641343,Jake Bauers,158,Milwaukee Brewers,158,Milwaukee Brewers,2025,3,First Base,5,0,5,0,0,0,0,0,0,0,0,5.0,8,4,2,0,3,0,1,2,29,0,0,4,11,0,0,0,5.0,3.6,2.2,1.8,5.4,0.0,0.3333333333333333,0.0,Relief,1,No,No,Player Team Season
596133,Luke Weaver,147,New York Yankees,147,New York Yankees,2025,1,Pitcher,64,0,17,0,0,4,4,8,12,21,4,64.2,46,28,26,10,20,1,72,1,262,1,0,34,88,0,38,12,64.66666666666667,3.6185567010309274,1.0206185567010309,10.02061855670103,2.783505154639175,1.3917525773195876,3.6,0.0,Relief,1,No,No,Player Team Season
693855,Ian Seymour,139,Tampa Bay Rays,139,Tampa Bay Rays,2025,1,Pitcher,19,5,7,0,0,4,3,0,1,0,1,57.0,48,33,23,5,19,1,64,3,242,0,0,50,58,4,3,1,57.0,3.6315789473684212,1.1754385964912282,10.105263157894736,3.0,0.7894736842105263,3.3684210526315788,0.2631578947368421,Swing,1,No,No,Player Team Season
676130,José Buttó,121,New York Mets,121,New York Mets,2025,1,Pitcher,34,0,7,0,0,3,2,1,2,2,1,47.0,43,21,19,2,22,1,41,1,198,3,1,51,39,4,27,9,47.0,3.6382978723404253,1.3829787234042554,7.851063829787234,4.212765957446808,0.3829787234042553,1.8636363636363635,0.0,Relief,2,Yes,Yes,Player Team Season
665871,Javier Assad,112,Chicago Cubs,112,Chicago Cubs,2025,1,Pitcher,8,7,0,0,0,4,1,0,0,0,0,37.0,33,15,15,3,12,0,23,4,153,1,0,46,35,5,0,0,37.0,3.6486486486486487,1.2162162162162162,5.594594594594595,2.918918918918919,0.7297297297297297,1.9166666666666667,0.875,Swing,1,No,No,Player Team Season
668820,Max Kranick,121,New York Mets,121,New York Mets,2025,1,Pitcher,24,0,6,0,0,3,2,0,1,5,1,37.0,34,15,15,5,5,0,25,0,148,0,0,34,50,0,23,9,37.0,3.6486486486486487,1.054054054054054,6.081081081081081,1.2162162162162162,1.2162162162162162,5.0,0.0,Relief,1,No,No,Player Team Season
676571,PJ Poulin,120,Washington Nationals,120,Washington Nationals,2025,1,Pitcher,28,0,6,0,0,2,1,1,3,5,2,24.2,23,10,10,2,13,0,27,2,110,0,0,21,24,3,14,8,24.666666666666668,3.6486486486486487,1.4594594594594594,9.85135135135135,4.743243243243243,0.7297297297297297,2.076923076923077,0.0,Relief,1,No,No,Player Team Season
570632,José Ureña,141,Toronto Blue Jays,141,Toronto Blue Jays,2025,1,Pitcher,6,2,4,0,0,0,0,0,0,0,0,12.1,12,5,5,3,3,0,5,0,52,0,0,11,21,0,0,0,12.333333333333334,3.6486486486486487,1.2162162162162162,3.6486486486486487,2.189189189189189,2.189189189189189,1.6666666666666667,0.3333333333333333,Swing,5,Yes,Yes,Player Team Season
592662,Robbie Ray,137,San Francisco Giants,137,San Francisco Giants,2025,1,Pitcher,32,32,0,1,0,11,8,0,0,0,0,182.1,148,81,74,22,73,0,186,4,755,7,1,137,207,8,0,0,182.33333333333334,3.652650822669104,1.2120658135283364,9.180987202925046,3.603290676416819,1.0859232175502742,2.547945205479452,1.0,Starter,1,No,No,Player Team Season
664285,Framber Valdez,117,Houston Astros,117,Houston Astros,2025,1,Pitcher,31,31,0,2,0,13,11,0,0,0,0,192.0,171,82,78,15,68,0,187,7,802,12,1,247,122,22,0,0,192.0,3.65625,1.2447916666666667,8.765625,3.1875,0.703125,2.75,1.0,Starter,1,No,No,Player Team Season
669920,Jason Alexander,117,Houston Astros,117,Houston Astros,2025,1,Pitcher,14,13,1,0,0,4,2,1,1,0,0,71.1,68,32,29,12,21,0,60,3,301,1,0,77,72,5,0,0,71.33333333333333,3.6588785046728973,1.2476635514018692,7.570093457943925,2.649532710280374,1.5140186915887852,2.857142857142857,0.9285714285714286,Swing,2,Yes,Yes,Player Team Season
663947,Tyler Holton,116,Detroit Tigers,116,Detroit Tigers,2025,1,Pitcher,70,6,6,0,0,6,5,0,5,17,5,78.2,65,34,32,15,17,1,64,0,312,3,0,92,74,8,41,9,78.66666666666667,3.661016949152542,1.042372881355932,7.322033898305084,1.944915254237288,1.716101694915254,3.764705882352941,0.08571428571428572,Swing,1,No,No,Player Team Season
592791,Jameson Taillon,112,Chicago Cubs,112,Chicago Cubs,2025,1,Pitcher,23,23,0,0,0,11,7,0,0,0,0,129.2,110,54,53,24,27,0,98,0,519,1,0,111,173,4,0,0,129.66666666666666,3.6786632390745506,1.0565552699228793,6.802056555269924,1.8740359897172238,1.6658097686375322,3.6296296296296298,1.0,Starter,1,No,No,Player Team Season
622503,Nabil Crismatt,109,Arizona Diamondbacks,109,Arizona Diamondbacks,2025,1,Pitcher,8,5,1,0,0,3,0,0,0,0,0,34.0,40,20,14,6,9,0,25,1,153,1,0,42,36,4,0,0,34.0,3.7058823529411766,1.4411764705882353,6.617647058823529,2.3823529411764706,1.588235294117647,2.7777777777777777,0.625,Swing,1,No,No,Player Team Season
663559,Bailey Falter,134,Pittsburgh Pirates,134,Pittsburgh Pirates,2025,1,Pitcher,22,22,0,0,0,7,5,0,0,0,0,113.1,95,53,47,17,39,0,70,1,457,4,0,99,153,14,0,0,113.33333333333333,3.7323529411764707,1.1823529411764706,5.5588235294117645,3.097058823529412,1.35,1.794871794871795,1.0,Starter,2,Yes,Yes,Player Team Season
684007,Shota Imanaga,112,Chicago Cubs,112,Chicago Cubs,2025,1,Pitcher,25,25,0,0,0,9,8,0,0,0,0,144.2,117,62,60,31,26,0,117,1,567,1,0,98,208,6,0,0,144.66666666666666,3.7327188940092166,0.9884792626728112,7.278801843317972,1.6175115207373274,1.9285714285714286,4.5,1.0,Starter,1,No,No,Player Team Season
657571,Caleb Ferguson,134,Pittsburgh Pirates,134,Pittsburgh Pirates,2025,1,Pitcher,45,0,2,0,0,2,2,0,4,10,4,43.1,33,18,18,1,14,2,34,5,176,0,0,52,38,3,18,5,43.333333333333336,3.738461538461538,1.0846153846153845,7.061538461538461,2.9076923076923076,0.20769230769230768,2.4285714285714284,0.0,Relief,2,Yes,Yes,Player Team Season
674444,Steven Cruz,118,Kansas City Royals,118,Kansas City Royals,2025,1,Pitcher,47,0,9,0,0,3,1,0,0,9,0,45.2,36,20,19,5,18,1,38,1,189,1,0,41,55,2,18,8,45.666666666666664,3.7445255474452557,1.1824817518248176,7.489051094890511,3.547445255474453,0.9854014598540146,2.111111111111111,0.0,Relief,1,No,No,Player Team Season
664192,Joey Lucchesi,137,San Francisco Giants,137,San Francisco Giants,2025,1,Pitcher,38,0,4,0,0,0,1,0,0,6,0,38.1,35,17,16,4,12,1,31,2,165,2,1,53,32,2,6,3,38.333333333333336,3.7565217391304344,1.2260869565217392,7.278260869565217,2.817391304347826,0.9391304347826086,2.5833333333333335,0.0,Relief,1,No,No,Player Team Season
642152,Lou Trivino III,119,Los Angeles Dodgers,119,Los Angeles Dodgers,2025,1,Pitcher,26,2,1,0,0,2,1,0,1,4,1,26.1,29,12,11,2,8,1,18,4,115,1,1,22,34,2,11,3,26.333333333333332,3.759493670886076,1.4050632911392407,6.151898734177215,2.7341772151898733,0.6835443037974683,2.25,0.07692307692307693,Swing,3,Yes,Yes,Player Team Season
656222,Jalen Beeks,109,Arizona Diamondbacks,109,Arizona Diamondbacks,2025,1,Pitcher,61,2,10,0,0,5,3,1,3,14,2,57.1,42,26,24,6,20,2,47,2,231,1,0,61,59,3,25,6,57.333333333333336,3.7674418604651163,1.0813953488372092,7.377906976744185,3.13953488372093,0.9418604651162791,2.35,0.03278688524590164,Swing,1,No,No,Player Team Season
656288,Griffin Canning,121,New York Mets,121,New York Mets,2025,1,Pitcher,16,16,0,0,0,7,3,0,0,0,0,76.1,70,35,32,8,35,0,70,0,328,3,0,84,69,5,0,0,76.33333333333333,3.77292576419214,1.3755458515283843,8.253275109170307,4.1266375545851535,0.943231441048035,2.0,1.0,Starter,1,No,No,Player Team Season
670955,Edwin Uceta,139,Tampa Bay Rays,139,Tampa Bay Rays,2025,1,Pitcher,70,0,11,0,0,10,3,1,6,21,5,76.0,62,33,32,11,27,3,103,8,321,0,3,48,73,2,29,8,76.0,3.789473684210526,1.1710526315789473,12.197368421052632,3.1973684210526314,1.3026315789473684,3.814814814814815,0.0,Relief,1,No,No,Player Team Season
570632,José Ureña,108,Los Angeles Angels,108,Los Angeles Angels,2025,1,Pitcher,6,1,3,0,0,0,0,0,0,0,0,19.0,17,9,8,2,10,0,14,1,85,0,0,21,22,2,0,0,19.0,3.789473684210526,1.4210526315789473,6.631578947368421,4.7368421052631575,0.9473684210526315,1.4,0.16666666666666666,Swing,5,Yes,Yes,Player Team Season
694738,Landen Roupp,137,San Francisco Giants,137,San Francisco Giants,2025,1,Pitcher,22,22,0,0,0,7,7,0,0,0,0,106.2,113,55,45,11,45,1,102,3,476,7,1,109,104,6,0,0,106.66666666666667,3.796875,1.48125,8.60625,3.796875,0.928125,2.2666666666666666,1.0,Starter,1,No,No,Player Team Season
670167,John Schreiber,118,Kansas City Royals,118,Kansas City Royals,2025,1,Pitcher,74,0,8,0,0,3,3,1,5,23,4,64.0,57,29,27,10,19,1,62,1,265,2,0,57,69,4,55,14,64.0,3.796875,1.1875,8.71875,2.671875,1.40625,3.263157894736842,0.0,Relief,1,No,No,Player Team Season
621237,José Alvarado,143,Philadelphia Phillies,143,Philadelphia Phillies,2025,1,Pitcher,28,0,10,0,0,4,2,7,8,5,1,26.0,27,12,11,4,7,0,32,1,114,3,0,23,24,0,5,1,26.0,3.8076923076923075,1.3076923076923077,11.076923076923077,2.423076923076923,1.3846153846153846,4.571428571428571,0.0,Relief,1,No,No,Player Team Season
607481,Aaron Bummer,144,Atlanta Braves,144,Atlanta Braves,2025,1,Pitcher,42,2,5,0,0,3,2,0,0,2,0,54.1,51,27,23,3,17,4,51,11,235,1,0,68,37,5,30,16,54.333333333333336,3.809815950920245,1.2515337423312882,8.447852760736195,2.8159509202453985,0.4969325153374233,3.0,0.047619047619047616,Swing,1,No,No,Player Team Season
681343,Shane Smith,145,Chicago White Sox,145,Chicago White Sox,2025,1,Pitcher,29,29,0,0,0,7,8,0,0,0,0,146.1,117,70,62,17,58,1,145,12,616,8,0,122,162,12,0,0,146.33333333333334,3.8132118451025057,1.1958997722095672,8.917995444191343,3.5671981776765374,1.0455580865603644,2.5,1.0,Starter,1,No,No,Player Team Season
669438,Mason Englert,139,Tampa Bay Rays,139,Tampa Bay Rays,2025,1,Pitcher,29,0,9,0,0,0,1,0,0,1,0,44.2,43,20,19,4,11,0,44,1,185,2,0,39,46,5,4,0,44.666666666666664,3.828358208955224,1.2089552238805972,8.865671641791046,2.2164179104477615,0.8059701492537313,4.0,0.0,Relief,1,No,No,Player Team Season
681190,Randy Vásquez,135,San Diego Padres,135,San Diego Padres,2025,1,Pitcher,28,26,1,0,0,6,7,0,0,0,0,133.2,125,59,57,16,52,1,78,7,570,3,1,124,184,12,0,0,133.66666666666666,3.837905236907731,1.3241895261845387,5.251870324189526,3.501246882793018,1.0773067331670825,1.5,0.9285714285714286,Swing,1,No,No,Player Team Season
571948,Hoby Milner,140,Texas Rangers,140,Texas Rangers,2025,1,Pitcher,73,0,10,0,0,3,4,0,4,18,4,70.1,68,35,30,5,21,3,58,2,293,0,0,89,55,9,53,12,70.33333333333333,3.8388625592417065,1.2654028436018958,7.4218009478672995,2.6872037914691944,0.6398104265402844,2.761904761904762,0.0,Relief,1,No,No,Player Team Season
434378,Justin Verlander,137,San Francisco Giants,137,San Francisco Giants,2025,1,Pitcher,29,29,0,0,0,4,11,0,0,0,0,152.0,155,74,65,16,52,1,137,6,662,2,0,123,189,7,0,0,152.0,3.848684210526316,1.361842105263158,8.111842105263158,3.0789473684210527,0.9473684210526315,2.6346153846153846,1.0,Starter,1,No,No,Player Team Season
700363,AJ Smith-Shawver,144,Atlanta Braves,144,Atlanta Braves,2025,1,Pitcher,9,9,0,0,0,3,2,0,0,0,0,44.1,42,20,19,4,21,0,42,1,192,3,0,35,51,3,0,0,44.333333333333336,3.8571428571428568,1.4210526315789473,8.526315789473683,4.263157894736842,0.8120300751879699,2.0,1.0,Starter,1,No,No,Player Team Season
680742,Jonathan Bowlan,118,Kansas City Royals,118,Kansas City Royals,2025,1,Pitcher,34,1,7,0,0,1,2,0,0,2,0,44.1,37,21,19,6,17,0,46,0,180,1,0,47,33,5,14,1,44.333333333333336,3.8571428571428568,1.218045112781955,9.338345864661653,3.451127819548872,1.218045112781955,2.7058823529411766,0.029411764705882353,Swing,1,No,No,Player Team Season
674384,Eduarniel Núñez,135,San Diego Padres,135,San Diego Padres,2025,1,Pitcher,4,0,2,0,0,0,0,0,0,0,0,4.2,4,2,2,1,4,0,2,1,21,1,0,3,7,1,3,2,4.666666666666667,3.8571428571428568,1.7142857142857142,3.8571428571428568,7.7142857142857135,1.9285714285714284,0.5,0.0,Relief,2,Yes,Yes,Player Team Season
687847,Marc Church,140,Texas Rangers,140,Texas Rangers,2025,1,Pitcher,5,0,0,0,0,0,0,0,1,1,1,4.2,4,2,2,0,6,0,5,0,23,0,0,4,4,1,0,0,4.666666666666667,3.8571428571428568,2.142857142857143,9.642857142857142,11.571428571428571,0.0,0.8333333333333334,0.0,Relief,1,No,No,Player Team Season
694851,Andrew Hoffmann,118,Kansas City Royals,118,Kansas City Royals,2025,1,Pitcher,3,0,2,0,0,0,0,0,0,0,0,4.2,7,6,2,1,4,0,5,0,26,1,0,6,4,1,0,0,4.666666666666667,3.8571428571428568,2.357142857142857,9.642857142857142,7.7142857142857135,1.9285714285714284,1.25,0.0,Relief,2,Yes,Yes,Player Team Season
624431,Jose Trevino,113,Cincinnati Reds,113,Cincinnati Reds,2025,2,Catcher,2,0,2,0,0,0,0,0,0,0,0,2.1,4,1,1,0,1,0,1,0,12,0,0,1,5,0,3,1,2.3333333333333335,3.8571428571428568,2.142857142857143,3.8571428571428568,3.8571428571428568,0.0,1.0,0.0,Relief,1,No,No,Player Team Season
608379,Michael Wacha,118,Kansas City Royals,118,Kansas City Royals,2025,1,Pitcher,31,31,0,0,0,10,13,0,0,0,0,172.2,166,74,74,15,45,0,126,4,716,2,0,154,220,18,0,0,172.66666666666666,3.857142857142857,1.2220077220077221,6.5675675675675675,2.345559845559846,0.7818532818532818,2.8,1.0,Starter,1,No,No,Player Team Season
683004,Jack Leiter,140,Texas Rangers,140,Texas Rangers,2025,1,Pitcher,29,29,0,0,0,10,10,0,0,0,0,151.2,127,69,65,18,67,0,148,5,646,10,1,121,178,8,0,0,151.66666666666666,3.857142857142857,1.2791208791208792,8.782417582417583,3.975824175824176,1.0681318681318681,2.208955223880597,1.0,Starter,1,No,No,Player Team Season
554340,Yimi García,141,Toronto Blue Jays,141,Toronto Blue Jays,2025,1,Pitcher,22,0,4,0,0,1,2,3,7,6,4,21.0,13,10,9,2,12,1,25,1,90,2,0,18,21,0,5,1,21.0,3.857142857142857,1.1904761904761905,10.714285714285714,5.142857142857143,0.8571428571428571,2.0833333333333335,0.0,Relief,1,No,No,Player Team Season
670174,Josh Winckowski,111,Boston Red Sox,111,Boston Red Sox,2025,1,Pitcher,6,0,4,0,0,0,1,0,0,0,0,11.2,11,7,5,0,5,0,9,1,52,0,0,15,11,0,2,1,11.666666666666666,3.857142857142857,1.3714285714285714,6.942857142857143,3.857142857142857,0.0,1.8,0.0,Relief,1,No,No,Player Team Season
699911,Dugan Darnell,115,Colorado Rockies,115,Colorado Rockies,2025,1,Pitcher,9,0,4,0,0,1,0,0,0,0,0,11.2,10,5,5,1,7,0,5,0,48,0,0,13,13,3,9,1,11.666666666666666,3.857142857142857,1.4571428571428573,3.857142857142857,5.4,0.7714285714285715,0.7142857142857143,0.0,Relief,1,No,No,Player Team Season
672578,Carlos Hernández,114,Cleveland Guardians,114,Cleveland Guardians,2025,1,Pitcher,5,0,4,0,0,0,0,0,0,0,0,7.0,4,3,3,0,3,0,3,0,27,1,0,8,9,0,0,0,7.0,3.857142857142857,1.0,3.857142857142857,3.857142857142857,0.0,1.0,0.0,Relief,3,Yes,Yes,Player Team Season
686752,Ryan Pepiot,139,Tampa Bay Rays,139,Tampa Bay Rays,2025,1,Pitcher,31,31,0,0,0,11,12,0,0,0,0,167.2,134,77,72,26,61,0,167,6,679,5,0,134,176,13,0,0,167.66666666666666,3.8648111332007953,1.1630218687872764,8.964214711729623,3.274353876739563,1.3956262425447317,2.737704918032787,1.0,Starter,1,No,No,Player Team Season
663554,Casey Mize,116,Detroit Tigers,116,Detroit Tigers,2025,1,Pitcher,28,28,0,0,0,14,6,0,0,0,0,149.0,153,68,64,21,36,1,139,3,627,2,0,127,169,7,0,0,149.0,3.865771812080537,1.2684563758389262,8.395973154362416,2.174496644295302,1.2684563758389262,3.861111111111111,1.0,Starter,1,No,No,Player Team Season
656457,Tyler Gilbert,145,Chicago White Sox,145,Chicago White Sox,2025,1,Pitcher,46,5,7,0,0,4,2,1,1,5,0,51.0,40,24,22,5,24,3,49,2,215,2,0,37,63,3,23,7,51.0,3.8823529411764706,1.2549019607843137,8.647058823529411,4.235294117647059,0.8823529411764706,2.0416666666666665,0.10869565217391304,Swing,1,No,No,Player Team Season
623437,Justin Topa,142,Minnesota Twins,142,Minnesota Twins,2025,1,Pitcher,54,1,17,0,0,1,5,4,8,4,4,60.0,68,32,26,2,18,3,49,4,268,0,0,73,56,3,24,13,60.0,3.9,1.4333333333333333,7.35,2.7,0.3,2.7222222222222223,0.018518518518518517,Swing,1,No,No,Player Team Season
657585,Reed Garrett,121,New York Mets,121,New York Mets,2025,1,Pitcher,58,1,8,0,0,3,6,3,10,20,7,55.1,47,27,24,5,26,2,64,1,238,3,0,50,50,2,34,16,55.333333333333336,3.903614457831325,1.319277108433735,10.409638554216867,4.228915662650603,0.8132530120481928,2.4615384615384617,0.017241379310344827,Swing,1,No,No,Player Team Season
657424,Matt Gage,137,San Francisco Giants,137,San Francisco Giants,2025,1,Pitcher,27,2,2,0,0,0,1,0,1,2,1,25.1,28,11,11,0,10,1,24,2,112,3,0,27,21,3,19,9,25.333333333333332,3.9078947368421053,1.5,8.526315789473685,3.5526315789473686,0.0,2.4,0.07407407407407407,Swing,2,Yes,Yes,Player Team Season
673929,Jordan Leasure,145,Chicago White Sox,145,Chicago White Sox,2025,1,Pitcher,68,1,17,0,0,5,6,7,12,14,5,64.1,49,30,28,12,30,1,81,1,269,3,0,32,76,4,26,9,64.33333333333333,3.917098445595855,1.227979274611399,11.331606217616581,4.196891191709845,1.678756476683938,2.7,0.014705882352941176,Swing,1,No,No,Player Team Season
657044,Ryan Thompson,109,Arizona Diamondbacks,109,Arizona Diamondbacks,2025,1,Pitcher,48,0,9,0,0,3,2,1,4,17,3,41.1,42,21,18,4,13,2,36,2,175,0,1,42,40,4,24,8,41.333333333333336,3.919354838709677,1.3306451612903225,7.838709677419354,2.8306451612903225,0.8709677419354839,2.769230769230769,0.0,Relief,1,No,No,Player Team Season
666200,Jesús Luzardo,143,Philadelphia Phillies,143,Philadelphia Phillies,2025,1,Pitcher,32,32,0,0,0,15,7,0,0,0,0,183.2,167,85,80,16,57,0,216,3,758,2,1,153,162,10,0,0,183.66666666666666,3.9201451905626135,1.2196007259528132,10.584392014519057,2.793103448275862,0.7840290381125228,3.789473684210526,1.0,Starter,1,No,No,Player Team Season
595928,John Curtiss,109,Arizona Diamondbacks,109,Arizona Diamondbacks,2025,1,Pitcher,30,0,12,0,0,3,2,1,1,3,0,36.2,29,18,16,5,5,0,24,0,141,0,0,30,53,3,9,2,36.666666666666664,3.9272727272727277,0.9272727272727274,5.8909090909090915,1.2272727272727273,1.2272727272727273,4.8,0.0,Relief,1,No,No,Player Team Season
669199,Lake Bachar,146,Miami Marlins,146,Miami Marlins,2025,1,Pitcher,53,1,12,0,0,8,2,3,4,6,1,71.0,55,34,31,10,30,3,75,3,296,5,0,52,81,5,28,12,71.0,3.9295774647887325,1.1971830985915493,9.507042253521126,3.8028169014084505,1.267605633802817,2.5,0.018867924528301886,Swing,1,No,No,Player Team Season
681347,Mike Burrows,134,Pittsburgh Pirates,134,Pittsburgh Pirates,2025,1,Pitcher,23,19,0,0,0,2,4,0,0,1,0,96.0,88,43,42,13,31,1,97,5,402,2,0,84,97,8,0,0,96.0,3.9375,1.2395833333333333,9.09375,2.90625,1.21875,3.129032258064516,0.8260869565217391,Swing,1,No,No,Player Team Season
656794,Sean Newcomb,111,Boston Red Sox,111,Boston Red Sox,2025,1,Pitcher,12,5,5,0,0,0,4,0,0,0,0,41.0,55,24,18,3,17,0,41,2,190,2,0,34,40,7,6,3,41.0,3.951219512195122,1.7560975609756098,9.0,3.731707317073171,0.6585365853658537,2.411764705882353,0.4166666666666667,Swing,2,Yes,Yes,Player Team Season
656731,Tylor Megill,121,New York Mets,121,New York Mets,2025,1,Pitcher,14,14,0,0,0,5,5,0,0,0,0,68.1,60,37,30,6,33,0,89,7,305,3,0,48,68,2,0,0,68.33333333333333,3.9512195121951224,1.3609756097560977,11.721951219512196,4.3463414634146345,0.7902439024390244,2.696969696969697,1.0,Starter,1,No,No,Player Team Season
607067,Colin Rea,112,Chicago Cubs,112,Chicago Cubs,2025,1,Pitcher,32,27,3,0,0,11,7,1,1,0,0,159.1,155,73,70,20,44,0,127,6,662,2,0,146,184,11,1,1,159.33333333333334,3.953974895397489,1.2489539748953975,7.173640167364017,2.4853556485355646,1.1297071129707112,2.8863636363636362,0.84375,Swing,1,No,No,Player Team Season
672282,Reid Detmers,108,Los Angeles Angels,108,Los Angeles Angels,2025,1,Pitcher,61,0,7,0,0,5,3,3,8,13,5,63.2,58,29,28,6,25,4,80,2,266,2,0,49,52,9,15,6,63.666666666666664,3.9581151832460733,1.3036649214659686,11.30890052356021,3.5340314136125657,0.8481675392670157,3.2,0.0,Relief,1,No,No,Player Team Season
675848,Juan Mejia,115,Colorado Rockies,115,Colorado Rockies,2025,1,Pitcher,55,0,16,0,0,2,2,1,4,12,3,61.1,52,34,27,6,25,1,68,6,261,2,0,48,62,5,18,5,61.333333333333336,3.9619565217391304,1.2554347826086956,9.978260869565217,3.668478260869565,0.8804347826086956,2.72,0.0,Relief,1,No,No,Player Team Season
605135,Chris Bassitt,141,Toronto Blue Jays,141,Toronto Blue Jays,2025,1,Pitcher,32,31,0,1,0,11,9,0,0,0,0,170.1,174,80,75,22,52,0,166,13,736,4,3,185,146,15,0,0,170.33333333333334,3.962818003913894,1.3268101761252444,8.771037181996086,2.7475538160469664,1.1624266144814088,3.1923076923076925,0.96875,Swing,1,No,No,Player Team Season
642397,Gregory Soto,110,Baltimore Orioles,110,Baltimore Orioles,2025,1,Pitcher,45,0,10,0,0,0,2,1,2,18,1,36.1,29,17,16,2,18,1,44,5,160,7,0,34,30,3,24,7,36.333333333333336,3.9633027522935778,1.2935779816513762,10.899082568807339,4.458715596330275,0.4954128440366972,2.4444444444444446,0.0,Relief,2,Yes,Yes,Player Team Season
500779,Jose Quintana,158,Milwaukee Brewers,158,Milwaukee Brewers,2025,1,Pitcher,24,24,0,0,0,11,7,0,0,0,0,131.2,120,65,58,18,50,0,89,5,556,1,1,139,153,12,0,0,131.66666666666666,3.9645569620253167,1.2911392405063291,6.083544303797469,3.417721518987342,1.2303797468354432,1.78,1.0,Starter,1,No,No,Player Team Season
656848,Michael Petersen,146,Miami Marlins,146,Miami Marlins,2025,1,Pitcher,11,0,2,0,0,0,0,0,1,2,1,11.1,11,8,5,2,5,2,12,0,51,1,0,6,17,0,1,0,11.333333333333334,3.9705882352941173,1.4117647058823528,9.529411764705882,3.9705882352941173,1.588235294117647,2.4,0.0,Relief,2,Yes,Yes,Player Team Season
672841,Carlos Vargas,136,Seattle Mariners,136,Seattle Mariners,2025,1,Pitcher,70,0,10,0,0,5,5,1,8,14,7,77.0,81,39,34,10,23,4,54,7,331,5,1,97,69,12,28,9,77.0,3.9740259740259742,1.3506493506493507,6.311688311688312,2.688311688311688,1.1688311688311688,2.347826086956522,0.0,Relief,1,No,No,Player Team Season
673513,Yuki Matsui,135,San Diego Padres,135,San Diego Padres,2025,1,Pitcher,61,0,19,0,0,3,1,1,1,3,0,63.1,53,29,28,10,33,2,61,1,272,5,0,44,80,4,39,11,63.333333333333336,3.9789473684210526,1.3578947368421053,8.66842105263158,4.689473684210526,1.4210526315789473,1.8484848484848484,0.0,Relief,1,No,No,Player Team Season
579328,Yusei Kikuchi,108,Los Angeles Angels,108,Los Angeles Angels,2025,1,Pitcher,33,33,0,0,0,7,11,0,0,0,0,178.1,180,87,79,24,74,3,174,3,772,8,0,143,198,13,0,0,178.33333333333334,3.986915887850467,1.4242990654205607,8.781308411214953,3.7345794392523364,1.211214953271028,2.3513513513513513,1.0,Starter,1,No,No,Player Team Season
677960,Ryan Weathers,146,Miami Marlins,146,Miami Marlins,2025,1,Pitcher,8,8,0,0,0,2,2,0,0,0,0,38.1,37,20,17,7,12,0,37,1,166,1,0,39,40,2,0,0,38.333333333333336,3.9913043478260866,1.2782608695652173,8.68695652173913,2.817391304347826,1.643478260869565,3.0833333333333335,1.0,Starter,1,No,No,Player Team Season
656550,Grant Holmes,144,Atlanta Braves,144,Atlanta Braves,2025,1,Pitcher,22,21,1,0,0,4,9,0,0,0,0,115.0,100,52,51,16,54,1,123,7,492,5,0,110,98,11,0,0,115.0,3.991304347826087,1.3391304347826087,9.626086956521739,4.226086956521739,1.2521739130434784,2.2777777777777777,0.9545454545454546,Swing,1,No,No,Player Team Season
668933,Graham Ashcraft,113,Cincinnati Reds,113,Cincinnati Reds,2025,1,Pitcher,62,0,5,0,0,8,5,0,6,23,6,65.1,68,37,29,2,25,0,64,0,284,5,0,90,37,8,27,5,65.33333333333333,3.9948979591836737,1.4234693877551021,8.816326530612246,3.4438775510204085,0.2755102040816327,2.56,0.0,Relief,1,No,No,Player Team Season
702352,Spencer Bivens,137,San Francisco Giants,137,San Francisco Giants,2025,1,Pitcher,54,0,16,0,0,4,3,3,3,4,0,81.0,83,42,36,6,25,1,61,5,343,3,0,95,74,9,31,9,81.0,4.0,1.3333333333333333,6.777777777777778,2.7777777777777777,0.6666666666666666,2.44,0.0,Relief,1,No,No,Player Team Season
696149,Bubba Chandler,134,Pittsburgh Pirates,134,Pittsburgh Pirates,2025,1,Pitcher,7,4,1,0,0,4,1,1,1,0,0,31.1,25,14,14,2,4,0,31,3,124,1,0,32,29,3,0,0,31.333333333333332,4.021276595744681,0.9255319148936171,8.904255319148936,1.148936170212766,0.574468085106383,7.75,0.5714285714285714,Swing,1,No,No,Player Team Season
660853,Enyel De Los Santos,117,Houston Astros,117,Houston Astros,2025,1,Pitcher,22,0,3,0,0,3,0,0,1,4,1,22.1,22,10,10,5,6,0,24,0,91,0,0,13,26,2,19,5,22.333333333333332,4.029850746268657,1.2537313432835822,9.671641791044777,2.4179104477611943,2.0149253731343286,4.0,0.0,Relief,2,Yes,Yes,Player Team Season
663903,Brady Singer,113,Cincinnati Reds,113,Cincinnati Reds,2025,1,Pitcher,32,32,0,0,0,14,12,0,0,0,0,169.2,150,80,76,19,60,0,163,14,716,3,0,150,179,13,0,0,169.66666666666666,4.0314341846758355,1.237721021611002,8.646365422396856,3.182711198428291,1.0078585461689589,2.716666666666667,1.0,Starter,1,No,No,Player Team Season
680573,Simeon Woods Richardson,142,Minnesota Twins,142,Minnesota Twins,2025,1,Pitcher,23,22,0,0,0,7,4,0,0,0,0,111.1,96,53,50,17,46,0,107,3,471,4,1,74,145,4,0,0,111.33333333333333,4.041916167664671,1.2754491017964071,8.649700598802395,3.7185628742514973,1.374251497005988,2.3260869565217392,0.9565217391304348,Swing,1,No,No,Player Team Season
686228,Juan Burgos,136,Seattle Mariners,136,Seattle Mariners,2025,1,Pitcher,4,0,4,0,0,0,0,0,0,0,0,6.2,7,3,3,0,2,0,8,1,30,0,0,4,8,0,2,2,6.666666666666667,4.05,1.3499999999999999,10.799999999999999,2.6999999999999997,0.0,4.0,0.0,Relief,2,Yes,Yes,Player Team Season
656848,Michael Petersen,144,Atlanta Braves,144,Atlanta Braves,2025,1,Pitcher,4,0,2,0,0,0,0,0,0,0,0,6.2,7,3,3,1,2,0,5,0,28,1,0,7,7,1,1,1,6.666666666666667,4.05,1.3499999999999999,6.75,2.6999999999999997,1.3499999999999999,2.5,0.0,Relief,2,Yes,Yes,Player Team Season
674072,Tommy Henry,109,Arizona Diamondbacks,109,Arizona Diamondbacks,2025,1,Pitcher,2,0,1,0,0,0,0,0,0,0,0,6.2,6,3,3,3,1,0,8,1,26,0,0,8,2,1,1,0,6.666666666666667,4.05,1.05,10.799999999999999,1.3499999999999999,4.05,8.0,0.0,Relief,1,No,No,Player Team Season
592254,José De León,111,Boston Red Sox,111,Boston Red Sox,2025,1,Pitcher,1,1,0,0,0,1,0,0,0,0,0,6.2,8,3,3,1,3,0,8,0,28,0,0,4,5,2,0,0,6.666666666666667,4.05,1.65,10.799999999999999,4.05,1.3499999999999999,2.6666666666666665,1.0,Starter,1,No,No,Player Team Season
592836,Taijuan Walker,143,Philadelphia Phillies,143,Philadelphia Phillies,2025,1,Pitcher,34,21,4,0,0,5,8,1,3,2,2,123.2,132,62,56,21,42,0,86,4,538,1,0,139,135,7,3,0,123.66666666666667,4.0754716981132075,1.4070080862533692,6.258760107816712,3.0566037735849054,1.5283018867924527,2.0476190476190474,0.6176470588235294,Swing,1,No,No,Player Team Season
502085,David Robertson,143,Philadelphia Phillies,143,Philadelphia Phillies,2025,1,Pitcher,20,0,4,0,0,2,0,2,3,10,1,17.2,18,9,8,4,8,1,22,0,78,0,0,16,14,0,3,1,17.666666666666668,4.0754716981132075,1.471698113207547,11.20754716981132,4.0754716981132075,2.0377358490566038,2.75,0.0,Relief,1,No,No,Player Team Season
682052,Jacob Lopez,133,Athletics,133,Athletics,2025,1,Pitcher,21,17,1,0,0,7,7,0,0,0,0,92.2,81,47,42,15,37,0,113,8,399,0,1,52,108,2,6,1,92.66666666666667,4.0791366906474815,1.2733812949640286,10.974820143884891,3.593525179856115,1.4568345323741005,3.054054054054054,0.8095238095238095,Swing,1,No,No,Player Team Season
669854,Ronel Blanco,117,Houston Astros,117,Houston Astros,2025,1,Pitcher,9,9,0,0,0,3,4,0,0,0,0,48.1,37,22,22,7,20,0,48,0,199,0,0,36,58,1,0,0,48.333333333333336,4.096551724137931,1.1793103448275861,8.937931034482759,3.7241379310344827,1.303448275862069,2.4,1.0,Starter,1,No,No,Player Team Season
695445,Chase Lee,116,Detroit Tigers,116,Detroit Tigers,2025,1,Pitcher,32,0,7,0,0,4,1,0,1,4,1,37.1,32,17,17,7,9,1,36,2,148,0,0,31,38,4,16,5,37.333333333333336,4.098214285714286,1.0982142857142856,8.678571428571429,2.169642857142857,1.6875,4.0,0.0,Relief,1,No,No,Player Team Season
663436,Davis Martin,145,Chicago White Sox,145,Chicago White Sox,2025,1,Pitcher,26,25,0,0,0,7,10,0,0,0,0,142.2,136,74,65,20,48,1,104,6,601,2,2,158,148,17,0,0,142.66666666666666,4.100467289719626,1.2897196261682244,6.560747663551402,3.0280373831775704,1.2616822429906542,2.1666666666666665,0.9615384615384616,Swing,1,No,No,Player Team Season
605488,Jeffrey Springs,133,Athletics,133,Athletics,2025,1,Pitcher,32,30,0,0,0,11,11,0,0,0,0,171.0,153,90,78,28,54,0,138,3,713,0,3,131,234,8,0,0,171.0,4.105263157894737,1.2105263157894737,7.2631578947368425,2.8421052631578947,1.4736842105263157,2.5555555555555554,0.9375,Swing,1,No,No,Player Team Season
676254,Ryan Walker,137,San Francisco Giants,137,San Francisco Giants,2025,1,Pitcher,68,0,36,0,0,5,7,17,24,9,7,61.1,60,32,28,4,18,2,60,8,266,1,2,76,44,3,23,8,61.333333333333336,4.108695652173913,1.2717391304347825,8.804347826086957,2.641304347826087,0.5869565217391304,3.3333333333333335,0.0,Relief,1,No,No,Player Team Season
679885,Justin Martinez,109,Arizona Diamondbacks,109,Arizona Diamondbacks,2025,1,Pitcher,17,0,9,0,0,1,2,5,6,4,1,15.1,7,8,7,1,12,1,22,3,67,2,0,15,8,2,8,1,15.333333333333334,4.108695652173913,1.2391304347826086,12.91304347826087,7.0434782608695645,0.5869565217391304,1.8333333333333333,0.0,Relief,1,No,No,Player Team Season
670036,Matt Festa,114,Cleveland Guardians,114,Cleveland Guardians,2025,1,Pitcher,63,0,5,0,0,5,4,0,2,12,2,54.2,44,29,25,4,15,2,56,5,226,1,1,53,53,1,45,15,54.666666666666664,4.115853658536586,1.079268292682927,9.219512195121952,2.4695121951219514,0.6585365853658537,3.7333333333333334,0.0,Relief,1,No,No,Player Team Season
690928,Hunter Dobbins,111,Boston Red Sox,111,Boston Red Sox,2025,1,Pitcher,13,11,0,0,0,4,1,0,1,0,1,61.0,61,30,28,6,17,1,45,2,256,0,0,69,62,7,0,0,61.0,4.131147540983607,1.278688524590164,6.639344262295082,2.5081967213114753,0.8852459016393442,2.6470588235294117,0.8461538461538461,Swing,1,No,No,Player Team Season
607625,Seth Lugo,118,Kansas City Royals,118,Kansas City Royals,2025,1,Pitcher,26,26,0,0,0,8,7,0,0,0,0,145.1,133,70,67,27,55,1,125,6,611,5,0,127,165,9,0,0,145.33333333333334,4.149082568807339,1.2935779816513762,7.740825688073394,3.4059633027522933,1.6720183486238531,2.272727272727273,1.0,Starter,1,No,No,Player Team Season
666214,Joey Wentz,134,Pittsburgh Pirates,134,Pittsburgh Pirates,2025,1,Pitcher,19,0,7,0,0,2,1,0,1,0,1,26.0,25,14,12,2,11,2,22,1,115,0,0,23,33,2,17,14,26.0,4.153846153846154,1.3846153846153846,7.615384615384615,3.8076923076923075,0.6923076923076923,2.0,0.0,Relief,3,Yes,Yes,Player Team Season
692285,Luis Guerrero,111,Boston Red Sox,111,Boston Red Sox,2025,1,Pitcher,13,0,6,0,0,0,1,0,0,0,0,17.1,9,8,8,0,14,0,10,0,72,0,0,18,21,2,3,1,17.333333333333332,4.153846153846154,1.326923076923077,5.1923076923076925,7.26923076923077,0.0,0.7142857142857143,0.0,Relief,1,No,No,Player Team Season
642016,Daniel Robert,143,Philadelphia Phillies,143,Philadelphia Phillies,2025,1,Pitcher,15,0,5,0,0,0,0,0,0,2,0,13.0,11,7,6,2,10,0,15,0,59,0,0,7,16,1,2,0,13.0,4.153846153846154,1.6153846153846154,10.384615384615385,6.923076923076923,1.3846153846153846,1.5,0.0,Relief,1,No,No,Player Team Season
623149,Paul Sewald,116,Detroit Tigers,116,Detroit Tigers,2025,1,Pitcher,4,0,2,0,0,0,0,0,0,0,0,4.1,4,2,2,1,2,0,2,0,19,0,0,2,9,0,4,2,4.333333333333333,4.153846153846154,1.3846153846153848,4.153846153846154,4.153846153846154,2.076923076923077,1.0,0.0,Relief,2,Yes,Yes,Player Team Season
669022,MacKenzie Gore,120,Washington Nationals,120,Washington Nationals,2025,1,Pitcher,30,30,0,0,0,5,15,0,0,0,0,159.2,152,75,74,20,64,0,185,5,680,12,0,110,164,8,0,0,159.66666666666666,4.171189979123174,1.3528183716075157,10.427974947807934,3.607515657620042,1.1273486430062631,2.890625,1.0,Starter,1,No,No,Player Team Season
676083,Janson Junk,146,Miami Marlins,146,Miami Marlins,2025,1,Pitcher,21,16,3,0,0,6,4,1,1,0,0,110.0,112,54,51,8,13,0,77,4,447,2,0,107,134,10,2,0,110.0,4.172727272727273,1.1363636363636365,6.3,1.0636363636363637,0.6545454545454545,5.923076923076923,0.7619047619047619,Swing,1,No,No,Player Team Season
621244,José Berríos,141,Toronto Blue Jays,141,Toronto Blue Jays,2025,1,Pitcher,31,30,0,0,0,9,5,0,0,0,0,166.0,160,86,77,26,56,2,138,7,698,1,1,161,176,17,0,0,166.0,4.174698795180723,1.3012048192771084,7.481927710843373,3.036144578313253,1.4096385542168675,2.4642857142857144,0.967741935483871,Swing,1,No,No,Player Team Season
672582,Angel Zerpa,118,Kansas City Royals,118,Kansas City Royals,2025,1,Pitcher,69,2,4,0,0,5,2,0,4,14,4,64.2,67,30,30,7,22,0,58,2,275,1,1,95,31,10,39,12,64.66666666666667,4.175257731958762,1.3762886597938144,8.072164948453608,3.0618556701030926,0.9742268041237113,2.6363636363636362,0.028985507246376812,Swing,1,No,No,Player Team Season
663568,Stephen Kolek,135,San Diego Padres,135,San Diego Padres,2025,1,Pitcher,14,14,0,1,1,4,5,0,0,0,0,79.2,78,40,37,8,26,1,56,7,336,0,0,92,77,17,0,0,79.66666666666667,4.179916317991632,1.305439330543933,6.3263598326359824,2.937238493723849,0.903765690376569,2.1538461538461537,1.0,Starter,2,Yes,Yes,Player Team Season
656605,Mitch Keller,134,Pittsburgh Pirates,134,Pittsburgh Pirates,2025,1,Pitcher,32,32,0,0,0,6,15,0,0,0,0,176.1,171,91,82,21,51,0,150,10,749,5,0,182,184,10,0,0,176.33333333333334,4.185255198487712,1.2589792060491494,7.655954631379962,2.603024574669187,1.0718336483931947,2.9411764705882355,1.0,Starter,1,No,No,Player Team Season
678022,Jack Perkins,133,Athletics,133,Athletics,2025,1,Pitcher,12,4,5,0,0,3,2,3,3,1,0,38.2,27,18,18,4,18,0,37,2,161,3,0,34,43,3,2,1,38.666666666666664,4.189655172413794,1.163793103448276,8.612068965517242,4.189655172413794,0.9310344827586208,2.0555555555555554,0.3333333333333333,Swing,1,No,No,Player Team Season
665152,Dean Kremer,110,Baltimore Orioles,110,Baltimore Orioles,2025,1,Pitcher,31,29,0,0,0,11,10,0,0,0,0,171.2,163,83,80,22,45,0,142,2,708,9,1,154,201,13,0,0,171.66666666666666,4.194174757281553,1.2116504854368932,7.444660194174758,2.359223300970874,1.1533980582524272,3.1555555555555554,0.9354838709677419,Swing,1,No,No,Player Team Season
666661,Juan Morillo,109,Arizona Diamondbacks,109,Arizona Diamondbacks,2025,1,Pitcher,42,0,6,0,0,0,3,1,2,5,1,34.1,38,19,16,2,20,0,36,1,152,3,0,32,25,7,22,10,34.333333333333336,4.194174757281553,1.6893203883495145,9.436893203883495,5.242718446601941,0.5242718446601942,1.8,0.0,Relief,1,No,No,Player Team Season
669461,Matthew Liberatore,138,St. Louis Cardinals,138,St. Louis Cardinals,2025,1,Pitcher,29,29,0,0,0,8,12,0,0,0,0,151.2,158,79,71,19,40,0,122,4,648,6,0,138,186,8,0,0,151.66666666666666,4.213186813186813,1.3054945054945055,7.23956043956044,2.3736263736263736,1.1274725274725275,3.05,1.0,Starter,1,No,No,Player Team Season
669923,George Kirby,136,Seattle Mariners,136,Seattle Mariners,2025,1,Pitcher,23,23,0,0,0,10,8,0,0,0,0,126.0,121,60,59,15,29,0,137,7,524,3,0,114,116,9,0,0,126.0,4.214285714285714,1.1904761904761905,9.785714285714286,2.0714285714285716,1.0714285714285714,4.724137931034483,1.0,Starter,1,No,No,Player Team Season
605130,Scott Barlow,113,Cincinnati Reds,113,Cincinnati Reds,2025,1,Pitcher,75,1,8,0,0,6,3,1,2,16,1,68.1,50,35,32,8,45,3,75,6,303,2,0,65,62,3,39,9,68.33333333333333,4.214634146341464,1.3902439024390245,9.878048780487806,5.926829268292684,1.053658536585366,1.6666666666666667,0.013333333333333334,Swing,1,No,No,Player Team Season
656849,David Peterson,121,New York Mets,121,New York Mets,2025,1,Pitcher,30,30,0,1,1,9,6,0,0,0,0,168.2,166,84,79,11,65,1,150,7,723,3,1,205,129,20,0,0,168.66666666666666,4.215415019762846,1.3695652173913044,8.003952569169961,3.4683794466403164,0.5869565217391305,2.3076923076923075,1.0,Starter,1,No,No,Player Team Season
641386,Ben Bowden,133,Athletics,133,Athletics,2025,1,Pitcher,11,0,4,0,0,0,0,0,0,0,0,10.2,9,6,5,2,5,0,7,0,47,0,0,13,13,0,2,2,10.666666666666666,4.21875,1.3125,5.90625,4.21875,1.6875,1.4,0.0,Relief,1,No,No,Player Team Season
680732,Sean Burke,145,Chicago White Sox,145,Chicago White Sox,2025,1,Pitcher,28,22,0,0,0,4,11,0,0,0,0,134.1,131,76,63,23,63,0,133,6,596,2,0,104,158,6,2,0,134.33333333333334,4.220843672456575,1.444168734491315,8.910669975186103,4.220843672456575,1.5409429280397022,2.111111111111111,0.7857142857142857,Swing,1,No,No,Player Team Season
695549,Jackson Jobe,116,Detroit Tigers,116,Detroit Tigers,2025,1,Pitcher,10,10,0,0,0,4,1,0,0,0,0,49.0,46,24,23,7,27,0,39,2,218,1,0,45,59,2,0,0,49.0,4.224489795918367,1.489795918367347,7.163265306122449,4.959183673469388,1.2857142857142858,1.4444444444444444,1.0,Starter,1,No,No,Player Team Season
518876,Merrill Kelly,140,Texas Rangers,140,Texas Rangers,2025,1,Pitcher,10,10,0,0,0,3,3,0,0,0,0,55.1,59,26,26,9,10,0,46,1,234,1,1,50,68,0,0,0,55.333333333333336,4.228915662650603,1.2469879518072289,7.481927710843373,1.6265060240963856,1.463855421686747,4.6,1.0,Starter,1,No,No,Player Team Season
686580,Justin Slaten,111,Boston Red Sox,111,Boston Red Sox,2025,1,Pitcher,36,0,8,0,0,2,4,3,6,7,3,34.0,27,19,16,3,10,2,25,0,137,1,0,33,42,3,15,2,34.0,4.235294117647059,1.088235294117647,6.617647058823529,2.6470588235294117,0.7941176470588235,2.5,0.0,Relief,1,No,No,Player Team Season
663804,Jackson Kowar,136,Seattle Mariners,136,Seattle Mariners,2025,1,Pitcher,15,0,9,0,0,2,0,0,0,1,0,17.0,14,8,8,4,7,0,15,1,71,2,0,10,24,1,0,0,17.0,4.235294117647059,1.2352941176470589,7.9411764705882355,3.7058823529411766,2.1176470588235294,2.142857142857143,0.0,Relief,1,No,No,Player Team Season
686642,Fraser Ellard,145,Chicago White Sox,145,Chicago White Sox,2025,1,Pitcher,18,3,5,0,0,1,2,0,0,2,0,17.0,8,9,8,1,19,0,22,1,74,3,0,8,16,2,8,1,17.0,4.235294117647059,1.588235294117647,11.647058823529411,10.058823529411764,0.5294117647058824,1.1578947368421053,0.16666666666666666,Swing,1,No,No,Player Team Season
676440,Tanner Bibee,114,Cleveland Guardians,114,Cleveland Guardians,2025,1,Pitcher,31,31,0,2,1,12,11,0,0,0,0,182.1,170,93,86,27,54,1,162,10,762,3,1,181,185,15,0,0,182.33333333333334,4.244972577696526,1.2285191956124313,7.996343692870201,2.6654478976234004,1.3327239488117002,3.0,1.0,Starter,1,No,No,Player Team Season
642528,Jonathan Loáisiga,147,New York Yankees,147,New York Yankees,2025,1,Pitcher,30,0,3,0,0,0,1,1,4,7,3,29.2,34,15,14,7,10,3,25,3,135,1,0,36,26,2,18,10,29.666666666666668,4.247191011235955,1.4831460674157302,7.584269662921348,3.033707865168539,2.1235955056179776,2.5,0.0,Relief,1,No,No,Player Team Season
691587,Eury Pérez,146,Miami Marlins,146,Miami Marlins,2025,1,Pitcher,20,20,0,0,0,7,6,0,0,0,0,95.1,68,47,45,12,32,0,105,3,385,9,2,61,116,2,0,0,95.33333333333333,4.248251748251748,1.048951048951049,9.912587412587413,3.0209790209790213,1.132867132867133,3.28125,1.0,Starter,1,No,No,Player Team Season
671106,Logan Allen,114,Cleveland Guardians,114,Cleveland Guardians,2025,1,Pitcher,30,29,0,0,0,8,11,0,0,0,0,156.2,157,84,74,18,62,1,122,6,676,4,0,154,174,15,0,0,156.66666666666666,4.251063829787235,1.397872340425532,7.008510638297873,3.561702127659575,1.0340425531914894,1.967741935483871,0.9666666666666667,Swing,1,No,No,Player Team Season
676917,Cade Cavalli,120,Washington Nationals,120,Washington Nationals,2025,1,Pitcher,10,10,0,0,0,3,1,0,0,0,0,48.2,57,28,23,7,15,0,40,4,219,3,0,59,42,5,0,0,48.666666666666664,4.2534246575342465,1.4794520547945207,7.397260273972603,2.7739726027397262,1.2945205479452055,2.6666666666666665,1.0,Starter,1,No,No,Player Team Season
641302,Tyler Alexander,145,Chicago White Sox,145,Chicago White Sox,2025,1,Pitcher,31,1,5,0,0,2,9,0,1,3,1,61.1,65,31,29,6,18,5,52,1,259,1,1,57,66,6,17,6,61.333333333333336,4.255434782608695,1.3532608695652173,7.630434782608695,2.641304347826087,0.8804347826086956,2.888888888888889,0.03225806451612903,Swing,2,Yes,Yes,Player Team Season
667755,José Soriano,108,Los Angeles Angels,108,Los Angeles Angels,2025,1,Pitcher,31,31,0,0,0,10,11,0,0,0,0,169.0,158,89,80,12,78,0,152,5,724,8,0,243,87,30,0,0,169.0,4.260355029585799,1.3964497041420119,8.094674556213018,4.153846153846154,0.6390532544378699,1.9487179487179487,1.0,Starter,1,No,No,Player Team Season
664141,JT Brubaker,137,San Francisco Giants,137,San Francisco Giants,2025,1,Pitcher,5,1,1,0,0,0,0,0,0,0,0,12.2,13,6,6,0,3,1,12,0,54,2,0,14,12,0,1,0,12.666666666666666,4.2631578947368425,1.2631578947368423,8.526315789473685,2.1315789473684212,0.0,4.0,0.2,Swing,2,Yes,Yes,Player Team Season
686751,Seth Johnson,143,Philadelphia Phillies,143,Philadelphia Phillies,2025,1,Pitcher,10,0,4,0,0,1,1,0,0,0,0,12.2,11,8,6,3,4,0,17,0,54,1,0,13,9,0,2,2,12.666666666666666,4.2631578947368425,1.1842105263157896,12.078947368421053,2.8421052631578947,2.1315789473684212,4.25,0.0,Relief,1,No,No,Player Team Season
801434,Paul Gervase,139,Tampa Bay Rays,139,Tampa Bay Rays,2025,1,Pitcher,5,0,1,0,0,0,0,0,0,0,0,6.1,6,3,3,3,5,0,6,0,30,0,0,1,12,0,3,1,6.333333333333333,4.2631578947368425,1.736842105263158,8.526315789473685,7.105263157894737,4.2631578947368425,1.2,0.0,Relief,2,Yes,Yes,Player Team Season
622253,Dillon Tate,141,Toronto Blue Jays,141,Toronto Blue Jays,2025,1,Pitcher,6,0,1,0,0,0,0,0,0,0,0,6.1,8,3,3,1,6,0,8,1,34,0,0,3,8,1,1,0,6.333333333333333,4.2631578947368425,2.210526315789474,11.368421052631579,8.526315789473685,1.4210526315789473,1.3333333333333333,0.0,Relief,1,No,No,Player Team Season
554431,Tyler Matzek,147,New York Yankees,147,New York Yankees,2025,1,Pitcher,7,0,4,0,0,0,0,0,0,0,0,6.1,11,3,3,0,5,0,7,0,35,0,0,2,10,0,3,3,6.333333333333333,4.2631578947368425,2.5263157894736845,9.947368421052632,7.105263157894737,0.0,1.4,0.0,Relief,1,No,No,Player Team Season
669371,Cole Henry,120,Washington Nationals,120,Washington Nationals,2025,1,Pitcher,57,0,13,0,0,1,2,2,2,10,0,52.2,43,27,25,7,32,1,52,11,241,2,1,36,67,3,34,12,52.666666666666664,4.272151898734178,1.4240506329113924,8.88607594936709,5.468354430379747,1.1962025316455698,1.625,0.0,Relief,1,No,No,Player Team Season
641656,Ian Hamilton,147,New York Yankees,147,New York Yankees,2025,1,Pitcher,36,1,5,0,0,2,1,0,0,4,0,40.0,28,20,19,5,22,1,42,1,166,2,0,31,41,5,12,2,40.0,4.275,1.25,9.45,4.95,1.125,1.9090909090909092,0.027777777777777776,Swing,1,No,No,Player Team Season
543243,Sonny Gray,138,St. Louis Cardinals,138,St. Louis Cardinals,2025,1,Pitcher,32,32,0,1,1,14,8,0,0,0,0,180.2,185,93,86,25,38,0,201,3,753,2,0,166,157,9,0,0,180.66666666666666,4.284132841328414,1.2343173431734318,10.012915129151292,1.892988929889299,1.2453874538745389,5.2894736842105265,1.0,Starter,1,No,No,Player Team Season
677944,Slade Cecconi,114,Cleveland Guardians,114,Cleveland Guardians,2025,1,Pitcher,23,23,0,0,0,7,7,0,0,0,0,132.0,125,66,63,24,32,1,109,3,545,3,1,130,146,10,0,0,132.0,4.295454545454546,1.1893939393939394,7.431818181818182,2.1818181818181817,1.6363636363636365,3.40625,1.0,Starter,1,No,No,Player Team Season
688138,Logan Evans,136,Seattle Mariners,136,Seattle Mariners,2025,1,Pitcher,16,15,0,0,0,6,5,0,1,0,1,81.1,82,45,39,13,31,1,59,4,350,5,0,79,95,8,0,0,81.33333333333333,4.315573770491803,1.389344262295082,6.528688524590164,3.430327868852459,1.4385245901639345,1.903225806451613,0.9375,Swing,1,No,No,Player Team Season
680736,Justin Wrobleski,119,Los Angeles Dodgers,119,Los Angeles Dodgers,2025,1,Pitcher,24,2,9,0,0,5,5,2,2,7,0,66.2,65,34,32,6,17,1,76,3,280,1,0,70,49,4,6,0,66.66666666666667,4.319999999999999,1.23,10.26,2.295,0.8099999999999999,4.470588235294118,0.08333333333333333,Swing,1,No,No,Player Team Season
664849,Danny Young,121,New York Mets,121,New York Mets,2025,1,Pitcher,10,0,4,0,0,0,0,0,0,4,0,8.1,9,5,4,0,3,0,13,1,37,0,0,9,2,1,1,0,8.333333333333334,4.319999999999999,1.44,14.04,3.2399999999999998,0.0,4.333333333333333,0.0,Relief,1,No,No,Player Team Season
695418,Brad Lord,120,Washington Nationals,120,Washington Nationals,2025,1,Pitcher,48,19,2,0,0,5,10,0,0,7,0,130.2,126,65,63,17,43,0,108,3,546,1,0,146,120,13,14,5,130.66666666666666,4.339285714285714,1.2933673469387756,7.438775510204082,2.9617346938775513,1.1709183673469388,2.511627906976744,0.3958333333333333,Swing,1,No,No,Player Team Season
519151,Ryan Pressly,112,Chicago Cubs,112,Chicago Cubs,2025,1,Pitcher,44,0,17,0,0,2,3,5,7,7,2,41.1,46,24,20,6,17,0,28,2,182,0,0,57,31,7,4,0,41.333333333333336,4.354838709677419,1.5241935483870968,6.096774193548387,3.701612903225806,1.3064516129032258,1.6470588235294117,0.0,Relief,1,No,No,Player Team Season
663542,Bryan Hudson,158,Milwaukee Brewers,158,Milwaukee Brewers,2025,1,Pitcher,12,0,2,0,0,0,1,0,0,2,0,10.1,8,7,5,0,12,2,13,2,54,0,1,10,9,1,1,0,10.333333333333334,4.354838709677419,1.9354838709677418,11.32258064516129,10.451612903225806,0.0,1.0833333333333333,0.0,Relief,2,Yes,Yes,Player Team Season
642232,Ryan Yarbrough,147,New York Yankees,147,New York Yankees,2025,1,Pitcher,19,8,4,0,0,3,1,1,1,0,0,64.0,58,31,31,13,19,0,55,2,264,0,0,62,68,4,8,0,64.0,4.359375,1.203125,7.734375,2.671875,1.828125,2.8947368421052633,0.42105263157894735,Swing,1,No,No,Player Team Season
694819,Jacob Misiorowski,158,Milwaukee Brewers,158,Milwaukee Brewers,2025,1,Pitcher,15,14,0,0,0,5,3,0,0,0,0,66.0,51,34,32,8,31,0,87,3,273,1,0,41,60,7,3,3,66.0,4.363636363636363,1.2424242424242424,11.863636363636363,4.2272727272727275,1.0909090909090908,2.806451612903226,0.9333333333333333,Swing,1,No,No,Player Team Season
682847,Luis Ortiz,114,Cleveland Guardians,114,Cleveland Guardians,2025,1,Pitcher,16,16,0,0,0,4,9,0,0,0,0,88.2,80,44,43,12,42,0,96,1,382,0,0,87,76,9,0,0,88.66666666666667,4.364661654135338,1.37593984962406,9.74436090225564,4.263157894736842,1.218045112781955,2.2857142857142856,1.0,Starter,1,No,No,Player Team Season
672456,Keider Montero,116,Detroit Tigers,116,Detroit Tigers,2025,1,Pitcher,20,12,1,0,0,5,3,0,0,0,0,90.2,95,46,44,16,31,0,72,2,389,2,0,87,102,7,7,1,90.66666666666667,4.367647058823529,1.3897058823529411,7.147058823529411,3.077205882352941,1.588235294117647,2.3225806451612905,0.6,Swing,1,No,No,Player Team Season
656546,Jeff Hoffman,141,Toronto Blue Jays,141,Toronto Blue Jays,2025,1,Pitcher,71,0,59,0,0,9,7,33,40,0,7,68.0,54,34,33,15,27,1,84,4,287,2,0,51,67,1,11,9,68.0,4.367647058823529,1.1911764705882353,11.117647058823529,3.573529411764706,1.9852941176470589,3.111111111111111,0.0,Relief,1,No,No,Player Team Season
687606,Paxton Schultz,141,Toronto Blue Jays,141,Toronto Blue Jays,2025,1,Pitcher,13,2,4,0,0,0,0,0,0,0,0,24.2,27,16,12,4,8,0,28,1,110,0,0,20,26,0,8,2,24.666666666666668,4.378378378378378,1.4189189189189189,10.216216216216216,2.918918918918919,1.4594594594594594,3.5,0.15384615384615385,Swing,1,No,No,Player Team Season
681895,Evan Sisk,134,Pittsburgh Pirates,134,Pittsburgh Pirates,2025,1,Pitcher,14,0,4,0,0,1,1,0,0,2,0,12.1,11,6,6,1,5,0,14,2,54,2,0,11,11,0,8,4,12.333333333333334,4.378378378378378,1.2972972972972971,10.216216216216216,3.6486486486486487,0.7297297297297297,2.8,0.0,Relief,2,Yes,Yes,Player Team Season
641793,Zack Littell,113,Cincinnati Reds,113,Cincinnati Reds,2025,1,Pitcher,10,10,0,0,0,2,0,0,0,0,0,53.1,46,28,26,10,11,0,41,2,222,1,0,56,64,2,0,0,53.333333333333336,4.3875,1.0687499999999999,6.918749999999999,1.85625,1.6875,3.727272727272727,1.0,Starter,1,No,No,Player Team Season
685126,Brandon Eisert,145,Chicago White Sox,145,Chicago White Sox,2025,1,Pitcher,72,3,14,0,0,3,8,2,5,9,3,69.2,75,36,34,12,25,6,74,5,306,3,1,55,72,6,36,13,69.66666666666667,4.392344497607655,1.4354066985645932,9.559808612440191,3.229665071770335,1.5502392344497606,2.96,0.041666666666666664,Swing,1,No,No,Player Team Season
571578,Patrick Corbin,140,Texas Rangers,140,Texas Rangers,2025,1,Pitcher,31,30,1,1,0,7,11,0,0,0,0,155.1,161,79,76,21,51,1,131,3,663,6,0,148,169,10,0,0,155.33333333333334,4.4034334763948495,1.3648068669527895,7.590128755364806,2.9549356223175964,1.2167381974248925,2.5686274509803924,0.967741935483871,Swing,1,No,No,Player Team Season
688497,Taylor Rashi,109,Arizona Diamondbacks,109,Arizona Diamondbacks,2025,1,Pitcher,10,0,5,0,0,0,1,2,3,0,1,16.1,16,8,8,0,8,0,22,0,72,1,0,11,15,0,1,1,16.333333333333332,4.408163265306123,1.469387755102041,12.122448979591837,4.408163265306123,0.0,2.75,0.0,Relief,1,No,No,Player Team Season
700241,Michael McGreevy,138,St. Louis Cardinals,138,St. Louis Cardinals,2025,1,Pitcher,17,16,1,0,0,8,4,0,0,0,0,95.2,100,50,47,12,20,0,58,3,400,0,1,116,103,10,3,0,95.66666666666667,4.421602787456446,1.254355400696864,5.456445993031359,1.881533101045296,1.1289198606271778,2.9,0.9411764705882353,Swing,1,No,No,Player Team Season
686701,Ryan Bergert,118,Kansas City Royals,118,Kansas City Royals,2025,1,Pitcher,8,8,0,0,0,1,2,0,0,0,0,40.2,37,21,20,4,17,1,39,0,174,1,0,27,54,1,0,0,40.666666666666664,4.426229508196721,1.3278688524590165,8.631147540983607,3.7622950819672134,0.8852459016393444,2.2941176470588234,1.0,Starter,2,Yes,Yes,Player Team Season
592454,Tommy Kahnle,116,Detroit Tigers,116,Detroit Tigers,2025,1,Pitcher,66,0,16,0,0,1,5,9,14,16,5,63.0,51,32,31,8,31,0,50,1,267,3,0,73,61,6,32,5,63.0,4.428571428571429,1.3015873015873016,7.142857142857143,4.428571428571429,1.1428571428571428,1.6129032258064515,0.0,Relief,1,No,No,Player Team Season
701542,Will Warren,147,New York Yankees,147,New York Yankees,2025,1,Pitcher,33,33,0,0,0,9,8,0,0,0,0,162.1,158,90,80,22,65,0,171,4,711,2,1,157,155,6,0,0,162.33333333333334,4.435318275154004,1.3737166324435317,9.480492813141684,3.603696098562628,1.219712525667351,2.6307692307692307,1.0,Starter,1,No,No,Player Team Season
689254,Mason Fluharty,141,Toronto Blue Jays,141,Toronto Blue Jays,2025,1,Pitcher,55,0,7,0,0,5,2,1,3,6,2,52.2,36,28,26,6,24,4,56,2,215,1,0,43,54,5,34,7,52.666666666666664,4.443037974683545,1.139240506329114,9.569620253164558,4.101265822784811,1.0253164556962027,2.3333333333333335,0.0,Relief,1,No,No,Player Team Season
663455,Konnor Pilkington,120,Washington Nationals,120,Washington Nationals,2025,1,Pitcher,32,0,4,0,0,2,0,0,0,5,0,28.1,22,16,14,7,17,0,34,2,123,2,0,16,32,1,14,4,28.333333333333332,4.447058823529412,1.3764705882352941,10.8,5.4,2.223529411764706,2.0,0.0,Relief,1,No,No,Player Team Season
675911,Spencer Strider,144,Atlanta Braves,144,Atlanta Braves,2025,1,Pitcher,23,23,0,0,0,7,14,0,0,0,0,125.1,124,63,62,20,51,0,131,8,539,1,1,99,126,8,0,0,125.33333333333333,4.452127659574468,1.396276595744681,9.40691489361702,3.662234042553192,1.4361702127659575,2.5686274509803924,1.0,Starter,1,No,No,Player Team Season
607259,Nick Martinez,113,Cincinnati Reds,113,Cincinnati Reds,2025,1,Pitcher,40,26,2,0,0,11,14,0,0,5,0,165.2,158,86,82,22,42,1,116,6,683,6,0,165,196,10,3,0,165.66666666666666,4.4547283702213285,1.2072434607645877,6.301810865191147,2.2816901408450705,1.1951710261569417,2.761904761904762,0.65,Swing,1,No,No,Player Team Season
820862,José Fermin,108,Los Angeles Angels,108,Los Angeles Angels,2025,1,Pitcher,40,0,3,0,0,3,2,0,4,6,4,34.1,25,21,17,8,23,2,39,1,152,1,1,21,43,2,11,7,34.333333333333336,4.45631067961165,1.3980582524271843,10.223300970873785,6.0291262135922326,2.0970873786407767,1.6956521739130435,0.0,Relief,1,No,No,Player Team Season
808963,Roki Sasaki,119,Los Angeles Dodgers,119,Los Angeles Dodgers,2025,1,Pitcher,10,8,0,0,0,1,1,0,0,2,0,36.1,30,18,18,6,22,0,28,3,161,2,0,33,45,1,0,0,36.333333333333336,4.458715596330275,1.4311926605504586,6.935779816513761,5.4495412844036695,1.4862385321100917,1.2727272727272727,0.8,Swing,1,No,No,Player Team Season
678606,José A. Ferrer,120,Washington Nationals,120,Washington Nationals,2025,1,Pitcher,72,0,18,0,0,4,4,11,15,21,4,76.1,81,41,38,5,16,1,71,7,324,6,0,109,40,12,35,11,76.33333333333333,4.480349344978166,1.2707423580786028,8.37117903930131,1.88646288209607,0.5895196506550219,4.4375,0.0,Relief,1,No,No,Player Team Season
663485,Cole Sands,142,Minnesota Twins,142,Minnesota Twins,2025,1,Pitcher,69,3,18,0,0,4,6,3,7,13,4,72.0,65,41,36,7,19,2,64,4,299,3,0,72,75,5,25,9,72.0,4.5,1.1666666666666667,8.0,2.375,0.875,3.3684210526315788,0.043478260869565216,Swing,1,No,No,Player Team Season
643377,Griffin Jax,142,Minnesota Twins,142,Minnesota Twins,2025,1,Pitcher,50,0,3,0,0,1,5,0,5,21,5,46.0,46,24,23,4,13,2,72,1,198,0,0,35,31,2,3,0,46.0,4.5,1.2826086956521738,14.08695652173913,2.5434782608695654,0.782608695652174,5.538461538461538,0.0,Relief,2,Yes,Yes,Player Team Season
669713,Hayden Wesneski,117,Houston Astros,117,Houston Astros,2025,1,Pitcher,6,6,0,0,0,1,3,0,0,0,0,32.0,29,16,16,7,6,0,29,1,131,0,0,29,37,0,0,0,32.0,4.5,1.09375,8.15625,1.6875,1.96875,4.833333333333333,1.0,Starter,1,No,No,Player Team Season
518489,Ryan Brasier,112,Chicago Cubs,112,Chicago Cubs,2025,1,Pitcher,28,1,4,0,0,0,1,0,0,4,0,26.0,27,13,13,2,5,0,20,0,105,0,0,26,27,3,14,3,26.0,4.5,1.2307692307692308,6.923076923076923,1.7307692307692308,0.6923076923076923,4.0,0.03571428571428571,Swing,1,No,No,Player Team Season
642397,Gregory Soto,121,New York Mets,121,New York Mets,2025,1,Pitcher,25,0,3,0,0,1,3,0,0,5,0,24.0,33,16,12,2,6,0,26,6,119,3,0,25,23,0,14,6,24.0,4.5,1.625,9.75,2.25,0.75,4.333333333333333,0.0,Relief,2,Yes,Yes,Player Team Season
676130,José Buttó,137,San Francisco Giants,137,San Francisco Giants,2025,1,Pitcher,21,0,2,0,0,2,1,0,3,4,3,20.0,19,10,10,2,10,1,17,1,86,0,0,17,22,2,16,8,20.0,4.5,1.45,7.65,4.5,0.9,1.7,0.0,Relief,2,Yes,Yes,Player Team Season
676775,Keaton Winn,137,San Francisco Giants,137,San Francisco Giants,2025,1,Pitcher,7,0,6,0,0,0,0,0,0,0,0,10.0,12,5,5,1,2,0,9,0,42,0,0,10,9,1,0,0,10.0,4.5,1.4,8.1,1.8,0.9,4.5,0.0,Relief,1,No,No,Player Team Season
687209,Zach Maxwell,113,Cincinnati Reds,113,Cincinnati Reds,2025,1,Pitcher,8,0,1,0,0,0,0,0,0,0,0,10.0,10,5,5,3,4,0,13,0,43,0,0,8,8,1,1,0,10.0,4.5,1.4,11.7,3.6,2.7,3.25,0.0,Relief,1,No,No,Player Team Season
685107,Anthony Veneziano,138,St. Louis Cardinals,138,St. Louis Cardinals,2025,1,Pitcher,2,0,0,0,0,0,0,0,0,0,0,4.0,3,2,2,0,1,0,5,1,17,0,0,5,2,0,2,0,4.0,4.5,1.0,11.25,2.25,0.0,5.0,0.0,Relief,2,Yes,Yes,Player Team Season
606160,Rafael Montero,117,Houston Astros,117,Houston Astros,2025,1,Pitcher,3,0,2,0,0,0,0,0,0,0,0,4.0,3,2,2,0,2,0,5,0,16,0,0,2,4,0,0,0,4.0,4.5,1.25,11.25,4.5,0.0,2.5,0.0,Relief,3,Yes,Yes,Player Team Season
805299,Brandyn Garcia,136,Seattle Mariners,136,Seattle Mariners,2025,1,Pitcher,2,0,1,0,0,0,0,0,0,0,0,2.0,4,2,1,0,3,0,1,0,11,1,0,3,0,1,0,0,2.0,4.5,3.5,4.5,13.5,0.0,0.3333333333333333,0.0,Relief,2,Yes,Yes,Player Team Season
676969,Brett de Geus,143,Philadelphia Phillies,143,Philadelphia Phillies,2025,1,Pitcher,1,0,1,0,0,0,0,0,0,0,0,2.0,1,1,1,0,3,0,0,0,10,0,0,4,2,0,0,0,2.0,4.5,2.0,0.0,13.5,0.0,0.0,0.0,Relief,1,No,No,Player Team Season
645444,Jose Herrera,109,Arizona Diamondbacks,109,Arizona Diamondbacks,2025,2,Catcher,2,0,2,0,0,0,0,0,0,0,0,2.0,4,1,1,0,0,0,0,0,10,0,0,4,2,0,0,0,2.0,4.5,2.0,0.0,0.0,0.0,,0.0,Relief,1,No,No,Player Team Season
607732,Jacob Stallings,115,Colorado Rockies,115,Colorado Rockies,2025,2,Catcher,1,0,1,0,0,0,0,0,0,0,0,2.0,2,1,1,0,0,0,1,0,8,0,0,2,3,0,0,0,2.0,4.5,1.0,4.5,0.0,0.0,,0.0,Relief,1,No,No,Player Team Season
801434,Paul Gervase,119,Los Angeles Dodgers,119,Los Angeles Dodgers,2025,1,Pitcher,1,0,0,0,0,0,0,0,0,0,0,2.0,2,1,1,0,1,0,2,0,9,0,0,1,3,0,0,0,2.0,4.5,1.5,9.0,4.5,0.0,2.0,0.0,Relief,2,Yes,Yes,Player Team Season
608718,Brent Suter,113,Cincinnati Reds,113,Cincinnati Reds,2025,1,Pitcher,48,3,19,0,0,1,2,0,1,0,1,67.2,69,38,34,11,18,1,53,2,291,2,0,70,79,3,24,8,67.66666666666667,4.522167487684729,1.2857142857142856,7.049261083743842,2.394088669950739,1.463054187192118,2.9444444444444446,0.0625,Swing,1,No,No,Player Team Season
660853,Enyel De Los Santos,144,Atlanta Braves,144,Atlanta Braves,2025,1,Pitcher,43,0,6,0,0,3,3,0,1,2,1,43.2,39,25,22,2,18,2,38,2,189,2,1,39,53,2,23,9,43.666666666666664,4.534351145038168,1.3053435114503817,7.8320610687022905,3.7099236641221376,0.4122137404580153,2.111111111111111,0.0,Relief,2,Yes,Yes,Player Team Season
622663,Luis Severino,133,Athletics,133,Athletics,2025,1,Pitcher,29,29,0,0,0,8,11,0,0,0,0,162.2,162,93,82,16,50,1,124,16,705,3,0,159,194,9,0,0,162.66666666666666,4.536885245901639,1.3032786885245902,6.860655737704918,2.766393442622951,0.8852459016393444,2.48,1.0,Starter,1,No,No,Player Team Season
680689,Lyon Richardson,113,Cincinnati Reds,113,Cincinnati Reds,2025,1,Pitcher,34,0,11,0,0,0,3,0,1,3,1,37.2,37,25,19,2,21,4,30,2,172,0,0,52,30,4,12,5,37.666666666666664,4.539823008849558,1.5398230088495577,7.168141592920354,5.017699115044248,0.4778761061946903,1.4285714285714286,0.0,Relief,1,No,No,Player Team Season
656302,Dylan Cease,135,San Diego Padres,135,San Diego Padres,2025,1,Pitcher,32,32,0,0,0,8,12,0,0,0,0,168.0,152,91,85,21,71,2,215,5,722,5,0,114,163,8,0,0,168.0,4.553571428571429,1.3273809523809523,11.517857142857142,3.8035714285714284,1.125,3.028169014084507,1.0,Starter,1,No,No,Player Team Season
542881,Tyler Anderson,108,Los Angeles Angels,108,Los Angeles Angels,2025,1,Pitcher,26,26,0,0,0,2,8,0,0,0,0,136.1,135,73,69,28,57,4,104,3,599,5,3,105,195,7,0,0,136.33333333333334,4.555012224938875,1.4083129584352077,6.865525672371637,3.7628361858190704,1.8484107579462101,1.8245614035087718,1.0,Starter,1,No,No,Player Team Season
690986,Kyle Harrison,137,San Francisco Giants,137,San Francisco Giants,2025,1,Pitcher,8,4,2,0,0,1,1,0,0,1,0,23.2,21,12,12,4,9,1,25,0,100,0,0,19,26,0,0,0,23.666666666666668,4.563380281690141,1.2676056338028168,9.507042253521126,3.4225352112676055,1.5211267605633803,2.7777777777777777,0.5,Swing,2,Yes,Yes,Player Team Season
663795,Justin Hagenman,121,New York Mets,121,New York Mets,2025,1,Pitcher,9,1,6,0,0,0,1,1,1,0,0,23.2,24,13,12,4,2,0,23,1,99,0,0,19,30,0,3,1,23.666666666666668,4.563380281690141,1.0985915492957745,8.746478873239436,0.7605633802816901,1.5211267605633803,11.5,0.1111111111111111,Swing,1,No,No,Player Team Season
695505,Chase Burns,113,Cincinnati Reds,113,Cincinnati Reds,2025,1,Pitcher,13,8,1,0,0,0,3,0,0,1,0,43.1,41,25,22,5,16,0,67,0,188,0,0,28,36,1,1,0,43.333333333333336,4.569230769230769,1.3153846153846154,13.915384615384614,3.323076923076923,1.0384615384615383,4.1875,0.6153846153846154,Swing,1,No,No,Player Team Season
682274,Yaramil Hiraldo,110,Baltimore Orioles,110,Baltimore Orioles,2025,1,Pitcher,18,0,6,0,0,0,0,0,1,2,1,19.2,17,13,10,4,9,0,21,0,84,2,0,14,23,1,8,5,19.666666666666668,4.576271186440677,1.3220338983050848,9.610169491525424,4.11864406779661,1.830508474576271,2.3333333333333335,0.0,Relief,1,No,No,Player Team Season
677161,Zack Kelly,111,Boston Red Sox,111,Boston Red Sox,2025,1,Pitcher,28,0,5,0,0,1,3,0,2,3,2,35.1,35,21,18,3,12,1,35,3,152,1,0,30,37,3,9,5,35.333333333333336,4.584905660377358,1.3301886792452828,8.915094339622641,3.0566037735849054,0.7641509433962264,2.9166666666666665,0.0,Relief,1,No,No,Player Team Season
570632,José Ureña,142,Minnesota Twins,142,Minnesota Twins,2025,1,Pitcher,4,3,0,0,0,0,1,0,0,0,0,17.2,17,9,9,1,8,0,10,2,78,1,0,18,23,0,2,1,17.666666666666668,4.584905660377358,1.4150943396226414,5.094339622641509,4.0754716981132075,0.5094339622641509,1.25,0.75,Swing,5,Yes,Yes,Player Team Season
687849,Zak Kent,114,Cleveland Guardians,114,Cleveland Guardians,2025,1,Pitcher,12,0,11,0,0,1,0,0,0,0,0,17.2,17,10,9,1,8,0,16,1,76,3,1,14,20,2,3,0,17.666666666666668,4.584905660377358,1.4150943396226414,8.150943396226415,4.0754716981132075,0.5094339622641509,2.0,0.0,Relief,1,No,No,Player Team Season
663941,Tristan Beck,137,San Francisco Giants,137,San Francisco Giants,2025,1,Pitcher,31,1,9,0,0,1,0,2,2,3,0,56.2,47,29,29,7,16,0,41,2,232,3,0,57,69,4,9,1,56.666666666666664,4.605882352941177,1.111764705882353,6.511764705882353,2.5411764705882356,1.111764705882353,2.5625,0.03225806451612903,Swing,1,No,No,Player Team Season
671737,Taj Bradley,139,Tampa Bay Rays,139,Tampa Bay Rays,2025,1,Pitcher,21,21,0,0,0,6,6,0,0,0,0,111.1,99,65,57,13,44,0,95,4,471,4,0,121,108,12,0,0,111.33333333333333,4.607784431137725,1.284431137724551,7.679640718562875,3.5568862275449105,1.0508982035928145,2.159090909090909,1.0,Starter,2,Yes,Yes,Player Team Season
679775,Kyle Backhus,109,Arizona Diamondbacks,109,Arizona Diamondbacks,2025,1,Pitcher,32,0,10,0,0,0,3,2,4,10,2,25.1,28,14,13,3,8,0,22,3,115,1,0,25,29,3,19,4,25.333333333333332,4.618421052631579,1.4210526315789473,7.815789473684211,2.8421052631578947,1.0657894736842106,2.75,0.0,Relief,1,No,No,Player Team Season
664139,Ian Gibaut,113,Cincinnati Reds,113,Cincinnati Reds,2025,1,Pitcher,25,0,5,0,0,0,1,0,1,3,1,25.1,26,13,13,3,8,0,15,0,109,0,0,22,38,0,4,0,25.333333333333332,4.618421052631579,1.3421052631578947,5.328947368421053,2.8421052631578947,1.0657894736842106,1.875,0.0,Relief,1,No,No,Player Team Season
664299,Cristian Javier,117,Houston Astros,117,Houston Astros,2025,1,Pitcher,8,8,0,0,0,2,4,0,0,0,0,37.0,32,22,19,3,15,0,34,1,157,3,0,23,52,0,0,0,37.0,4.621621621621622,1.2702702702702702,8.27027027027027,3.6486486486486487,0.7297297297297297,2.2666666666666666,1.0,Starter,1,No,No,Player Team Season
676508,Ben Casparius,119,Los Angeles Dodgers,119,Los Angeles Dodgers,2025,1,Pitcher,46,3,6,0,0,7,5,2,2,13,0,77.2,78,41,40,8,21,0,71,3,333,1,0,62,98,0,29,1,77.66666666666667,4.63519313304721,1.2746781115879828,8.227467811158798,2.433476394849785,0.927038626609442,3.380952380952381,0.06521739130434782,Swing,1,No,No,Player Team Season
547179,Michael Lorenzen,118,Kansas City Royals,118,Kansas City Royals,2025,1,Pitcher,27,26,0,0,0,7,11,0,0,1,0,141.2,149,76,73,25,39,0,127,6,606,12,0,128,157,9,0,0,141.66666666666666,4.6376470588235295,1.3270588235294118,8.068235294117647,2.4776470588235298,1.5882352941176472,3.2564102564102564,0.9629629629629629,Swing,1,No,No,Player Team Season
656427,Jack Flaherty,116,Detroit Tigers,116,Detroit Tigers,2025,1,Pitcher,31,31,0,0,0,8,15,0,0,0,0,161.0,147,85,83,23,59,1,188,5,681,4,0,124,158,11,0,0,161.0,4.6397515527950315,1.279503105590062,10.509316770186336,3.298136645962733,1.2857142857142858,3.1864406779661016,1.0,Starter,1,No,No,Player Team Season
608372,Tomoyuki Sugano,110,Baltimore Orioles,110,Baltimore Orioles,2025,1,Pitcher,30,30,0,0,0,10,10,0,0,0,0,157.0,173,85,81,33,36,2,106,8,675,3,1,155,197,11,0,0,157.0,4.643312101910828,1.3312101910828025,6.076433121019108,2.0636942675159236,1.89171974522293,2.9444444444444446,1.0,Starter,1,No,No,Player Team Season
678368,Valente Bellozo,146,Miami Marlins,146,Miami Marlins,2025,1,Pitcher,32,6,12,0,0,1,4,0,1,1,1,81.1,85,44,42,15,23,0,54,4,348,0,1,61,120,5,3,2,81.33333333333333,4.647540983606557,1.3278688524590165,5.975409836065574,2.545081967213115,1.6598360655737705,2.347826086956522,0.1875,Swing,1,No,No,Player Team Season
621053,Tyler Ferguson,133,Athletics,133,Athletics,2025,1,Pitcher,56,0,10,0,0,4,2,2,5,12,3,58.0,43,32,30,4,34,2,54,4,246,1,0,43,68,5,29,3,58.0,4.655172413793103,1.3275862068965518,8.379310344827585,5.275862068965517,0.6206896551724138,1.588235294117647,0.0,Relief,1,No,No,Player Team Season
667463,John King,138,St. Louis Cardinals,138,St. Louis Cardinals,2025,1,Pitcher,51,0,15,0,0,2,1,0,1,3,1,48.1,65,30,25,8,14,0,28,0,222,3,0,82,33,5,32,12,48.333333333333336,4.655172413793103,1.6344827586206896,5.213793103448276,2.606896551724138,1.489655172413793,2.0,0.0,Relief,1,No,No,Player Team Season
673380,Dedniel Núñez,121,New York Mets,121,New York Mets,2025,1,Pitcher,10,0,3,0,0,0,0,0,0,3,0,9.2,6,5,5,1,6,0,11,0,41,1,0,4,14,0,3,2,9.666666666666666,4.655172413793104,1.2413793103448276,10.241379310344827,5.586206896551724,0.9310344827586208,1.8333333333333333,0.0,Relief,1,No,No,Player Team Season
666142,Cole Ragans,118,Kansas City Royals,118,Kansas City Royals,2025,1,Pitcher,13,13,0,0,0,3,3,0,0,0,0,61.2,53,33,32,7,20,0,98,2,257,3,0,38,46,1,0,0,61.666666666666664,4.6702702702702705,1.183783783783784,14.302702702702703,2.918918918918919,1.0216216216216216,4.9,1.0,Starter,1,No,No,Player Team Season
671212,Joe Boyle,139,Tampa Bay Rays,139,Tampa Bay Rays,2025,1,Pitcher,13,9,0,0,0,1,4,0,0,0,0,52.0,43,33,27,6,28,1,58,3,226,2,0,41,53,4,0,0,52.0,4.673076923076923,1.3653846153846154,10.038461538461538,4.846153846153846,1.0384615384615385,2.0714285714285716,0.6923076923076923,Swing,1,No,No,Player Team Season
663423,Trent Thornton,136,Seattle Mariners,136,Seattle Mariners,2025,1,Pitcher,33,0,7,0,0,2,0,0,1,5,1,42.1,41,23,22,6,14,2,32,4,180,1,0,46,43,4,10,1,42.333333333333336,4.677165354330708,1.2992125984251968,6.803149606299212,2.9763779527559056,1.2755905511811023,2.2857142857142856,0.0,Relief,1,No,No,Player Team Season
623149,Paul Sewald,114,Cleveland Guardians,114,Cleveland Guardians,2025,1,Pitcher,18,0,3,0,0,1,1,2,4,4,2,15.1,14,9,8,3,4,0,18,0,62,0,0,2,24,0,10,4,15.333333333333334,4.695652173913043,1.1739130434782608,10.565217391304348,2.3478260869565215,1.7608695652173911,4.5,0.0,Relief,2,Yes,Yes,Player Team Season
701552,Andre Granillo,138,St. Louis Cardinals,138,St. Louis Cardinals,2025,1,Pitcher,14,0,6,0,0,1,0,1,1,0,0,21.0,22,11,11,3,7,0,18,1,91,2,0,13,30,1,10,3,21.0,4.714285714285714,1.380952380952381,7.714285714285714,3.0,1.2857142857142858,2.5714285714285716,0.0,Relief,1,No,No,Player Team Season
685107,Anthony Veneziano,146,Miami Marlins,146,Miami Marlins,2025,1,Pitcher,24,1,3,0,0,0,0,0,1,4,1,21.0,25,11,11,4,10,0,20,1,100,1,0,26,18,1,22,7,21.0,4.714285714285714,1.6666666666666667,8.571428571428571,4.285714285714286,1.7142857142857142,2.0,0.041666666666666664,Swing,2,Yes,Yes,Player Team Season
656234,Jake Bird,115,Colorado Rockies,115,Colorado Rockies,2025,1,Pitcher,45,0,5,0,0,4,1,0,6,10,6,53.1,56,30,28,5,23,3,62,3,236,4,0,53,39,3,35,13,53.333333333333336,4.725,1.48125,10.4625,3.8812499999999996,0.84375,2.6956521739130435,0.0,Relief,2,Yes,Yes,Player Team Season
676974,Max Meyer,146,Miami Marlins,146,Miami Marlins,2025,1,Pitcher,12,12,0,0,0,3,5,0,0,0,0,64.2,72,39,34,12,20,0,68,2,285,0,1,69,54,2,0,0,64.66666666666667,4.731958762886598,1.4226804123711339,9.463917525773196,2.783505154639175,1.670103092783505,3.4,1.0,Starter,1,No,No,Player Team Season
666171,Ryan Zeferjahn,108,Los Angeles Angels,108,Los Angeles Angels,2025,1,Pitcher,62,1,7,0,0,6,5,2,8,17,6,57.0,49,31,30,12,35,3,73,4,257,3,0,43,53,4,20,7,57.0,4.7368421052631575,1.4736842105263157,11.526315789473685,5.526315789473684,1.894736842105263,2.085714285714286,0.016129032258064516,Swing,1,No,No,Player Team Season
656945,Tanner Scott,119,Los Angeles Dodgers,119,Los Angeles Dodgers,2025,1,Pitcher,61,0,33,0,0,1,4,23,33,8,10,57.0,54,33,30,11,18,2,60,4,238,2,0,46,56,6,13,5,57.0,4.7368421052631575,1.263157894736842,9.473684210526315,2.8421052631578947,1.736842105263158,3.3333333333333335,0.0,Relief,1,No,No,Player Team Season
693312,Kyle Nicolas,134,Pittsburgh Pirates,134,Pittsburgh Pirates,2025,1,Pitcher,31,0,5,0,0,1,2,0,1,3,1,38.0,34,21,20,3,18,0,34,2,167,1,0,31,48,3,17,4,38.0,4.7368421052631575,1.368421052631579,8.052631578947368,4.2631578947368425,0.7105263157894737,1.8888888888888888,0.0,Relief,1,No,No,Player Team Season
641329,Bryan Baker,139,Tampa Bay Rays,139,Tampa Bay Rays,2025,1,Pitcher,31,0,5,0,0,1,2,1,4,9,3,30.1,26,16,16,5,8,0,34,0,123,1,0,23,32,2,2,1,30.333333333333332,4.747252747252747,1.120879120879121,10.087912087912088,2.3736263736263736,1.4835164835164836,4.25,0.0,Relief,2,Yes,Yes,Player Team Season
663372,Ryan Feltner,115,Colorado Rockies,115,Colorado Rockies,2025,1,Pitcher,6,6,0,0,0,0,2,0,0,0,0,30.1,33,17,16,4,12,0,25,0,135,0,0,33,32,2,0,0,30.333333333333332,4.747252747252747,1.4835164835164836,7.417582417582418,3.5604395604395607,1.1868131868131868,2.0833333333333335,1.0,Starter,1,No,No,Player Team Season
693313,Carson Seymour,137,San Francisco Giants,137,San Francisco Giants,2025,1,Pitcher,16,3,7,0,0,1,3,0,0,1,0,36.0,37,21,19,9,13,0,26,1,156,0,0,48,31,4,0,0,36.0,4.75,1.3888888888888888,6.5,3.25,2.25,2.0,0.1875,Swing,1,No,No,Player Team Season
543294,Kyle Hendricks,108,Los Angeles Angels,108,Los Angeles Angels,2025,1,Pitcher,31,31,0,0,0,8,10,0,0,0,0,164.2,167,92,87,25,43,3,114,5,695,0,0,160,206,16,0,0,164.66666666666666,4.755060728744939,1.2753036437246965,6.230769230769231,2.350202429149798,1.3663967611336034,2.6511627906976742,1.0,Starter,1,No,No,Player Team Season
657006,Justin Steele,112,Chicago Cubs,112,Chicago Cubs,2025,1,Pitcher,4,4,0,0,0,3,1,0,0,0,0,22.2,21,12,12,5,5,0,21,1,92,0,0,23,21,2,0,0,22.666666666666668,4.764705882352941,1.1470588235294117,8.338235294117647,1.9852941176470587,1.9852941176470587,4.2,1.0,Starter,1,No,No,Player Team Season
642207,Devin Williams,147,New York Yankees,147,New York Yankees,2025,1,Pitcher,67,0,29,0,0,4,6,18,22,15,4,62.0,45,37,33,5,25,1,90,4,259,4,0,49,46,2,6,0,62.0,4.790322580645161,1.1290322580645162,13.064516129032258,3.629032258064516,0.7258064516129032,3.6,0.0,Relief,1,No,No,Player Team Season
676661,Max Lazar,143,Philadelphia Phillies,143,Philadelphia Phillies,2025,1,Pitcher,36,0,19,0,0,1,1,1,1,1,0,41.1,41,23,22,7,12,0,26,0,170,3,0,41,50,4,15,0,41.333333333333336,4.790322580645161,1.282258064516129,5.661290322580645,2.6129032258064515,1.5241935483870968,2.1666666666666665,0.0,Relief,1,No,No,Player Team Season
687075,Brandon Sproat,121,New York Mets,121,New York Mets,2025,1,Pitcher,4,4,0,0,0,0,2,0,0,0,0,20.2,18,11,11,0,7,0,17,2,84,0,0,24,16,4,0,0,20.666666666666668,4.790322580645161,1.2096774193548387,7.403225806451612,3.0483870967741935,0.0,2.4285714285714284,1.0,Starter,1,No,No,Player Team Season
605288,Adrian Houser,139,Tampa Bay Rays,139,Tampa Bay Rays,2025,1,Pitcher,10,10,0,0,0,2,3,0,0,0,0,56.1,60,30,30,7,16,0,45,7,243,2,2,68,47,8,0,0,56.333333333333336,4.792899408284024,1.349112426035503,7.189349112426036,2.556213017751479,1.1183431952662721,2.8125,1.0,Starter,2,Yes,Yes,Player Team Season
806185,Hayden Birdsong,137,San Francisco Giants,137,San Francisco Giants,2025,1,Pitcher,21,10,2,0,0,4,4,0,0,3,0,65.2,61,42,35,10,37,0,68,5,298,6,0,50,77,4,2,2,65.66666666666667,4.796954314720812,1.4923857868020303,9.31979695431472,5.071065989847716,1.3705583756345177,1.837837837837838,0.47619047619047616,Swing,1,No,No,Player Team Season
800049,Adam Mazur,146,Miami Marlins,146,Miami Marlins,2025,1,Pitcher,6,6,0,0,0,0,4,0,0,0,0,30.0,33,21,16,4,12,0,19,1,139,2,0,38,36,2,0,0,30.0,4.8,1.5,5.7,3.6,1.2,1.5833333333333333,1.0,Starter,1,No,No,Player Team Season
666808,Camilo Doval,147,New York Yankees,147,New York Yankees,2025,1,Pitcher,22,0,8,0,0,0,1,1,3,3,2,18.2,19,14,10,2,11,0,22,1,87,1,2,22,12,1,8,5,18.666666666666668,4.821428571428571,1.607142857142857,10.607142857142856,5.303571428571428,0.9642857142857142,2.0,0.0,Relief,1,No,No,Player Team Season
668970,Gavin Hollowell,112,Chicago Cubs,112,Chicago Cubs,2025,1,Pitcher,7,0,4,0,0,0,0,0,0,0,0,9.1,9,5,5,1,7,0,10,0,43,1,0,9,8,1,1,1,9.333333333333334,4.821428571428571,1.7142857142857142,9.642857142857142,6.75,0.9642857142857142,1.4285714285714286,0.0,Relief,1,No,No,Player Team Season
668678,Zac Gallen,109,Arizona Diamondbacks,109,Arizona Diamondbacks,2025,1,Pitcher,33,33,0,0,0,13,15,0,0,0,0,192.0,176,109,103,31,66,1,175,4,813,2,0,192,200,13,0,0,192.0,4.828125,1.2604166666666667,8.203125,3.09375,1.453125,2.6515151515151514,1.0,Starter,1,No,No,Player Team Season
571945,Miles Mikolas,138,St. Louis Cardinals,138,St. Louis Cardinals,2025,1,Pitcher,31,31,0,0,0,8,11,0,0,0,0,156.1,169,87,84,29,37,1,100,3,669,1,0,163,197,9,0,0,156.33333333333334,4.835820895522388,1.3176972281449892,5.756929637526652,2.1300639658848612,1.6695095948827292,2.7027027027027026,1.0,Starter,1,No,No,Player Team Season
672782,Yoendrys Gómez,145,Chicago White Sox,145,Chicago White Sox,2025,1,Pitcher,12,9,3,0,0,2,2,0,0,0,0,48.1,45,29,26,9,16,0,47,4,208,2,0,39,56,3,0,0,48.333333333333336,4.841379310344827,1.2620689655172412,8.751724137931035,2.979310344827586,1.6758620689655173,2.9375,0.75,Swing,3,Yes,Yes,Player Team Season
643410,Mark Leiter Jr.,147,New York Yankees,147,New York Yankees,2025,1,Pitcher,59,0,11,0,0,6,7,2,6,14,4,48.1,57,31,26,5,17,0,54,4,219,8,0,43,44,5,36,15,48.333333333333336,4.841379310344827,1.5310344827586206,10.055172413793104,3.1655172413793102,0.9310344827586207,3.176470588235294,0.0,Relief,1,No,No,Player Team Season
669160,Dustin May,119,Los Angeles Dodgers,119,Los Angeles Dodgers,2025,1,Pitcher,19,18,0,0,0,6,7,0,0,0,0,104.0,97,60,56,16,43,3,97,8,451,1,0,105,101,8,0,0,104.0,4.846153846153846,1.3461538461538463,8.39423076923077,3.7211538461538463,1.3846153846153846,2.255813953488372,0.9473684210526315,Swing,2,Yes,Yes,Player Team Season
682120,Tim Herrin,114,Cleveland Guardians,114,Cleveland Guardians,2025,1,Pitcher,54,0,4,0,0,5,4,0,2,15,2,42.2,37,23,23,5,30,2,45,6,194,2,0,36,40,6,23,9,42.666666666666664,4.8515625,1.5703125,9.4921875,6.328125,1.0546875,1.5,0.0,Relief,1,No,No,Player Team Season
647336,Michael Soroka,120,Washington Nationals,120,Washington Nationals,2025,1,Pitcher,16,16,0,0,0,3,8,0,0,0,0,81.1,68,44,44,11,24,0,87,14,343,2,1,71,79,4,0,0,81.33333333333333,4.868852459016393,1.1311475409836067,9.62704918032787,2.655737704918033,1.2172131147540983,3.625,1.0,Starter,2,Yes,Yes,Player Team Season
669358,Shane Baz,139,Tampa Bay Rays,139,Tampa Bay Rays,2025,1,Pitcher,31,31,0,0,0,10,12,0,0,0,0,166.1,158,91,90,26,64,0,176,9,711,3,0,162,142,19,0,0,166.33333333333334,4.869739478957915,1.3346693386773547,9.523046092184368,3.4629258517034067,1.4068136272545089,2.75,1.0,Starter,1,No,No,Player Team Season
543859,Michael Tonkin,142,Minnesota Twins,142,Minnesota Twins,2025,1,Pitcher,21,0,7,0,0,2,1,0,1,2,1,24.0,20,13,13,3,8,0,19,5,103,1,0,20,31,1,6,1,24.0,4.875,1.1666666666666667,7.125,3.0,1.125,2.375,0.0,Relief,1,No,No,Player Team Season
689017,Landon Knack,119,Los Angeles Dodgers,119,Los Angeles Dodgers,2025,1,Pitcher,10,7,1,0,0,3,2,1,1,0,0,42.1,40,25,23,10,19,0,42,2,185,1,0,29,53,2,0,0,42.333333333333336,4.889763779527558,1.3937007874015748,8.929133858267717,4.039370078740157,2.1259842519685037,2.210526315789474,0.7,Swing,1,No,No,Player Team Season
672391,Kaleb Ort,117,Houston Astros,117,Houston Astros,2025,1,Pitcher,49,0,17,0,0,2,2,1,1,3,0,46.0,35,26,25,8,27,1,49,0,194,2,0,35,46,6,19,3,46.0,4.891304347826087,1.3478260869565217,9.58695652173913,5.282608695652174,1.565217391304348,1.8148148148148149,0.0,Relief,1,No,No,Player Team Season
676106,Emerson Hancock,136,Seattle Mariners,136,Seattle Mariners,2025,1,Pitcher,22,16,2,0,0,4,5,0,0,0,0,90.0,93,51,49,15,31,0,64,5,385,2,1,101,91,9,0,0,90.0,4.9,1.3777777777777778,6.4,3.1,1.5,2.064516129032258,0.7272727272727273,Swing,1,No,No,Player Team Season
691799,Grant Taylor,145,Chicago White Sox,145,Chicago White Sox,2025,1,Pitcher,36,2,10,0,0,2,4,6,7,9,1,36.2,37,20,20,0,15,1,54,0,157,5,0,26,25,4,10,4,36.666666666666664,4.909090909090909,1.4181818181818182,13.254545454545456,3.681818181818182,0.0,3.6,0.05555555555555555,Swing,1,No,No,Player Team Season
650644,Aaron Civale,158,Milwaukee Brewers,158,Milwaukee Brewers,2025,1,Pitcher,5,5,0,0,0,1,2,0,0,0,0,22.0,23,12,12,5,7,1,19,2,94,0,0,10,33,3,0,0,22.0,4.909090909090909,1.3636363636363635,7.7727272727272725,2.8636363636363638,2.0454545454545454,2.7142857142857144,1.0,Starter,3,Yes,Yes,Player Team Season
671109,Jake Eder,108,Los Angeles Angels,108,Los Angeles Angels,2025,1,Pitcher,8,0,7,0,0,0,1,0,0,0,0,18.1,15,10,10,3,9,1,15,1,78,3,0,13,25,2,3,2,18.333333333333332,4.909090909090909,1.309090909090909,7.363636363636364,4.418181818181819,1.4727272727272729,1.6666666666666667,0.0,Relief,1,No,No,Player Team Season
650893,Génesis Cabrera,134,Pittsburgh Pirates,134,Pittsburgh Pirates,2025,1,Pitcher,9,0,1,0,0,0,0,0,0,1,0,11.0,12,6,6,2,1,0,7,1,46,0,0,14,11,1,6,4,11.0,4.909090909090909,1.1818181818181819,5.7272727272727275,0.8181818181818182,1.6363636363636365,7.0,0.0,Relief,4,Yes,Yes,Player Team Season
641835,Tim Mayza,143,Philadelphia Phillies,143,Philadelphia Phillies,2025,1,Pitcher,8,0,1,0,0,0,0,0,0,0,0,7.1,8,4,4,1,4,0,7,1,34,1,0,10,4,1,0,0,7.333333333333333,4.909090909090909,1.6363636363636365,8.590909090909092,4.909090909090909,1.2272727272727273,1.75,0.0,Relief,2,Yes,Yes,Player Team Season
665625,Elvis Peguero,158,Milwaukee Brewers,158,Milwaukee Brewers,2025,1,Pitcher,6,0,2,0,0,0,0,0,0,1,0,7.1,8,6,4,1,4,0,5,1,36,1,0,9,9,0,2,0,7.333333333333333,4.909090909090909,1.6363636363636365,6.136363636363637,4.909090909090909,1.2272727272727273,1.25,0.0,Relief,2,Yes,Yes,Player Team Season
678316,Omar Cruz,135,San Diego Padres,135,San Diego Padres,2025,1,Pitcher,2,0,1,0,0,0,0,0,0,0,0,3.2,4,2,2,0,3,0,5,0,18,0,0,1,5,0,0,0,3.6666666666666665,4.909090909090909,1.9090909090909092,12.272727272727273,7.363636363636364,0.0,1.6666666666666667,0.0,Relief,1,No,No,Player Team Season
691769,Philip Abner,109,Arizona Diamondbacks,109,Arizona Diamondbacks,2025,1,Pitcher,5,0,0,0,0,0,0,0,0,0,0,3.2,5,2,2,0,3,0,5,0,18,0,0,2,3,1,8,3,3.6666666666666665,4.909090909090909,2.181818181818182,12.272727272727273,7.363636363636364,0.0,1.6666666666666667,0.0,Relief,1,No,No,Player Team Season
592779,Brock Stewart,119,Los Angeles Dodgers,119,Los Angeles Dodgers,2025,1,Pitcher,4,0,1,0,0,0,1,0,0,2,0,3.2,6,2,2,0,2,0,3,1,20,0,0,2,6,0,0,0,3.6666666666666665,4.909090909090909,2.181818181818182,7.363636363636364,4.909090909090909,0.0,1.5,0.0,Relief,2,Yes,Yes,Player Team Season
687473,Ryan Gusto,117,Houston Astros,117,Houston Astros,2025,1,Pitcher,24,14,2,0,0,7,4,0,0,0,0,86.0,95,50,47,13,28,0,87,3,379,0,0,63,103,8,1,0,86.0,4.9186046511627906,1.430232558139535,9.104651162790697,2.9302325581395348,1.3604651162790697,3.107142857142857,0.5833333333333334,Swing,2,Yes,Yes,Player Team Season
666214,Joey Wentz,144,Atlanta Braves,144,Atlanta Braves,2025,1,Pitcher,14,13,0,0,0,3,6,0,0,0,0,64.0,68,38,35,6,23,1,64,0,278,3,0,56,67,5,0,0,64.0,4.921875,1.421875,9.0,3.234375,0.84375,2.782608695652174,0.9285714285714286,Swing,3,Yes,Yes,Player Team Season
686973,Louis Varland,141,Toronto Blue Jays,141,Toronto Blue Jays,2025,1,Pitcher,23,1,1,0,0,1,0,0,1,5,1,23.2,24,13,13,3,9,0,28,0,99,0,0,22,16,3,12,6,23.666666666666668,4.943661971830986,1.3943661971830985,10.647887323943662,3.4225352112676055,1.1408450704225352,3.111111111111111,0.043478260869565216,Swing,2,Yes,Yes,Player Team Season
676664,JP Sears,133,Athletics,133,Athletics,2025,1,Pitcher,22,22,0,0,0,7,9,0,0,0,0,111.0,112,63,61,23,29,0,97,5,472,1,0,72,157,6,0,0,111.0,4.945945945945946,1.2702702702702702,7.864864864864865,2.3513513513513513,1.864864864864865,3.3448275862068964,1.0,Starter,2,Yes,Yes,Player Team Season
663978,Chris Paddack,142,Minnesota Twins,142,Minnesota Twins,2025,1,Pitcher,21,21,0,0,0,3,9,0,0,0,0,111.0,115,65,61,17,27,0,83,3,472,3,0,99,145,8,0,0,111.0,4.945945945945946,1.2792792792792793,6.72972972972973,2.189189189189189,1.3783783783783783,3.074074074074074,1.0,Starter,2,Yes,Yes,Player Team Season
607536,Kyle Freeland,115,Colorado Rockies,115,Colorado Rockies,2025,1,Pitcher,31,31,0,0,0,5,17,0,0,0,0,162.2,193,105,90,22,38,2,124,6,709,2,0,165,183,16,0,0,162.66666666666666,4.979508196721312,1.4200819672131149,6.860655737704918,2.1024590163934427,1.2172131147540983,3.263157894736842,1.0,Starter,1,No,No,Player Team Season
678020,Seth Halvorsen,115,Colorado Rockies,115,Colorado Rockies,2025,1,Pitcher,42,0,23,0,0,1,2,11,14,4,3,39.2,41,26,22,7,21,1,36,0,173,3,0,48,27,7,13,3,39.666666666666664,4.991596638655462,1.5630252100840336,8.168067226890757,4.764705882352941,1.5882352941176472,1.7142857142857142,0.0,Relief,1,No,No,Player Team Season
690916,Richard Fitts,111,Boston Red Sox,111,Boston Red Sox,2025,1,Pitcher,11,10,0,0,0,2,4,0,0,0,0,45.0,43,27,25,11,16,0,40,3,195,1,1,41,50,5,0,0,45.0,5.0,1.3111111111111111,8.0,3.2,2.2,2.5,0.9090909090909091,Swing,1,No,No,Player Team Season
664062,Tony Gonsolin,119,Los Angeles Dodgers,119,Los Angeles Dodgers,2025,1,Pitcher,7,7,0,0,0,3,2,0,0,0,0,36.0,33,21,20,9,18,0,38,3,157,1,0,30,35,3,0,0,36.0,5.0,1.4166666666666667,9.5,4.5,2.25,2.111111111111111,1.0,Starter,1,No,No,Player Team Season
448179,Rich Hill,118,Kansas City Royals,118,Kansas City Royals,2025,1,Pitcher,2,2,0,0,0,0,2,0,0,0,0,9.0,9,7,5,2,8,0,4,0,43,0,0,12,10,0,0,0,9.0,5.0,1.8888888888888888,4.0,8.0,2.0,0.5,1.0,Starter,1,No,No,Player Team Season
664747,Alexis Díaz,119,Los Angeles Dodgers,119,Los Angeles Dodgers,2025,1,Pitcher,9,0,1,0,0,1,0,0,0,2,0,9.0,7,5,5,2,2,0,9,2,38,0,0,6,12,0,6,2,9.0,5.0,1.0,9.0,2.0,2.0,4.5,0.0,Relief,3,Yes,Yes,Player Team Season
687931,Carson Whisenhunt,137,San Francisco Giants,137,San Francisco Giants,2025,1,Pitcher,5,5,0,0,0,2,1,0,0,0,0,23.1,22,14,13,6,12,0,16,2,102,2,0,24,26,3,0,0,23.333333333333332,5.014285714285714,1.4571428571428573,6.171428571428572,4.628571428571429,2.3142857142857145,1.3333333333333333,1.0,Starter,1,No,No,Player Team Season
593958,Eduardo Rodriguez,109,Arizona Diamondbacks,109,Arizona Diamondbacks,2025,1,Pitcher,29,29,0,0,0,9,9,0,0,0,0,154.1,178,94,86,25,60,2,143,1,694,4,1,138,173,8,0,0,154.33333333333334,5.01511879049676,1.5421166306695464,8.339092872570195,3.4989200863930883,1.4578833693304534,2.3833333333333333,1.0,Starter,1,No,No,Player Team Season
660896,Jorge Alcala,138,St. Louis Cardinals,138,St. Louis Cardinals,2025,1,Pitcher,15,0,5,0,0,0,0,0,0,3,0,14.1,18,8,8,4,7,1,15,0,67,0,1,8,19,1,7,1,14.333333333333334,5.023255813953488,1.744186046511628,9.41860465116279,4.395348837209302,2.511627906976744,2.142857142857143,0.0,Relief,3,Yes,Yes,Player Team Season
690953,Mick Abel,143,Philadelphia Phillies,143,Philadelphia Phillies,2025,1,Pitcher,6,6,0,0,0,2,2,0,0,0,0,25.0,25,14,14,7,9,0,21,1,108,2,0,19,33,1,0,0,25.0,5.04,1.36,7.56,3.24,2.52,2.3333333333333335,1.0,Starter,2,Yes,Yes,Player Team Season
663321,Nick Hernandez,117,Houston Astros,117,Houston Astros,2025,1,Pitcher,10,0,6,0,0,0,0,0,0,0,0,10.2,12,6,6,3,8,0,11,0,52,0,0,6,15,0,1,1,10.666666666666666,5.0625,1.875,9.28125,6.75,2.53125,1.375,0.0,Relief,1,No,No,Player Team Season
701121,Logan VanWey,117,Houston Astros,117,Houston Astros,2025,1,Pitcher,9,0,3,0,0,0,0,0,0,0,0,10.2,15,7,6,2,3,0,7,1,49,0,0,10,13,1,3,2,10.666666666666666,5.0625,1.6875,5.90625,2.53125,1.6875,2.3333333333333335,0.0,Relief,1,No,No,Player Team Season
669372,J.T. Ginn,133,Athletics,133,Athletics,2025,1,Pitcher,23,16,0,0,0,4,7,0,0,1,0,90.1,92,52,51,17,31,1,99,6,392,1,0,102,62,8,4,2,90.33333333333333,5.081180811808118,1.3616236162361623,9.863468634686347,3.088560885608856,1.6937269372693728,3.193548387096774,0.6956521739130435,Swing,1,No,No,Player Team Season
680880,Grant Holman,133,Athletics,133,Athletics,2025,1,Pitcher,22,2,7,0,0,4,2,0,2,3,2,23.0,26,14,13,3,9,0,17,1,103,1,0,22,28,2,7,3,23.0,5.086956521739131,1.5217391304347827,6.6521739130434785,3.5217391304347827,1.173913043478261,1.8888888888888888,0.09090909090909091,Swing,1,No,No,Player Team Season
573124,Taylor Rogers,112,Chicago Cubs,112,Chicago Cubs,2025,1,Pitcher,17,0,4,0,0,1,0,0,1,1,1,17.2,18,10,10,4,4,0,19,1,75,0,0,19,14,1,6,3,17.666666666666668,5.094339622641509,1.2452830188679245,9.679245283018867,2.0377358490566038,2.0377358490566038,4.75,0.0,Relief,2,Yes,Yes,Player Team Season
701487,Pierson Ohl,142,Minnesota Twins,142,Minnesota Twins,2025,1,Pitcher,14,3,3,0,0,0,3,0,0,2,0,30.0,38,22,17,5,7,0,27,0,133,0,0,26,35,2,2,1,30.0,5.1,1.5,8.1,2.1,1.5,3.857142857142857,0.21428571428571427,Swing,1,No,No,Player Team Season
687765,Mitch Spence,133,Athletics,133,Athletics,2025,1,Pitcher,32,8,3,0,0,3,6,1,1,4,0,84.2,96,57,48,16,26,2,66,4,375,1,0,88,94,6,10,4,84.66666666666667,5.102362204724409,1.4409448818897637,7.015748031496063,2.763779527559055,1.700787401574803,2.5384615384615383,0.25,Swing,1,No,No,Player Team Season
641927,Bailey Ober,142,Minnesota Twins,142,Minnesota Twins,2025,1,Pitcher,27,27,0,1,0,6,9,0,0,0,0,146.1,159,84,83,30,31,0,120,5,624,1,2,103,206,9,0,0,146.33333333333334,5.1047835990888375,1.298405466970387,7.380410022779043,1.9066059225512528,1.8451025056947608,3.870967741935484,1.0,Starter,1,No,No,Player Team Season
605452,Joe Ross,143,Philadelphia Phillies,143,Philadelphia Phillies,2025,1,Pitcher,37,1,9,0,0,2,1,0,2,1,2,51.0,57,30,29,8,18,1,39,3,228,0,0,61,50,2,11,4,51.0,5.117647058823529,1.4705882352941178,6.882352941176471,3.176470588235294,1.411764705882353,2.1666666666666665,0.02702702702702703,Swing,1,No,No,Player Team Season
666974,Yennier Cano,110,Baltimore Orioles,110,Baltimore Orioles,2025,1,Pitcher,65,0,11,0,0,3,7,2,7,17,5,58.0,62,36,33,7,24,1,53,3,251,2,1,70,38,8,21,10,58.0,5.120689655172414,1.4827586206896552,8.224137931034482,3.7241379310344827,1.0862068965517242,2.2083333333333335,0.0,Relief,1,No,No,Player Team Season
543101,Anthony DeSclafani,109,Arizona Diamondbacks,109,Arizona Diamondbacks,2025,1,Pitcher,13,4,5,0,0,1,2,2,2,1,0,38.2,37,23,22,11,12,2,36,5,169,0,0,38,41,3,4,3,38.666666666666664,5.120689655172414,1.267241379310345,8.379310344827587,2.793103448275862,2.560344827586207,3.0,0.3076923076923077,Swing,1,No,No,Player Team Season
622786,Jesus Tinoco,146,Miami Marlins,146,Miami Marlins,2025,1,Pitcher,20,0,8,0,0,2,1,4,6,4,2,19.1,17,12,11,1,8,1,10,0,80,0,0,21,24,2,5,1,19.333333333333332,5.120689655172414,1.293103448275862,4.655172413793104,3.724137931034483,0.4655172413793104,1.25,0.0,Relief,1,No,No,Player Team Season
689690,Alek Jacob,135,San Diego Padres,135,San Diego Padres,2025,1,Pitcher,29,0,9,0,0,1,0,0,0,3,0,33.1,36,20,19,6,14,0,23,6,153,0,0,28,46,3,17,9,33.333333333333336,5.13,1.5,6.21,3.78,1.6199999999999999,1.6428571428571428,0.0,Relief,1,No,No,Player Team Season
593576,Héctor Neris,108,Los Angeles Angels,108,Los Angeles Angels,2025,1,Pitcher,21,0,3,0,0,3,0,0,1,7,1,14.0,11,9,8,2,7,0,19,1,60,3,0,8,14,1,12,2,14.0,5.142857142857143,1.2857142857142858,12.214285714285714,4.5,1.2857142857142858,2.7142857142857144,0.0,Relief,3,Yes,Yes,Player Team Season
666619,Gregory Santos,136,Seattle Mariners,136,Seattle Mariners,2025,1,Pitcher,8,0,2,0,0,1,1,0,1,1,1,7.0,8,6,4,0,8,2,0,0,36,2,0,14,6,1,0,0,7.0,5.142857142857143,2.2857142857142856,0.0,10.285714285714286,0.0,0.0,0.0,Relief,1,No,No,Player Team Season
453286,Max Scherzer,141,Toronto Blue Jays,141,Toronto Blue Jays,2025,1,Pitcher,17,17,0,0,0,5,5,0,0,0,0,85.0,87,49,49,19,23,0,82,2,358,2,0,51,113,2,0,0,85.0,5.188235294117647,1.2941176470588236,8.68235294117647,2.4352941176470586,2.011764705882353,3.5652173913043477,1.0,Starter,1,No,No,Player Team Season
700249,Cade Povich,110,Baltimore Orioles,110,Baltimore Orioles,2025,1,Pitcher,22,20,0,0,0,3,8,0,0,0,0,112.1,125,70,65,17,43,2,118,1,488,6,0,97,104,14,1,1,112.33333333333333,5.207715133531157,1.4955489614243325,9.4540059347181,3.4451038575667656,1.3620178041543027,2.744186046511628,0.9090909090909091,Swing,1,No,No,Player Team Season
607200,Erick Fedde,138,St. Louis Cardinals,138,St. Louis Cardinals,2025,1,Pitcher,20,20,0,1,1,3,10,0,0,0,0,101.2,106,62,59,14,47,1,63,2,446,2,0,102,126,12,0,0,101.66666666666667,5.222950819672131,1.5049180327868852,5.577049180327869,4.160655737704918,1.2393442622950819,1.3404255319148937,1.0,Starter,3,Yes,Yes,Player Team Season
489446,Kirby Yates,119,Los Angeles Dodgers,119,Los Angeles Dodgers,2025,1,Pitcher,50,0,15,0,0,4,3,3,5,15,2,41.1,38,26,24,9,17,0,52,1,178,1,0,25,45,0,12,5,41.333333333333336,5.225806451612903,1.3306451612903225,11.32258064516129,3.701612903225806,1.9596774193548385,3.0588235294117645,0.0,Relief,1,No,No,Player Team Season
674944,Sean Guenther,116,Detroit Tigers,116,Detroit Tigers,2025,1,Pitcher,9,1,0,0,0,0,1,0,0,2,0,10.1,10,7,6,0,5,0,8,0,43,0,0,10,10,3,3,0,10.333333333333334,5.225806451612903,1.4516129032258063,6.967741935483871,4.354838709677419,0.0,1.6,0.1111111111111111,Swing,1,No,No,Player Team Season
694297,Brandon Pfaadt,109,Arizona Diamondbacks,109,Arizona Diamondbacks,2025,1,Pitcher,33,33,0,0,0,13,9,0,0,0,0,176.2,198,107,103,26,37,2,147,12,767,3,0,181,191,10,0,0,176.66666666666666,5.247169811320755,1.330188679245283,7.488679245283019,1.8849056603773586,1.3245283018867926,3.972972972972973,1.0,Starter,1,No,No,Player Team Season
543056,Danny Coulombe,140,Texas Rangers,140,Texas Rangers,2025,1,Pitcher,15,0,3,0,0,1,1,0,0,1,0,12.0,11,7,7,3,9,0,12,0,54,0,0,12,10,1,8,2,12.0,5.25,1.6666666666666667,9.0,6.75,2.25,1.3333333333333333,0.0,Relief,2,Yes,Yes,Player Team Season
672578,Carlos Hernández,143,Philadelphia Phillies,143,Philadelphia Phillies,2025,1,Pitcher,25,0,12,0,0,1,0,0,0,1,0,25.2,32,16,15,4,13,1,23,2,123,1,0,12,41,1,11,6,25.666666666666668,5.259740259740259,1.7532467532467533,8.064935064935064,4.558441558441558,1.4025974025974026,1.7692307692307692,0.0,Relief,3,Yes,Yes,Player Team Season
472610,Luis García,119,Los Angeles Dodgers,119,Los Angeles Dodgers,2025,1,Pitcher,28,0,12,0,0,2,0,0,1,2,1,27.1,34,17,16,1,16,4,24,0,126,6,0,36,16,5,12,3,27.333333333333332,5.2682926829268295,1.829268292682927,7.902439024390244,5.2682926829268295,0.32926829268292684,1.5,0.0,Relief,3,Yes,Yes,Player Team Season
677865,Justin Bruihl,141,Toronto Blue Jays,141,Toronto Blue Jays,2025,1,Pitcher,15,0,1,0,0,0,0,0,0,4,0,13.2,19,10,8,2,7,3,18,1,65,0,0,13,7,1,5,3,13.666666666666666,5.2682926829268295,1.902439024390244,11.853658536585366,4.609756097560976,1.3170731707317074,2.5714285714285716,0.0,Relief,1,No,No,Player Team Season
621366,Ryan Borucki,134,Pittsburgh Pirates,134,Pittsburgh Pirates,2025,1,Pitcher,35,0,8,0,0,1,3,0,3,6,3,30.2,26,20,18,4,12,1,27,1,126,2,1,36,24,2,18,8,30.666666666666668,5.282608695652174,1.2391304347826086,7.923913043478261,3.5217391304347823,1.1739130434782608,2.25,0.0,Relief,2,Yes,Yes,Player Team Season
621112,Paul Blackburn,147,New York Yankees,147,New York Yankees,2025,1,Pitcher,8,0,8,0,0,0,0,0,0,0,0,15.1,16,10,9,3,4,0,16,0,65,0,1,17,12,1,1,0,15.333333333333334,5.282608695652174,1.3043478260869565,9.391304347826086,2.3478260869565215,1.7608695652173911,4.0,0.0,Relief,2,Yes,Yes,Player Team Season
693821,Bryce Elder,144,Atlanta Braves,144,Atlanta Braves,2025,1,Pitcher,28,28,0,0,0,8,11,0,0,0,0,156.1,167,95,92,24,51,1,131,6,679,2,0,186,138,11,0,0,156.33333333333334,5.29637526652452,1.3944562899786779,7.541577825159914,2.9360341151385927,1.3816631130063965,2.5686274509803924,1.0,Starter,1,No,No,Player Team Season
592773,Ryne Stanek,121,New York Mets,121,New York Mets,2025,1,Pitcher,65,0,17,0,0,4,6,3,9,11,6,56.0,56,39,33,7,32,0,58,0,255,5,0,30,79,2,15,5,56.0,5.303571428571429,1.5714285714285714,9.321428571428571,5.142857142857143,1.125,1.8125,0.0,Relief,1,No,No,Player Team Season
669467,Andre Pallante,138,St. Louis Cardinals,138,St. Louis Cardinals,2025,1,Pitcher,31,31,0,0,0,6,15,0,0,0,0,162.2,173,109,96,21,62,0,111,5,715,12,2,247,116,12,0,0,162.66666666666666,5.311475409836066,1.444672131147541,6.1413934426229515,3.430327868852459,1.1618852459016393,1.7903225806451613,1.0,Starter,1,No,No,Player Team Season
669308,Sean Reynolds,135,San Diego Padres,135,San Diego Padres,2025,1,Pitcher,19,1,4,0,0,0,1,0,0,2,0,27.0,20,16,16,4,17,0,25,3,117,1,0,19,33,3,5,0,27.0,5.333333333333333,1.3703703703703705,8.333333333333334,5.666666666666667,1.3333333333333333,1.4705882352941178,0.05263157894736842,Swing,1,No,No,Player Team Season
676467,Colton Gordon,117,Houston Astros,117,Houston Astros,2025,1,Pitcher,20,14,2,0,0,6,4,1,1,0,0,86.0,103,54,51,21,19,2,72,2,379,3,1,67,116,3,0,0,86.0,5.337209302325581,1.4186046511627908,7.534883720930233,1.9883720930232558,2.197674418604651,3.789473684210526,0.7,Swing,1,No,No,Player Team Season
681293,Spencer Arrighetti,117,Houston Astros,117,Houston Astros,2025,1,Pitcher,7,7,0,0,0,1,5,0,0,0,0,35.1,30,21,21,6,20,0,31,3,156,0,0,32,40,2,0,0,35.333333333333336,5.349056603773585,1.4150943396226414,7.896226415094339,5.094339622641509,1.5283018867924527,1.55,1.0,Starter,1,No,No,Player Team Season
669674,Sam Long,118,Kansas City Royals,118,Kansas City Royals,2025,1,Pitcher,39,0,19,0,0,2,3,0,0,1,0,40.1,48,31,24,7,22,1,33,2,189,5,0,38,46,4,13,5,40.333333333333336,5.355371900826446,1.7355371900826446,7.363636363636363,4.909090909090909,1.56198347107438,1.5,0.0,Relief,1,No,No,Player Team Season
645261,Sandy Alcantara,146,Miami Marlins,146,Miami Marlins,2025,1,Pitcher,31,31,0,0,0,11,12,0,0,0,0,174.2,165,107,104,22,57,0,142,9,745,8,2,193,178,9,0,0,174.66666666666666,5.358778625954199,1.2709923664122138,7.316793893129772,2.937022900763359,1.133587786259542,2.491228070175439,1.0,Starter,1,No,No,Player Team Season
650644,Aaron Civale,145,Chicago White Sox,145,Chicago White Sox,2025,1,Pitcher,13,13,0,0,0,2,7,0,0,0,0,67.0,66,44,40,8,26,0,55,2,291,0,2,55,87,4,0,0,67.0,5.373134328358209,1.373134328358209,7.388059701492537,3.4925373134328357,1.0746268656716418,2.1153846153846154,1.0,Starter,3,Yes,Yes,Player Team Season
506433,Yu Darvish,135,San Diego Padres,135,San Diego Padres,2025,1,Pitcher,15,15,0,0,0,5,5,0,0,0,0,72.0,66,44,43,14,19,0,68,6,296,4,0,63,74,3,0,0,72.0,5.375,1.1805555555555556,8.5,2.375,1.75,3.5789473684210527,1.0,Starter,1,No,No,Player Team Season
571760,Andrew Heaney,134,Pittsburgh Pirates,134,Pittsburgh Pirates,2025,1,Pitcher,26,23,0,0,0,5,10,0,0,0,0,120.1,125,74,72,24,39,0,84,9,525,2,0,122,146,7,1,0,120.33333333333333,5.3850415512465375,1.3628808864265929,6.282548476454294,2.9168975069252077,1.7950138504155126,2.1538461538461537,0.8846153846153846,Swing,2,Yes,Yes,Player Team Season
701581,David Festa,142,Minnesota Twins,142,Minnesota Twins,2025,1,Pitcher,11,10,0,0,0,3,4,0,0,0,0,53.1,49,35,32,10,19,0,53,4,229,1,0,38,66,1,0,0,53.333333333333336,5.3999999999999995,1.275,8.94375,3.20625,1.6875,2.789473684210526,0.9090909090909091,Swing,1,No,No,Player Team Season
670990,Yohan Ramírez,134,Pittsburgh Pirates,134,Pittsburgh Pirates,2025,1,Pitcher,24,0,5,0,0,3,3,0,1,1,1,33.1,33,25,20,4,16,1,45,4,155,4,0,26,31,1,13,2,33.333333333333336,5.3999999999999995,1.47,12.149999999999999,4.319999999999999,1.0799999999999998,2.8125,0.0,Relief,1,No,No,Player Team Season
664991,Grant Wolfram,110,Baltimore Orioles,110,Baltimore Orioles,2025,1,Pitcher,21,0,3,0,0,3,1,0,0,1,0,26.2,35,20,16,2,15,1,31,1,133,3,0,26,25,0,5,4,26.666666666666668,5.3999999999999995,1.875,10.4625,5.0625,0.6749999999999999,2.066666666666667,0.0,Relief,1,No,No,Player Team Season
595014,Blake Treinen,119,Los Angeles Dodgers,119,Los Angeles Dodgers,2025,1,Pitcher,32,0,9,0,0,2,7,2,5,10,3,26.2,30,18,16,4,19,4,36,2,129,1,0,16,26,0,13,4,26.666666666666668,5.3999999999999995,1.8375,12.149999999999999,6.4125,1.3499999999999999,1.894736842105263,0.0,Relief,1,No,No,Player Team Season
669947,Jesse Scholtens,139,Tampa Bay Rays,139,Tampa Bay Rays,2025,1,Pitcher,2,0,1,0,0,0,1,0,0,0,0,8.1,9,7,5,1,3,0,12,0,38,1,0,6,8,0,0,0,8.333333333333334,5.3999999999999995,1.44,12.959999999999999,3.2399999999999998,1.0799999999999998,4.0,0.0,Relief,1,No,No,Player Team Season
687003,Brian Van Belle,139,Tampa Bay Rays,139,Tampa Bay Rays,2025,1,Pitcher,4,0,2,0,0,1,0,0,0,0,0,8.1,13,5,5,2,0,0,6,0,36,1,0,5,12,2,2,0,8.333333333333334,5.3999999999999995,1.5599999999999998,6.4799999999999995,0.0,2.1599999999999997,,0.0,Relief,1,No,No,Player Team Season
661527,Seth Martinez,146,Miami Marlins,146,Miami Marlins,2025,1,Pitcher,6,0,0,0,0,0,0,0,0,0,0,6.2,4,4,4,2,3,0,4,0,27,0,1,4,12,0,6,3,6.666666666666667,5.3999999999999995,1.05,5.3999999999999995,4.05,2.6999999999999997,1.3333333333333333,0.0,Relief,1,No,No,Player Team Season
621057,Justin Garza,121,New York Mets,121,New York Mets,2025,1,Pitcher,5,0,4,0,0,0,0,0,0,0,0,6.2,8,4,4,1,1,0,3,0,28,1,0,7,9,1,4,2,6.666666666666667,5.3999999999999995,1.3499999999999999,4.05,1.3499999999999999,1.3499999999999999,3.0,0.0,Relief,1,No,No,Player Team Season
640454,Matt Krook,133,Athletics,133,Athletics,2025,1,Pitcher,3,0,0,0,0,0,0,0,0,0,0,3.1,5,2,2,0,1,0,3,0,15,1,0,2,4,1,3,1,3.3333333333333335,5.3999999999999995,1.7999999999999998,8.1,2.6999999999999997,0.0,3.0,0.0,Relief,1,No,No,Player Team Season
622780,Angel Perdomo,133,Athletics,133,Athletics,2025,1,Pitcher,4,0,0,0,0,0,0,0,0,0,0,3.1,2,2,2,0,3,0,2,1,16,0,0,5,3,0,1,0,3.3333333333333335,5.3999999999999995,1.5,5.3999999999999995,8.1,0.0,0.6666666666666666,0.0,Relief,1,No,No,Player Team Season
673965,Caleb Freeman,145,Chicago White Sox,145,Chicago White Sox,2025,1,Pitcher,5,0,3,0,0,0,0,0,1,0,1,3.1,5,2,2,1,1,0,3,0,16,0,0,2,5,0,2,0,3.3333333333333335,5.3999999999999995,1.7999999999999998,8.1,2.6999999999999997,2.6999999999999997,3.0,0.0,Relief,1,No,No,Player Team Season
676051,Codi Heuer,116,Detroit Tigers,116,Detroit Tigers,2025,1,Pitcher,2,0,1,0,0,0,0,0,0,0,0,3.1,3,2,2,2,2,0,4,0,16,1,0,3,4,0,2,1,3.3333333333333335,5.3999999999999995,1.5,10.799999999999999,5.3999999999999995,5.3999999999999995,2.0,0.0,Relief,2,Yes,Yes,Player Team Season
669160,Dustin May,111,Boston Red Sox,111,Boston Red Sox,2025,1,Pitcher,6,5,1,0,0,1,4,0,0,0,0,28.1,35,18,17,5,13,0,26,4,133,0,0,22,33,4,0,0,28.333333333333332,5.4,1.6941176470588235,8.258823529411766,4.129411764705883,1.5882352941176472,2.0,0.8333333333333334,Swing,2,Yes,Yes,Player Team Season
593576,Héctor Neris,117,Houston Astros,117,Houston Astros,2025,1,Pitcher,12,0,4,0,0,0,1,0,0,0,0,11.2,13,11,7,3,8,1,15,0,56,1,1,8,12,0,2,1,11.666666666666666,5.4,1.8,11.571428571428571,6.171428571428572,2.3142857142857145,1.875,0.0,Relief,3,Yes,Yes,Player Team Season
669721,Davis Daniel,144,Atlanta Braves,144,Atlanta Braves,2025,1,Pitcher,3,2,1,0,0,0,1,0,0,0,0,10.0,9,6,6,1,7,0,9,1,46,0,0,9,11,1,0,0,10.0,5.4,1.6,8.1,6.3,0.9,1.2857142857142858,0.6666666666666666,Swing,1,No,No,Player Team Season
534910,Jesse Hahn,136,Seattle Mariners,136,Seattle Mariners,2025,1,Pitcher,3,0,2,0,0,0,1,0,0,0,0,5.0,6,4,3,1,5,3,3,1,25,0,1,9,1,2,0,0,5.0,5.4,2.2,5.4,9.0,1.8,0.6,0.0,Relief,1,No,No,Player Team Season
625643,Reynaldo López,144,Atlanta Braves,144,Atlanta Braves,2025,1,Pitcher,1,1,0,0,0,0,0,0,0,0,0,5.0,9,3,3,1,2,0,1,0,25,0,0,7,6,0,0,0,5.0,5.4,2.2,1.8,3.6,1.8,0.5,1.0,Starter,1,No,No,Player Team Season
450203,Charlie Morton,110,Baltimore Orioles,110,Baltimore Orioles,2025,1,Pitcher,23,17,1,0,0,7,8,0,0,0,0,101.1,110,63,61,16,48,1,101,9,464,1,1,100,95,6,3,0,101.33333333333333,5.417763157894737,1.5592105263157896,8.970394736842106,4.2631578947368425,1.4210526315789473,2.1041666666666665,0.7391304347826086,Swing,3,Yes,Yes,Player Team Season
621111,Walker Buehler,111,Boston Red Sox,111,Boston Red Sox,2025,1,Pitcher,23,22,1,0,0,7,7,0,0,0,0,112.1,120,72,68,22,55,0,84,9,508,0,0,123,116,11,0,0,112.33333333333333,5.448071216617211,1.5578635014836797,6.729970326409496,4.406528189910979,1.7626112759643917,1.5272727272727273,0.9565217391304348,Swing,2,Yes,Yes,Player Team Season
641672,Thomas Hatch,142,Minnesota Twins,142,Minnesota Twins,2025,1,Pitcher,11,1,3,0,0,2,1,0,0,0,0,33.0,38,21,20,6,17,2,21,0,147,0,0,34,37,6,3,0,33.0,5.454545454545454,1.6666666666666667,5.7272727272727275,4.636363636363637,1.6363636363636365,1.2352941176470589,0.09090909090909091,Swing,2,Yes,Yes,Player Team Season
641482,Nestor Cortes,135,San Diego Padres,135,San Diego Padres,2025,1,Pitcher,6,6,0,0,0,1,3,0,0,0,0,26.1,29,16,16,8,13,0,21,2,119,0,0,20,34,2,0,0,26.333333333333332,5.468354430379747,1.5949367088607596,7.177215189873418,4.443037974683545,2.7341772151898733,1.6153846153846154,1.0,Starter,2,Yes,Yes,Player Team Season
676092,Collin Snider,136,Seattle Mariners,136,Seattle Mariners,2025,1,Pitcher,24,0,4,0,0,2,1,0,0,4,0,26.1,32,20,16,3,6,1,24,2,119,1,0,27,28,3,9,4,26.333333333333332,5.468354430379747,1.4430379746835444,8.202531645569621,2.0506329113924053,1.0253164556962027,4.0,0.0,Relief,1,No,No,Player Team Season
676664,JP Sears,135,San Diego Padres,135,San Diego Padres,2025,1,Pitcher,5,5,0,0,0,2,2,0,0,0,0,24.2,31,16,15,7,7,0,20,1,111,0,0,27,25,2,0,0,24.666666666666668,5.472972972972973,1.5405405405405406,7.297297297297297,2.554054054054054,2.554054054054054,2.857142857142857,1.0,Starter,2,Yes,Yes,Player Team Season
615698,Cal Quantrill,146,Miami Marlins,146,Miami Marlins,2025,1,Pitcher,24,24,0,0,0,4,10,0,0,0,0,109.2,122,69,67,17,30,0,82,5,470,3,0,88,143,10,0,0,109.66666666666667,5.498480243161094,1.3860182370820668,6.729483282674772,2.4620060790273555,1.3951367781155015,2.7333333333333334,1.0,Starter,2,Yes,Yes,Player Team Season
606160,Rafael Montero,144,Atlanta Braves,144,Atlanta Braves,2025,1,Pitcher,36,0,11,0,0,0,1,0,0,7,0,34.1,27,22,21,3,21,2,34,0,150,0,0,32,36,2,10,3,34.333333333333336,5.504854368932039,1.3980582524271843,8.9126213592233,5.504854368932039,0.7864077669902912,1.619047619047619,0.0,Relief,3,Yes,Yes,Player Team Season
656240,Scott Blewett,144,Atlanta Braves,144,Atlanta Braves,2025,1,Pitcher,11,1,6,0,0,2,0,0,0,0,0,16.1,16,11,10,5,10,0,13,0,72,0,0,23,10,1,2,0,16.333333333333332,5.510204081632653,1.5918367346938778,7.163265306122449,5.510204081632653,2.7551020408163267,1.3,0.09090909090909091,Swing,3,Yes,Yes,Player Team Season
592155,Cam Booser,145,Chicago White Sox,145,Chicago White Sox,2025,1,Pitcher,39,0,10,0,0,2,4,1,4,9,3,31.0,28,22,19,8,19,1,35,2,143,3,0,21,38,0,18,5,31.0,5.516129032258065,1.5161290322580645,10.161290322580646,5.516129032258065,2.3225806451612905,1.8421052631578947,0.0,Relief,1,No,No,Player Team Season
668834,Easton McGee,158,Milwaukee Brewers,158,Milwaukee Brewers,2025,1,Pitcher,9,0,8,0,0,0,0,0,0,0,0,14.2,15,9,9,1,5,1,13,0,62,0,0,18,11,2,1,0,14.666666666666666,5.522727272727273,1.3636363636363638,7.9772727272727275,3.0681818181818183,0.6136363636363636,2.6,0.0,Relief,1,No,No,Player Team Season
641401,Connor Brogdon,108,Los Angeles Angels,108,Los Angeles Angels,2025,1,Pitcher,43,0,11,0,0,3,2,0,0,4,0,47.0,45,31,29,11,18,4,49,0,199,2,0,29,58,3,26,8,47.0,5.553191489361702,1.3404255319148937,9.382978723404255,3.4468085106382977,2.106382978723404,2.7222222222222223,0.0,Relief,1,No,No,Player Team Season
805673,Zebby Matthews,142,Minnesota Twins,142,Minnesota Twins,2025,1,Pitcher,16,16,0,0,0,5,6,0,0,0,0,79.1,94,50,49,12,24,0,88,0,354,2,0,55,93,5,0,0,79.33333333333333,5.558823529411765,1.4873949579831933,9.983193277310924,2.722689075630252,1.361344537815126,3.6666666666666665,1.0,Starter,1,No,No,Player Team Season
643338,Chad Green,141,Toronto Blue Jays,141,Toronto Blue Jays,2025,1,Pitcher,45,0,14,0,0,3,2,1,1,7,0,43.2,51,28,27,14,13,2,35,2,190,0,0,29,60,1,18,6,43.666666666666664,5.564885496183207,1.465648854961832,7.213740458015268,2.6793893129770994,2.885496183206107,2.6923076923076925,0.0,Relief,1,No,No,Player Team Season
571946,Shelby Miller,158,Milwaukee Brewers,158,Milwaukee Brewers,2025,1,Pitcher,11,0,2,0,0,1,0,0,0,1,0,9.2,9,6,6,2,4,1,14,1,43,1,0,6,9,1,3,0,9.666666666666666,5.586206896551724,1.3448275862068966,13.03448275862069,3.724137931034483,1.8620689655172415,3.5,0.0,Relief,1,No,No,Player Team Season
608650,Dietrich Enns,116,Detroit Tigers,116,Detroit Tigers,2025,1,Pitcher,7,2,2,0,0,1,1,0,0,0,0,17.2,23,12,11,2,4,0,15,0,77,0,0,21,14,1,4,2,17.666666666666668,5.60377358490566,1.5283018867924527,7.641509433962264,2.0377358490566038,1.0188679245283019,3.75,0.2857142857142857,Swing,2,Yes,Yes,Player Team Season
681869,Shawn Dubin,117,Houston Astros,117,Houston Astros,2025,1,Pitcher,23,0,1,0,0,2,0,0,1,6,1,25.2,30,16,16,6,8,0,21,1,111,0,0,29,22,2,8,3,25.666666666666668,5.6103896103896105,1.4805194805194803,7.363636363636363,2.8051948051948052,2.103896103896104,2.625,0.0,Relief,2,Yes,Yes,Player Team Season
668984,Casey Legumina,136,Seattle Mariners,136,Seattle Mariners,2025,1,Pitcher,48,1,17,0,0,4,6,0,0,3,0,49.2,47,36,31,7,25,2,55,2,219,1,0,35,55,6,8,2,49.666666666666664,5.617449664429531,1.4496644295302015,9.966442953020135,4.530201342281879,1.2684563758389262,2.2,0.020833333333333332,Swing,1,No,No,Player Team Season
640455,Sean Manaea,121,New York Mets,121,New York Mets,2025,1,Pitcher,15,12,2,0,0,2,4,0,0,0,0,60.2,62,38,38,13,12,0,75,7,263,2,0,49,58,1,0,0,60.666666666666664,5.637362637362638,1.2197802197802199,11.126373626373626,1.7802197802197803,1.9285714285714286,6.25,0.8,Swing,1,No,No,Player Team Season
641755,Tyler Kinley,115,Colorado Rockies,115,Colorado Rockies,2025,1,Pitcher,49,0,15,0,0,1,3,3,6,8,3,47.2,42,33,30,5,27,4,51,2,214,5,0,38,54,1,22,9,47.666666666666664,5.664335664335665,1.4475524475524477,9.62937062937063,5.097902097902098,0.9440559440559441,1.8888888888888888,0.0,Relief,2,Yes,Yes,Player Team Season
682254,Mason Montgomery,139,Tampa Bay Rays,139,Tampa Bay Rays,2025,1,Pitcher,57,0,11,0,0,1,3,1,4,10,3,46.0,49,32,29,6,27,0,63,1,209,1,0,38,31,4,31,10,46.0,5.673913043478261,1.6521739130434783,12.326086956521738,5.282608695652174,1.173913043478261,2.3333333333333335,0.0,Relief,1,No,No,Player Team Season
682243,Bryce Miller,136,Seattle Mariners,136,Seattle Mariners,2025,1,Pitcher,18,18,0,0,0,4,6,0,0,0,0,90.1,93,57,57,17,34,0,74,3,392,2,0,85,102,5,0,0,90.33333333333333,5.678966789667897,1.4059040590405905,7.372693726937269,3.3874538745387457,1.6937269372693728,2.176470588235294,1.0,Starter,1,No,No,Player Team Season
680730,Mitchell Parker,120,Washington Nationals,120,Washington Nationals,2025,1,Pitcher,33,30,2,0,0,9,16,1,1,0,0,164.2,178,116,104,25,58,0,103,4,725,3,0,151,231,13,4,0,164.66666666666666,5.684210526315789,1.4331983805668016,5.629554655870446,3.1700404858299596,1.3663967611336034,1.7758620689655173,0.9090909090909091,Swing,1,No,No,Player Team Season
681168,Luis Curvelo,140,Texas Rangers,140,Texas Rangers,2025,1,Pitcher,17,0,4,0,0,1,1,0,2,2,2,19.0,17,13,12,3,10,1,20,0,84,0,0,12,25,0,13,4,19.0,5.684210526315789,1.4210526315789473,9.473684210526315,4.7368421052631575,1.4210526315789473,2.0,0.0,Relief,1,No,No,Player Team Season
663623,Jake Irvin,120,Washington Nationals,120,Washington Nationals,2025,1,Pitcher,33,33,0,0,0,9,13,0,0,0,0,180.0,195,120,114,38,62,0,124,6,787,3,1,195,205,19,0,0,180.0,5.7,1.4277777777777778,6.2,3.1,1.9,2.0,1.0,Starter,1,No,No,Player Team Season
686826,Bryce Jarvis,109,Arizona Diamondbacks,109,Arizona Diamondbacks,2025,1,Pitcher,12,0,7,0,0,0,0,1,1,1,0,22.0,23,14,14,3,10,0,21,1,98,0,0,15,28,1,5,2,22.0,5.7272727272727275,1.5,8.590909090909092,4.090909090909091,1.2272727272727273,2.1,0.0,Relief,1,No,No,Player Team Season
677958,Kumar Rocker,140,Texas Rangers,140,Texas Rangers,2025,1,Pitcher,14,14,0,0,0,4,5,0,0,0,0,64.1,71,42,41,11,23,0,56,4,287,6,0,77,56,4,0,0,64.33333333333333,5.735751295336788,1.461139896373057,7.83419689119171,3.217616580310881,1.5388601036269431,2.4347826086956523,1.0,Starter,1,No,No,Player Team Season
671131,Jackson Rutledge,120,Washington Nationals,120,Washington Nationals,2025,1,Pitcher,63,0,17,0,0,4,2,0,0,3,0,73.1,87,49,47,16,24,0,65,7,330,6,0,65,82,6,34,15,73.33333333333333,5.7681818181818185,1.5136363636363637,7.9772727272727275,2.9454545454545458,1.9636363636363638,2.7083333333333335,0.0,Relief,1,No,No,Player Team Season
657240,Julian Merryweather,112,Chicago Cubs,112,Chicago Cubs,2025,1,Pitcher,21,0,2,0,0,0,1,0,0,8,0,18.2,23,13,12,2,11,2,15,0,88,1,0,23,16,2,4,2,18.666666666666668,5.785714285714286,1.8214285714285714,7.232142857142857,5.303571428571428,0.9642857142857142,1.3636363636363635,0.0,Relief,1,No,No,Player Team Season
663542,Bryan Hudson,145,Chicago White Sox,145,Chicago White Sox,2025,1,Pitcher,4,0,0,0,0,0,0,0,0,0,0,4.2,7,3,3,2,1,0,6,0,21,0,0,4,3,0,0,0,4.666666666666667,5.785714285714286,1.7142857142857142,11.571428571428571,1.9285714285714284,3.8571428571428568,6.0,0.0,Relief,2,Yes,Yes,Player Team Season
686563,Jonathan Cannon,145,Chicago White Sox,145,Chicago White Sox,2025,1,Pitcher,22,17,1,0,0,4,10,0,0,0,0,103.2,116,69,67,19,38,1,86,6,466,2,1,88,131,8,3,0,103.66666666666667,5.816720257234726,1.4855305466237942,7.466237942122186,3.2990353697749195,1.6495176848874598,2.263157894736842,0.7727272727272727,Swing,1,No,No,Player Team Season
608334,Carson Fulmer,108,Los Angeles Angels,108,Los Angeles Angels,2025,1,Pitcher,13,0,11,0,0,0,0,0,0,0,0,29.1,25,19,19,5,11,0,26,0,123,2,0,29,32,1,8,3,29.333333333333332,5.829545454545455,1.2272727272727273,7.9772727272727275,3.375,1.5340909090909092,2.3636363636363638,0.0,Relief,1,No,No,Player Team Season
642152,Lou Trivino III,137,San Francisco Giants,137,San Francisco Giants,2025,1,Pitcher,11,0,5,0,0,1,0,0,1,1,1,12.1,11,8,8,4,5,0,11,1,54,0,0,12,14,1,8,3,12.333333333333334,5.837837837837838,1.2972972972972971,8.027027027027026,3.6486486486486487,2.918918918918919,2.2,0.0,Relief,3,Yes,Yes,Player Team Season
805299,Brandyn Garcia,109,Arizona Diamondbacks,109,Arizona Diamondbacks,2025,1,Pitcher,12,0,1,0,0,0,2,0,0,2,0,12.1,14,10,8,0,5,0,13,1,55,0,0,12,10,2,1,0,12.333333333333334,5.837837837837838,1.5405405405405406,9.486486486486486,3.6486486486486487,0.0,2.6,0.0,Relief,2,Yes,Yes,Player Team Season
606996,Kyle Hart,135,San Diego Padres,135,San Diego Padres,2025,1,Pitcher,20,6,2,0,0,3,3,0,0,2,0,43.0,38,28,28,9,13,0,37,2,179,0,1,31,58,1,2,0,43.0,5.8604651162790695,1.186046511627907,7.744186046511628,2.7209302325581395,1.8837209302325582,2.8461538461538463,0.3,Swing,1,No,No,Player Team Season
674370,Osvaldo Bido,133,Athletics,133,Athletics,2025,1,Pitcher,26,10,7,0,0,2,5,1,1,0,0,79.2,93,56,52,19,35,1,68,6,363,0,0,55,106,5,13,5,79.66666666666667,5.874476987447698,1.606694560669456,7.682008368200837,3.953974895397489,2.1464435146443512,1.9428571428571428,0.38461538461538464,Swing,1,No,No,Player Team Season
687330,Kevin Kelly,139,Tampa Bay Rays,139,Tampa Bay Rays,2025,1,Pitcher,41,0,13,0,0,2,5,0,4,5,4,39.2,45,29,26,11,9,1,35,0,171,1,1,43,39,3,21,9,39.666666666666664,5.899159663865547,1.361344537815126,7.9411764705882355,2.0420168067226894,2.495798319327731,3.888888888888889,0.0,Relief,1,No,No,Player Team Season
471911,Carlos Carrasco,147,New York Yankees,147,New York Yankees,2025,1,Pitcher,8,6,2,0,0,2,2,0,0,0,0,32.0,39,21,21,7,10,0,25,0,142,0,0,31,37,3,0,0,32.0,5.90625,1.53125,7.03125,2.8125,1.96875,2.5,0.75,Swing,2,Yes,Yes,Player Team Season
680729,Garrett McDaniels,108,Los Angeles Angels,108,Los Angeles Angels,2025,1,Pitcher,10,0,4,0,0,0,0,0,0,1,0,10.2,13,8,7,2,8,0,6,1,50,2,0,19,3,3,6,3,10.666666666666666,5.90625,1.96875,5.0625,6.75,1.6875,0.75,0.0,Relief,1,No,No,Player Team Season
676962,Ben Brown,112,Chicago Cubs,112,Chicago Cubs,2025,1,Pitcher,25,15,3,0,0,5,8,1,2,1,1,106.1,121,73,70,18,32,0,121,4,472,5,0,89,105,6,0,0,106.33333333333333,5.924764890282132,1.438871473354232,10.241379310344827,2.70846394984326,1.523510971786834,3.78125,0.6,Swing,1,No,No,Player Team Season
621107,Zach Eflin,110,Baltimore Orioles,110,Baltimore Orioles,2025,1,Pitcher,14,14,0,0,0,6,5,0,0,0,0,71.1,88,48,47,18,13,0,50,2,309,1,0,80,76,4,0,0,71.33333333333333,5.9299065420560755,1.4158878504672898,6.308411214953272,1.6401869158878506,2.2710280373831777,3.8461538461538463,1.0,Starter,1,No,No,Player Team Season
656686,Corbin Martin,110,Baltimore Orioles,110,Baltimore Orioles,2025,1,Pitcher,17,0,7,0,0,1,0,2,2,1,0,18.0,22,15,12,4,9,0,23,2,89,1,1,18,15,0,12,5,18.0,6.0,1.7222222222222223,11.5,4.5,2.0,2.5555555555555554,0.0,Relief,1,No,No,Player Team Season
600917,José Leclerc,133,Athletics,133,Athletics,2025,1,Pitcher,10,0,1,0,0,0,1,0,2,1,2,9.0,13,6,6,3,5,0,8,0,46,1,1,8,12,0,7,3,9.0,6.0,2.0,8.0,5.0,3.0,1.6,0.0,Relief,1,No,No,Player Team Season
681799,Ethan Roberts,112,Chicago Cubs,112,Chicago Cubs,2025,1,Pitcher,10,0,3,0,0,1,0,0,0,0,0,9.0,10,6,6,3,2,0,6,1,39,1,0,7,13,0,9,5,9.0,6.0,1.3333333333333333,6.0,2.0,3.0,3.0,0.0,Relief,1,No,No,Player Team Season
681962,Vinny Capra,145,Chicago White Sox,145,Chicago White Sox,2025,5,Third Base,3,0,3,0,0,0,0,0,0,0,0,3.0,5,4,2,1,0,0,1,0,15,0,0,2,7,0,0,0,3.0,6.0,1.6666666666666667,3.0,0.0,3.0,,0.0,Relief,1,No,No,Player Team Season
675540,Xzavion Curry,146,Miami Marlins,146,Miami Marlins,2025,1,Pitcher,3,0,1,0,0,0,1,0,0,0,0,3.0,4,4,2,0,3,0,1,0,16,0,0,3,5,1,4,2,3.0,6.0,2.3333333333333335,3.0,9.0,0.0,0.3333333333333333,0.0,Relief,1,No,No,Player Team Season
595978,Austin Hedges,114,Cleveland Guardians,114,Cleveland Guardians,2025,2,Catcher,3,0,3,0,0,0,0,0,0,0,0,3.0,6,2,2,0,1,0,1,0,16,0,0,3,5,0,0,0,3.0,6.0,2.3333333333333335,3.0,3.0,0.0,1.0,0.0,Relief,1,No,No,Player Team Season
676801,Chas McCormick,117,Houston Astros,117,Houston Astros,2025,7,Outfielder,3,0,3,0,0,0,0,0,0,0,0,3.0,3,2,2,0,2,0,1,2,15,0,0,2,5,1,0,0,3.0,6.0,1.6666666666666667,3.0,6.0,0.0,0.5,0.0,Relief,1,No,No,Player Team Season
669193,Jack Little,119,Los Angeles Dodgers,119,Los Angeles Dodgers,2025,1,Pitcher,2,0,2,0,0,0,0,0,0,0,0,3.0,4,2,2,0,1,0,2,1,14,0,0,1,5,1,0,0,3.0,6.0,1.6666666666666667,6.0,3.0,0.0,2.0,0.0,Relief,1,No,No,Player Team Season
605400,Aaron Nola,143,Philadelphia Phillies,143,Philadelphia Phillies,2025,1,Pitcher,17,17,0,0,0,5,10,0,0,0,0,94.1,99,65,63,18,28,0,97,4,404,1,0,88,88,5,0,0,94.33333333333333,6.010600706713781,1.3462897526501767,9.254416961130742,2.671378091872792,1.7173144876325088,3.4642857142857144,1.0,Starter,1,No,No,Player Team Season
676961,Caleb Boushley,140,Texas Rangers,140,Texas Rangers,2025,1,Pitcher,25,1,13,0,0,0,0,1,1,0,0,43.1,54,33,29,5,14,1,41,2,193,1,0,41,41,7,10,1,43.333333333333336,6.023076923076923,1.5692307692307692,8.515384615384615,2.9076923076923076,1.0384615384615383,2.9285714285714284,0.04,Swing,1,No,No,Player Team Season
670102,Bowden Francis,141,Toronto Blue Jays,141,Toronto Blue Jays,2025,1,Pitcher,14,14,0,0,0,2,8,0,0,0,0,64.0,71,46,43,19,27,0,54,6,288,3,0,51,79,4,0,0,64.0,6.046875,1.53125,7.59375,3.796875,2.671875,2.0,1.0,Starter,1,No,No,Player Team Season
801139,Payton Tolle,111,Boston Red Sox,111,Boston Red Sox,2025,1,Pitcher,7,3,2,0,0,0,1,0,0,0,0,16.1,18,12,11,5,8,0,19,0,74,1,0,11,18,1,2,2,16.333333333333332,6.061224489795919,1.5918367346938778,10.469387755102042,4.408163265306123,2.7551020408163267,2.375,0.42857142857142855,Swing,1,No,No,Player Team Season
518397,Scott Alexander,115,Colorado Rockies,115,Colorado Rockies,2025,1,Pitcher,19,0,4,0,0,1,1,0,1,3,1,16.1,20,11,11,4,7,0,6,1,72,0,0,25,13,4,19,8,16.333333333333332,6.061224489795919,1.653061224489796,3.306122448979592,3.857142857142857,2.2040816326530615,0.8571428571428571,0.0,Relief,2,Yes,Yes,Player Team Season
686730,Carson Spiers,113,Cincinnati Reds,113,Cincinnati Reds,2025,1,Pitcher,3,2,1,0,0,0,2,0,0,0,0,13.1,13,9,9,3,7,0,11,1,60,0,0,11,17,0,0,0,13.333333333333334,6.074999999999999,1.5,7.425,4.725,2.025,1.5714285714285714,0.6666666666666666,Swing,1,No,No,Player Team Season
623433,Nick Anderson,115,Colorado Rockies,115,Colorado Rockies,2025,1,Pitcher,12,0,2,0,0,0,0,0,0,0,0,14.2,17,10,10,3,2,0,10,0,61,0,0,16,16,1,8,5,14.666666666666666,6.136363636363637,1.2954545454545454,6.136363636363637,1.2272727272727273,1.840909090909091,5.0,0.0,Relief,1,No,No,Player Team Season
691172,Yosver Zulueta,113,Cincinnati Reds,113,Cincinnati Reds,2025,1,Pitcher,7,0,5,0,0,1,0,0,0,0,0,7.1,5,5,5,1,4,0,5,0,32,1,0,7,11,0,4,3,7.333333333333333,6.136363636363637,1.2272727272727273,6.136363636363637,4.909090909090909,1.2272727272727273,1.25,0.0,Relief,1,No,No,Player Team Season
656240,Scott Blewett,110,Baltimore Orioles,110,Baltimore Orioles,2025,1,Pitcher,13,1,2,0,0,1,0,0,0,0,0,23.1,25,17,16,4,8,0,17,0,103,1,0,23,30,1,6,1,23.333333333333332,6.171428571428572,1.4142857142857144,6.557142857142858,3.085714285714286,1.542857142857143,2.125,0.07692307692307693,Swing,3,Yes,Yes,Player Team Season
641302,Tyler Alexander,158,Milwaukee Brewers,158,Milwaukee Brewers,2025,1,Pitcher,21,4,7,0,0,3,5,1,2,1,1,36.1,42,31,25,3,12,0,30,1,164,0,1,25,53,2,4,1,36.333333333333336,6.192660550458715,1.4862385321100917,7.431192660550458,2.9724770642201834,0.7431192660550459,2.5,0.19047619047619047,Swing,2,Yes,Yes,Player Team Season
696147,Sam Bachman,108,Los Angeles Angels,108,Los Angeles Angels,2025,1,Pitcher,23,0,5,0,0,2,3,0,2,2,2,20.1,22,15,14,1,10,0,18,1,94,2,0,28,15,2,4,3,20.333333333333332,6.19672131147541,1.5737704918032789,7.967213114754099,4.426229508196721,0.4426229508196722,1.8,0.0,Relief,1,No,No,Player Team Season
621199,Matt Bowman,110,Baltimore Orioles,110,Baltimore Orioles,2025,1,Pitcher,20,0,8,0,0,0,1,0,0,0,0,24.2,31,18,17,4,6,0,18,2,114,1,0,24,33,0,8,2,24.666666666666668,6.202702702702703,1.5,6.5675675675675675,2.189189189189189,1.4594594594594594,3.0,0.0,Relief,1,No,No,Player Team Season
592866,Trevor Williams,120,Washington Nationals,120,Washington Nationals,2025,1,Pitcher,17,17,0,0,0,3,10,0,0,0,0,82.2,106,59,57,11,21,0,65,2,373,1,0,67,112,2,0,0,82.66666666666667,6.205645161290322,1.536290322580645,7.076612903225806,2.286290322580645,1.1975806451612903,3.0952380952380953,1.0,Starter,1,No,No,Player Team Season
573186,Marcus Stroman,147,New York Yankees,147,New York Yankees,2025,1,Pitcher,9,9,0,0,0,3,2,0,0,0,0,39.0,44,27,27,6,16,0,26,2,175,1,0,44,43,4,0,0,39.0,6.230769230769231,1.5384615384615385,6.0,3.6923076923076925,1.3846153846153846,1.625,1.0,Starter,1,No,No,Player Team Season
690829,Ben Joyce,108,Los Angeles Angels,108,Los Angeles Angels,2025,1,Pitcher,5,0,0,0,0,1,0,0,2,2,2,4.1,5,4,3,1,1,0,1,0,20,2,0,7,6,0,3,0,4.333333333333333,6.230769230769231,1.3846153846153848,2.076923076923077,2.076923076923077,2.076923076923077,1.0,0.0,Relief,1,No,No,Player Team Season
687064,Brandon Young,110,Baltimore Orioles,110,Baltimore Orioles,2025,1,Pitcher,12,12,0,0,0,1,7,0,0,0,0,57.2,67,42,40,12,22,0,47,0,256,0,0,63,57,3,0,0,57.666666666666664,6.242774566473988,1.5433526011560694,7.335260115606936,3.433526011560694,1.8728323699421967,2.1363636363636362,1.0,Starter,1,No,No,Player Team Season
687863,Porter Hodge,112,Chicago Cubs,112,Chicago Cubs,2025,1,Pitcher,36,0,10,0,0,2,2,2,5,8,3,33.0,34,24,23,9,18,1,40,0,147,5,1,23,32,4,6,4,33.0,6.2727272727272725,1.5757575757575757,10.909090909090908,4.909090909090909,2.4545454545454546,2.2222222222222223,0.0,Relief,1,No,No,Player Team Season
700669,Gordon Graceffo,138,St. Louis Cardinals,138,St. Louis Cardinals,2025,1,Pitcher,26,0,9,0,0,3,1,1,3,0,2,43.0,50,33,30,2,13,0,40,2,193,2,0,45,43,2,11,5,43.0,6.27906976744186,1.4651162790697674,8.372093023255815,2.7209302325581395,0.4186046511627907,3.076923076923077,0.0,Relief,1,No,No,Player Team Season
696136,Jordan Wicks,112,Chicago Cubs,112,Chicago Cubs,2025,1,Pitcher,8,0,5,0,0,0,1,1,1,1,0,14.1,24,12,10,2,1,0,13,0,67,0,0,12,17,1,0,0,14.333333333333334,6.27906976744186,1.744186046511628,8.162790697674419,0.627906976744186,1.255813953488372,13.0,0.0,Relief,1,No,No,Player Team Season
593423,Frankie Montas,121,New York Mets,121,New York Mets,2025,1,Pitcher,9,7,1,0,0,3,2,0,0,0,0,38.2,48,29,27,8,14,0,32,1,178,1,0,37,46,3,0,0,38.666666666666664,6.28448275862069,1.6034482758620692,7.448275862068966,3.2586206896551726,1.8620689655172415,2.2857142857142856,0.7777777777777778,Swing,1,No,No,Player Team Season
663992,Richard Lovelady,121,New York Mets,121,New York Mets,2025,1,Pitcher,8,0,0,0,0,0,0,0,0,2,0,10.0,10,8,7,3,4,0,9,1,45,0,0,16,5,1,5,2,10.0,6.3,1.4,8.1,3.6,2.7,2.25,0.0,Relief,2,Yes,Yes,Player Team Season
663978,Chris Paddack,116,Detroit Tigers,116,Detroit Tigers,2025,1,Pitcher,12,7,3,0,0,2,3,1,1,0,0,47.0,51,33,33,14,10,0,29,0,198,2,0,51,57,2,3,0,47.0,6.319148936170213,1.297872340425532,5.553191489361702,1.9148936170212767,2.6808510638297873,2.9,0.5833333333333334,Swing,2,Yes,Yes,Player Team Season
685299,Tanner Gordon,115,Colorado Rockies,115,Colorado Rockies,2025,1,Pitcher,15,15,0,0,0,6,8,0,0,0,0,75.1,96,60,53,16,17,0,62,3,337,1,1,69,90,5,0,0,75.33333333333333,6.331858407079646,1.5,7.407079646017699,2.0309734513274336,1.9115044247787611,3.6470588235294117,1.0,Starter,1,No,No,Player Team Season
678906,Kai-Wei Teng,137,San Francisco Giants,137,San Francisco Giants,2025,1,Pitcher,8,7,0,0,0,2,4,0,0,0,0,29.2,29,24,21,2,17,0,39,7,139,0,0,20,27,4,0,0,29.666666666666668,6.370786516853932,1.550561797752809,11.831460674157302,5.157303370786517,0.6067415730337078,2.2941176470588234,0.875,Swing,1,No,No,Player Team Season
669422,Matt Sauer,119,Los Angeles Dodgers,119,Los Angeles Dodgers,2025,1,Pitcher,10,1,4,0,0,2,1,1,1,0,0,29.2,35,23,21,6,8,0,24,2,129,1,0,31,29,4,3,0,29.666666666666668,6.370786516853932,1.449438202247191,7.280898876404494,2.426966292134831,1.8202247191011236,3.0,0.1,Swing,1,No,No,Player Team Season
594580,Sam Moll,113,Cincinnati Reds,113,Cincinnati Reds,2025,1,Pitcher,23,0,3,0,0,1,0,0,0,2,0,18.1,16,16,13,4,10,0,22,0,81,4,0,14,19,1,18,5,18.333333333333332,6.381818181818182,1.4181818181818182,10.8,4.909090909090909,1.9636363636363638,2.2,0.0,Relief,1,No,No,Player Team Season
680684,Gunnar Hoglund,133,Athletics,133,Athletics,2025,1,Pitcher,6,6,0,0,0,1,3,0,0,0,0,32.1,38,23,23,10,11,0,23,0,139,1,0,30,37,4,0,0,32.333333333333336,6.4020618556701026,1.5154639175257731,6.4020618556701026,3.0618556701030926,2.783505154639175,2.090909090909091,1.0,Starter,1,No,No,Player Team Season
702674,Caden Dana,108,Los Angeles Angels,108,Los Angeles Angels,2025,1,Pitcher,7,5,2,0,0,0,4,0,0,0,0,32.1,30,24,23,9,18,0,33,1,141,2,0,31,28,3,0,0,32.333333333333336,6.4020618556701026,1.4845360824742266,9.185567010309278,5.010309278350515,2.5051546391752577,1.8333333333333333,0.7142857142857143,Swing,1,No,No,Player Team Season
543518,Scott McGough,109,Arizona Diamondbacks,109,Arizona Diamondbacks,2025,1,Pitcher,7,0,2,0,0,0,0,0,0,0,0,7.0,6,5,5,1,6,0,5,1,35,0,0,4,13,0,1,1,7.0,6.428571428571429,1.7142857142857142,6.428571428571429,7.714285714285714,1.2857142857142858,0.8333333333333334,0.0,Relief,2,Yes,Yes,Player Team Season
663765,Jake Woodford,109,Arizona Diamondbacks,109,Arizona Diamondbacks,2025,1,Pitcher,22,0,8,0,0,0,4,3,7,2,4,36.1,45,28,26,3,13,1,23,3,170,1,0,45,41,2,7,4,36.333333333333336,6.440366972477063,1.5963302752293578,5.697247706422018,3.2201834862385317,0.7431192660550459,1.7692307692307692,0.0,Relief,1,No,No,Player Team Season
663855,Jordan Hicks,137,San Francisco Giants,137,San Francisco Giants,2025,1,Pitcher,13,9,2,0,0,1,5,0,0,1,0,48.2,55,36,35,3,20,0,43,4,217,4,0,64,31,4,0,0,48.666666666666664,6.472602739726027,1.541095890410959,7.952054794520548,3.6986301369863015,0.5547945205479452,2.15,0.6923076923076923,Swing,2,Yes,Yes,Player Team Season
621121,Lance McCullers Jr.,117,Houston Astros,117,Houston Astros,2025,1,Pitcher,16,13,2,0,0,2,5,0,0,0,0,55.1,61,45,40,10,39,0,61,7,274,1,0,57,48,2,0,0,55.333333333333336,6.506024096385542,1.8072289156626504,9.921686746987952,6.343373493975903,1.6265060240963856,1.564102564102564,0.8125,Swing,1,No,No,Player Team Season
692230,Carlos Rodriguez,158,Milwaukee Brewers,158,Milwaukee Brewers,2025,1,Pitcher,4,0,3,0,0,1,0,0,0,0,0,9.2,13,7,7,1,9,0,11,0,50,1,0,5,12,1,2,0,9.666666666666666,6.517241379310345,2.2758620689655173,10.241379310344827,8.379310344827587,0.9310344827586208,1.2222222222222223,0.0,Relief,1,No,No,Player Team Season
801403,Chase Dollander,115,Colorado Rockies,115,Colorado Rockies,2025,1,Pitcher,21,21,0,0,0,2,12,0,0,0,0,98.0,103,76,71,18,49,0,82,6,441,2,0,97,104,7,0,0,98.0,6.520408163265306,1.5510204081632653,7.530612244897959,4.5,1.653061224489796,1.6734693877551021,1.0,Starter,1,No,No,Player Team Season
689225,Beau Brieske,116,Detroit Tigers,116,Detroit Tigers,2025,1,Pitcher,22,1,9,0,0,1,3,1,2,5,1,22.0,24,20,16,5,12,1,16,0,103,2,0,21,30,0,5,2,22.0,6.545454545454546,1.6363636363636365,6.545454545454546,4.909090909090909,2.0454545454545454,1.3333333333333333,0.045454545454545456,Swing,1,No,No,Player Team Season
605347,Jorge López,120,Washington Nationals,120,Washington Nationals,2025,1,Pitcher,26,0,5,0,0,6,0,1,4,5,3,24.2,25,18,18,1,7,0,17,3,106,3,0,28,26,2,14,5,24.666666666666668,6.5675675675675675,1.2972972972972971,6.202702702702703,2.554054054054054,0.36486486486486486,2.4285714285714284,0.0,Relief,1,No,No,Player Team Season
521230,Liam Hendriks,111,Boston Red Sox,111,Boston Red Sox,2025,1,Pitcher,14,0,6,0,0,0,2,0,0,0,0,13.2,12,11,10,2,7,0,12,1,59,0,0,8,19,2,0,0,13.666666666666666,6.585365853658537,1.3902439024390245,7.902439024390244,4.609756097560976,1.3170731707317074,1.7142857142857142,0.0,Relief,1,No,No,Player Team Season
671737,Taj Bradley,142,Minnesota Twins,142,Minnesota Twins,2025,1,Pitcher,6,6,0,0,0,0,2,0,0,0,0,31.1,32,23,23,6,12,0,32,0,134,3,1,20,38,3,0,0,31.333333333333332,6.6063829787234045,1.4042553191489362,9.191489361702128,3.446808510638298,1.723404255319149,2.6666666666666665,1.0,Starter,2,Yes,Yes,Player Team Season
688642,Zach Agnos,115,Colorado Rockies,115,Colorado Rockies,2025,1,Pitcher,30,0,14,0,0,1,3,4,4,3,0,31.1,31,25,23,5,17,0,19,0,138,2,0,34,37,2,9,1,31.333333333333332,6.6063829787234045,1.5319148936170213,5.457446808510639,4.882978723404255,1.4361702127659575,1.1176470588235294,0.0,Relief,1,No,No,Player Team Season
622608,Antonio Senzatela,115,Colorado Rockies,115,Colorado Rockies,2025,1,Pitcher,30,23,0,0,0,4,15,0,0,0,0,130.0,192,103,96,22,47,2,73,8,618,9,1,158,139,17,3,2,130.0,6.6461538461538465,1.8384615384615384,5.053846153846154,3.253846153846154,1.523076923076923,1.553191489361702,0.7666666666666667,Swing,1,No,No,Player Team Season
669060,Bryse Wilson,145,Chicago White Sox,145,Chicago White Sox,2025,1,Pitcher,20,5,8,0,0,0,2,0,0,0,0,47.1,67,37,35,11,19,0,28,2,224,0,0,39,68,4,3,2,47.333333333333336,6.654929577464788,1.816901408450704,5.323943661971831,3.612676056338028,2.091549295774648,1.4736842105263157,0.25,Swing,1,No,No,Player Team Season
687922,Easton Lucas,141,Toronto Blue Jays,141,Toronto Blue Jays,2025,1,Pitcher,6,5,0,0,0,3,3,0,0,0,0,24.1,25,18,18,5,12,0,23,0,108,1,0,20,28,3,0,0,24.333333333333332,6.657534246575342,1.5205479452054795,8.506849315068493,4.438356164383562,1.8493150684931507,1.9166666666666667,0.8333333333333334,Swing,1,No,No,Player Team Season
815083,Mitch Farris,108,Los Angeles Angels,108,Los Angeles Angels,2025,1,Pitcher,5,5,0,0,0,1,3,0,0,0,0,24.1,24,19,18,4,11,0,24,1,107,1,0,13,34,0,0,0,24.333333333333332,6.657534246575342,1.4383561643835616,8.876712328767123,4.068493150684931,1.4794520547945207,2.1818181818181817,1.0,Starter,1,No,No,Player Team Season
608566,Germán Márquez,115,Colorado Rockies,115,Colorado Rockies,2025,1,Pitcher,26,26,0,0,0,3,16,0,0,0,0,126.1,168,106,94,23,48,1,83,6,591,6,0,119,165,10,0,0,126.33333333333333,6.696569920844327,1.7097625329815305,5.912928759894459,3.419525065963061,1.6385224274406334,1.7291666666666667,1.0,Starter,1,No,No,Player Team Season
489119,Wade Miley,113,Cincinnati Reds,113,Cincinnati Reds,2025,1,Pitcher,3,2,1,0,0,1,0,0,0,0,0,12.0,15,9,9,3,6,0,7,1,55,0,0,12,13,2,0,0,12.0,6.75,1.75,5.25,4.5,2.25,1.1666666666666667,0.6666666666666666,Swing,1,No,No,Player Team Season
664351,Luis Contreras,117,Houston Astros,117,Houston Astros,2025,1,Pitcher,9,0,4,0,0,0,0,0,0,1,0,12.0,11,9,9,2,8,0,13,0,54,1,0,6,16,1,6,1,12.0,6.75,1.5833333333333333,9.75,6.0,1.5,1.625,0.0,Relief,1,No,No,Player Team Season
696131,Mason Black,137,San Francisco Giants,137,San Francisco Giants,2025,1,Pitcher,1,0,0,0,0,0,0,0,0,0,0,4.0,5,5,3,2,0,0,5,0,19,0,0,5,4,0,0,0,4.0,6.75,1.25,11.25,0.0,4.5,,0.0,Relief,1,No,No,Player Team Season
621028,Kevin Newman,108,Los Angeles Angels,108,Los Angeles Angels,2025,5,Third Base,2,0,2,0,0,0,0,0,0,0,0,4.0,4,3,3,2,0,0,0,0,16,0,0,1,11,0,0,0,4.0,6.75,1.0,0.0,0.0,4.5,,0.0,Relief,1,No,No,Player Team Season
663558,Jovani Morán,111,Boston Red Sox,111,Boston Red Sox,2025,1,Pitcher,2,0,1,0,0,0,0,0,0,0,0,4.0,5,3,3,0,3,0,5,0,20,0,0,3,4,0,0,0,4.0,6.75,2.0,11.25,6.75,0.0,1.6666666666666667,0.0,Relief,1,No,No,Player Team Season
608717,Chris Stratton,119,Los Angeles Dodgers,119,Los Angeles Dodgers,2025,1,Pitcher,3,0,2,0,0,0,0,0,0,0,0,4.0,3,3,3,2,2,0,6,0,17,0,0,4,2,0,0,0,4.0,6.75,1.25,13.5,4.5,4.5,3.0,0.0,Relief,2,Yes,Yes,Player Team Season
518397,Scott Alexander,137,San Francisco Giants,137,San Francisco Giants,2025,1,Pitcher,2,0,0,0,0,0,0,0,0,0,0,1.1,3,1,1,1,2,0,2,0,9,0,0,1,1,0,3,3,1.3333333333333333,6.75,3.75,13.5,13.5,6.75,1.0,0.0,Relief,2,Yes,Yes,Player Team Season
676051,Codi Heuer,140,Texas Rangers,140,Texas Rangers,2025,1,Pitcher,1,0,1,0,0,0,0,0,0,0,0,1.1,1,1,1,1,0,0,1,0,5,0,0,3,0,0,1,0,1.3333333333333333,6.75,0.75,6.75,0.0,6.75,,0.0,Relief,2,Yes,Yes,Player Team Season
673820,Robinson Piña,141,Toronto Blue Jays,141,Toronto Blue Jays,2025,1,Pitcher,1,0,0,0,0,0,0,0,0,0,0,1.1,4,3,1,0,1,0,1,0,10,0,0,1,3,0,0,0,1.3333333333333333,6.75,3.75,6.75,6.75,0.0,1.0,0.0,Relief,2,Yes,Yes,Player Team Season
680701,John Rooney,117,Houston Astros,117,Houston Astros,2025,1,Pitcher,1,0,0,0,0,0,0,0,0,0,0,1.1,1,1,1,1,1,0,2,0,6,0,0,1,1,0,1,0,1.3333333333333333,6.75,1.5,13.5,6.75,6.75,2.0,0.0,Relief,1,No,No,Player Team Season
686799,Jack Kochanowicz,108,Los Angeles Angels,108,Los Angeles Angels,2025,1,Pitcher,23,23,0,0,0,3,11,0,0,0,0,111.0,136,89,84,21,58,4,72,7,512,4,1,141,98,18,0,0,111.0,6.8108108108108105,1.7477477477477477,5.837837837837838,4.702702702702703,1.7027027027027026,1.2413793103448276,1.0,Starter,1,No,No,Player Team Season
621112,Paul Blackburn,121,New York Mets,121,New York Mets,2025,1,Pitcher,7,4,2,0,0,0,3,1,1,0,0,23.2,31,19,18,3,8,0,18,1,110,1,0,23,29,2,0,0,23.666666666666668,6.845070422535211,1.647887323943662,6.845070422535211,3.0422535211267605,1.1408450704225352,2.25,0.5714285714285714,Swing,2,Yes,Yes,Player Team Season
686930,Mason Barnett,133,Athletics,133,Athletics,2025,1,Pitcher,5,5,0,0,0,1,1,0,0,0,0,22.1,26,18,17,3,11,0,18,1,104,2,0,18,30,2,0,0,22.333333333333332,6.850746268656716,1.6567164179104479,7.253731343283582,4.432835820895523,1.2089552238805972,1.6363636363636365,1.0,Starter,1,No,No,Player Team Season
519008,T.J. McFarland,133,Athletics,133,Athletics,2025,1,Pitcher,27,0,5,0,0,0,0,0,1,7,1,15.2,26,12,12,2,3,0,7,1,74,1,0,24,13,3,23,5,15.666666666666666,6.893617021276596,1.8510638297872342,4.021276595744681,1.723404255319149,1.148936170212766,2.3333333333333335,0.0,Relief,1,No,No,Player Team Season
829272,Shinnosuke Ogasawara,120,Washington Nationals,120,Washington Nationals,2025,1,Pitcher,23,2,7,0,0,1,1,0,0,1,0,38.2,43,30,30,9,17,0,30,3,173,1,0,34,46,4,12,3,38.666666666666664,6.982758620689656,1.5517241379310345,6.982758620689656,3.9568965517241383,2.094827586206897,1.7647058823529411,0.08695652173913043,Swing,1,No,No,Player Team Season
543518,Scott McGough,133,Athletics,133,Athletics,2025,1,Pitcher,6,0,5,0,0,0,0,0,0,0,0,9.0,12,7,7,3,1,0,11,0,40,0,0,7,9,0,0,0,9.0,7.0,1.4444444444444444,11.0,1.0,3.0,11.0,0.0,Relief,2,Yes,Yes,Player Team Season
670059,Colin Holderman,134,Pittsburgh Pirates,134,Pittsburgh Pirates,2025,1,Pitcher,24,0,6,0,0,0,2,1,3,2,2,25.2,34,21,20,4,16,1,18,2,125,3,0,33,22,5,19,7,25.666666666666668,7.012987012987013,1.948051948051948,6.311688311688312,5.6103896103896105,1.4025974025974026,1.125,0.0,Relief,1,No,No,Player Team Season
669020,Ryan Rolison,115,Colorado Rockies,115,Colorado Rockies,2025,1,Pitcher,31,1,10,0,0,1,0,0,0,0,0,42.1,55,35,33,11,20,0,25,0,193,1,1,55,38,8,19,6,42.333333333333336,7.015748031496063,1.7716535433070866,5.314960629921259,4.251968503937007,2.338582677165354,1.25,0.03225806451612903,Swing,1,No,No,Player Team Season
687377,Orlando Ribalta,120,Washington Nationals,120,Washington Nationals,2025,1,Pitcher,22,0,7,0,0,0,0,0,0,1,0,24.1,28,19,19,6,17,0,25,1,120,0,1,19,30,1,11,3,24.333333333333332,7.027397260273973,1.8493150684931507,9.246575342465754,6.287671232876713,2.219178082191781,1.4705882352941178,0.0,Relief,1,No,No,Player Team Season
663462,Isaiah Campbell,111,Boston Red Sox,111,Boston Red Sox,2025,1,Pitcher,6,0,4,0,0,0,0,0,0,0,0,7.2,13,6,6,1,1,0,3,1,35,0,0,13,4,3,0,0,7.666666666666667,7.0434782608695645,1.826086956521739,3.5217391304347823,1.1739130434782608,1.1739130434782608,3.0,0.0,Relief,1,No,No,Player Team Season
683409,Angel Chivilli,115,Colorado Rockies,115,Colorado Rockies,2025,1,Pitcher,43,0,7,0,0,1,5,0,0,1,0,58.2,76,49,46,13,23,1,43,6,275,4,0,78,49,5,27,8,58.666666666666664,7.0568181818181825,1.6875,6.596590909090909,3.5284090909090913,1.9943181818181819,1.8695652173913044,0.0,Relief,1,No,No,Player Team Season
450203,Charlie Morton,116,Detroit Tigers,116,Detroit Tigers,2025,1,Pitcher,9,9,0,0,0,2,3,0,0,0,0,39.1,40,31,31,7,23,1,47,5,184,2,1,36,32,3,0,0,39.333333333333336,7.09322033898305,1.6016949152542372,10.754237288135593,5.262711864406779,1.6016949152542372,2.0434782608695654,1.0,Starter,3,Yes,Yes,Player Team Season
605513,Spencer Turnbull,141,Toronto Blue Jays,141,Toronto Blue Jays,2025,1,Pitcher,3,1,1,0,0,1,1,0,0,0,0,6.1,12,5,5,1,4,0,4,0,33,0,0,7,6,1,0,0,6.333333333333333,7.105263157894737,2.5263157894736845,5.684210526315789,5.684210526315789,1.4210526315789473,1.0,0.3333333333333333,Swing,1,No,No,Player Team Season
608665,Kendall Graveman,109,Arizona Diamondbacks,109,Arizona Diamondbacks,2025,1,Pitcher,19,0,4,0,0,1,0,0,0,1,0,17.2,23,14,14,2,12,0,9,1,82,0,0,21,16,4,2,2,17.666666666666668,7.132075471698113,1.981132075471698,4.584905660377358,6.113207547169811,1.0188679245283019,0.75,0.0,Relief,1,No,No,Player Team Season
687830,Sawyer Gipson-Long,116,Detroit Tigers,116,Detroit Tigers,2025,1,Pitcher,8,3,0,0,0,0,2,0,0,2,0,31.1,34,26,25,8,6,0,26,2,133,3,0,29,36,2,3,1,31.333333333333332,7.180851063829787,1.2765957446808511,7.468085106382979,1.723404255319149,2.297872340425532,4.333333333333333,0.375,Swing,1,No,No,Player Team Season
664854,Ryan Helsley,121,New York Mets,121,New York Mets,2025,1,Pitcher,22,0,7,0,0,0,3,0,4,1,4,20.0,25,20,16,4,11,1,22,0,95,3,0,19,18,0,1,1,20.0,7.2,1.8,9.9,4.95,1.8,2.0,0.0,Relief,1,No,No,Player Team Season
677020,Josh Walker,141,Toronto Blue Jays,141,Toronto Blue Jays,2025,1,Pitcher,3,0,1,0,0,0,0,0,0,0,0,5.0,8,4,4,0,2,0,8,1,25,0,0,3,3,1,1,0,5.0,7.2,2.0,14.4,3.6,0.0,4.0,0.0,Relief,1,No,No,Player Team Season
606303,Joel Payamps,158,Milwaukee Brewers,158,Milwaukee Brewers,2025,1,Pitcher,28,0,11,0,0,0,1,1,1,3,0,23.2,29,19,19,3,9,1,22,2,108,0,0,19,27,2,13,4,23.666666666666668,7.225352112676056,1.6056338028169013,8.366197183098592,3.4225352112676055,1.1408450704225352,2.4444444444444446,0.0,Relief,2,Yes,Yes,Player Team Season
683627,Anthony Molina,115,Colorado Rockies,115,Colorado Rockies,2025,1,Pitcher,17,1,5,0,0,1,1,0,0,0,0,34.2,52,30,28,12,6,0,24,2,160,1,1,36,38,4,7,0,34.666666666666664,7.26923076923077,1.6730769230769231,6.230769230769231,1.5576923076923077,3.1153846153846154,4.0,0.058823529411764705,Swing,1,No,No,Player Team Season
684974,Craig Yoho,158,Milwaukee Brewers,158,Milwaukee Brewers,2025,1,Pitcher,8,0,2,0,0,0,0,0,0,0,0,8.2,8,7,7,1,9,0,7,1,41,0,0,8,8,1,2,2,8.666666666666666,7.26923076923077,1.9615384615384617,7.26923076923077,9.346153846153847,1.0384615384615385,0.7777777777777778,0.0,Relief,1,No,No,Player Team Season
681006,Josh Simpson,146,Miami Marlins,146,Miami Marlins,2025,1,Pitcher,31,0,10,0,0,4,2,0,2,2,2,30.2,34,28,25,5,22,2,36,3,151,3,0,33,22,2,14,3,30.666666666666668,7.33695652173913,1.826086956521739,10.565217391304348,6.456521739130435,1.467391304347826,1.6363636363636365,0.0,Relief,1,No,No,Player Team Season
656464,Kevin Ginkel,109,Arizona Diamondbacks,109,Arizona Diamondbacks,2025,1,Pitcher,29,0,9,0,0,1,4,3,4,6,1,25.2,29,22,21,2,13,0,29,2,121,1,0,18,30,2,4,0,25.666666666666668,7.363636363636363,1.6363636363636362,10.168831168831169,4.558441558441558,0.7012987012987013,2.230769230769231,0.0,Relief,1,No,No,Player Team Season
685326,McCade Brown,115,Colorado Rockies,115,Colorado Rockies,2025,1,Pitcher,7,7,0,0,0,0,5,0,0,0,0,25.2,30,21,21,6,17,0,23,5,126,1,0,21,30,3,0,0,25.666666666666668,7.363636363636363,1.831168831168831,8.064935064935064,5.961038961038961,2.103896103896104,1.3529411764705883,1.0,Starter,1,No,No,Player Team Season
605463,Tayler Scott,117,Houston Astros,117,Houston Astros,2025,1,Pitcher,18,0,1,0,0,1,2,0,1,2,1,18.1,21,16,15,3,14,0,17,1,90,0,0,17,20,0,7,3,18.333333333333332,7.363636363636364,1.9090909090909092,8.345454545454546,6.872727272727273,1.4727272727272729,1.2142857142857142,0.0,Relief,2,Yes,Yes,Player Team Season
696270,Ryan Johnson,108,Los Angeles Angels,108,Los Angeles Angels,2025,1,Pitcher,14,0,4,0,0,1,1,1,3,1,2,14.2,24,15,12,4,5,1,16,0,72,0,0,14,13,1,12,2,14.666666666666666,7.363636363636364,1.9772727272727273,9.818181818181818,3.0681818181818183,2.4545454545454546,3.2,0.0,Relief,1,No,No,Player Team Season
694851,Andrew Hoffmann,109,Arizona Diamondbacks,109,Arizona Diamondbacks,2025,1,Pitcher,8,0,2,0,0,1,1,0,2,3,2,7.1,7,6,6,1,6,0,7,0,35,0,0,3,12,0,5,1,7.333333333333333,7.363636363636364,1.7727272727272727,8.590909090909092,7.363636363636364,1.2272727272727273,1.1666666666666667,0.0,Relief,2,Yes,Yes,Player Team Season
542932,Jon Berti,112,Chicago Cubs,112,Chicago Cubs,2025,4,Second Base,4,0,4,0,0,0,0,0,0,0,0,3.2,4,3,3,0,4,0,0,0,19,0,0,2,9,0,0,0,3.6666666666666665,7.363636363636364,2.181818181818182,0.0,9.818181818181818,0.0,0.0,0.0,Relief,1,No,No,Player Team Season
682989,Victor Mederos,108,Los Angeles Angels,108,Los Angeles Angels,2025,1,Pitcher,5,3,1,0,0,0,2,0,0,0,0,17.0,18,14,14,4,12,0,14,3,81,1,0,14,20,2,0,0,17.0,7.411764705882353,1.7647058823529411,7.411764705882353,6.352941176470588,2.1176470588235294,1.1666666666666667,0.6,Swing,1,No,No,Player Team Season
642048,Tayler Saucedo,136,Seattle Mariners,136,Seattle Mariners,2025,1,Pitcher,10,0,5,0,0,0,0,0,0,0,0,13.1,19,12,11,2,6,0,12,1,66,0,0,17,11,0,4,2,13.333333333333334,7.425,1.875,8.1,4.05,1.3499999999999999,2.0,0.0,Relief,1,No,No,Player Team Season
701519,Travis Adams,142,Minnesota Twins,142,Minnesota Twins,2025,1,Pitcher,18,2,3,0,0,1,4,0,2,2,2,33.2,39,29,28,6,17,0,31,3,158,5,0,25,42,0,2,0,33.666666666666664,7.485148514851486,1.6633663366336635,8.287128712871288,4.544554455445545,1.603960396039604,1.8235294117647058,0.1111111111111111,Swing,1,No,No,Player Team Season
596295,Austin Gomber,115,Colorado Rockies,115,Colorado Rockies,2025,1,Pitcher,12,12,0,0,0,0,7,0,0,0,0,57.2,82,51,48,16,17,0,34,1,272,4,0,54,84,2,0,0,57.666666666666664,7.491329479768787,1.716763005780347,5.30635838150289,2.653179190751445,2.4971098265895955,2.0,1.0,Starter,1,No,No,Player Team Season
612434,Miguel Castro,145,Chicago White Sox,145,Chicago White Sox,2025,1,Pitcher,6,0,1,0,0,0,0,0,0,1,0,6.0,5,5,5,1,5,0,4,1,28,0,0,6,7,1,5,0,6.0,7.5,1.6666666666666667,6.0,7.5,1.5,0.8,0.0,Relief,1,No,No,Player Team Season
669145,Bruce Zimmermann,158,Milwaukee Brewers,158,Milwaukee Brewers,2025,1,Pitcher,1,1,0,0,0,0,1,0,0,0,0,6.0,7,6,5,2,2,0,1,0,28,0,0,11,7,1,0,0,6.0,7.5,1.5,1.5,3.0,3.0,0.5,1.0,Starter,1,No,No,Player Team Season
671111,Sammy Peralta,108,Los Angeles Angels,108,Los Angeles Angels,2025,1,Pitcher,5,0,5,0,0,0,1,0,1,0,1,10.2,14,12,9,0,6,3,8,0,52,0,0,8,16,0,2,0,10.666666666666666,7.59375,1.875,6.75,5.0625,0.0,1.3333333333333333,0.0,Relief,1,No,No,Player Team Season
605154,John Brebbia,116,Detroit Tigers,116,Detroit Tigers,2025,1,Pitcher,19,0,11,0,0,1,0,0,0,2,0,18.2,22,18,16,3,11,0,20,3,93,2,0,13,23,1,6,3,18.666666666666668,7.7142857142857135,1.7678571428571428,9.642857142857142,5.303571428571428,1.4464285714285714,1.8181818181818181,0.0,Relief,2,Yes,Yes,Player Team Season
804636,Jonah Tong,121,New York Mets,121,New York Mets,2025,1,Pitcher,5,5,0,0,0,2,3,0,0,0,0,18.2,24,20,16,3,9,0,22,0,87,3,0,12,20,1,0,0,18.666666666666668,7.7142857142857135,1.7678571428571428,10.607142857142856,4.339285714285714,1.4464285714285714,2.4444444444444446,1.0,Starter,1,No,No,Player Team Season
663362,Matt Waldron,135,San Diego Padres,135,San Diego Padres,2025,1,Pitcher,1,1,0,0,0,0,1,0,0,0,0,4.2,6,4,4,1,6,0,3,0,25,3,0,5,5,0,0,0,4.666666666666667,7.7142857142857135,2.571428571428571,5.785714285714286,11.571428571428571,1.9285714285714284,0.5,1.0,Starter,1,No,No,Player Team Season
605154,John Brebbia,144,Atlanta Braves,144,Atlanta Braves,2025,1,Pitcher,3,0,2,0,0,0,1,0,0,0,0,4.2,6,5,4,2,1,0,6,1,22,0,0,2,6,0,1,0,4.666666666666667,7.7142857142857135,1.5,11.571428571428571,1.9285714285714284,3.8571428571428568,6.0,0.0,Relief,2,Yes,Yes,Player Team Season
592426,Luke Jackson,116,Detroit Tigers,116,Detroit Tigers,2025,1,Pitcher,3,0,2,0,0,0,0,0,0,0,0,4.2,3,4,4,0,5,0,4,0,22,0,0,5,5,1,0,0,4.666666666666667,7.7142857142857135,1.7142857142857142,7.7142857142857135,9.642857142857142,0.0,0.8,0.0,Relief,2,Yes,Yes,Player Team Season
664353,José Urquidy,116,Detroit Tigers,116,Detroit Tigers,2025,1,Pitcher,2,0,0,0,0,0,0,0,0,1,0,2.1,4,2,2,0,3,0,3,0,14,0,0,1,3,0,0,0,2.3333333333333335,7.7142857142857135,3.0,11.571428571428571,11.571428571428571,0.0,1.0,0.0,Relief,1,No,No,Player Team Season
681676,Ryan Fernandez,138,St. Louis Cardinals,138,St. Louis Cardinals,2025,1,Pitcher,32,0,13,0,0,0,4,1,2,4,1,30.1,36,30,26,6,16,2,34,1,140,0,0,25,28,3,8,4,30.333333333333332,7.714285714285714,1.7142857142857144,10.087912087912088,4.747252747252747,1.7802197802197803,2.125,0.0,Relief,1,No,No,Player Team Season
592351,Jon Gray,140,Texas Rangers,140,Texas Rangers,2025,1,Pitcher,6,0,0,0,0,1,1,0,2,0,2,14.0,15,12,12,5,6,0,12,0,63,0,0,5,25,0,3,1,14.0,7.714285714285714,1.5,7.714285714285714,3.857142857142857,3.2142857142857144,2.0,0.0,Relief,1,No,No,Player Team Season
622379,Luis F. Castillo,136,Seattle Mariners,136,Seattle Mariners,2025,1,Pitcher,2,2,0,0,0,0,0,0,0,0,0,7.0,12,7,6,0,7,0,5,0,41,0,0,9,8,1,0,0,7.0,7.714285714285714,2.7142857142857144,6.428571428571429,9.0,0.0,0.7142857142857143,1.0,Starter,1,No,No,Player Team Season
663546,Sean Hjelle,137,San Francisco Giants,137,San Francisco Giants,2025,1,Pitcher,12,1,2,0,0,1,1,0,0,0,0,15.0,21,13,13,2,9,2,11,0,73,0,0,18,14,1,3,0,15.0,7.8,2.0,6.6,5.4,1.2,1.2222222222222223,0.08333333333333333,Swing,1,No,No,Player Team Season
682171,Penn Murfee,145,Chicago White Sox,145,Chicago White Sox,2025,1,Pitcher,15,0,4,0,0,0,1,0,1,2,1,12.2,19,11,11,3,5,0,13,1,63,0,0,10,15,0,8,4,12.666666666666666,7.815789473684211,1.8947368421052633,9.236842105263158,3.5526315789473686,2.1315789473684212,2.6,0.0,Relief,1,No,No,Player Team Season
688297,Chris Roycroft,138,St. Louis Cardinals,138,St. Louis Cardinals,2025,1,Pitcher,20,0,10,0,0,1,3,0,1,2,1,20.2,26,21,18,2,12,1,15,1,101,3,0,25,22,0,12,8,20.666666666666668,7.838709677419354,1.8387096774193548,6.532258064516129,5.225806451612903,0.8709677419354839,1.25,0.0,Relief,1,No,No,Player Team Season
628317,Kenta Maeda,116,Detroit Tigers,116,Detroit Tigers,2025,1,Pitcher,7,0,5,0,0,0,0,0,0,0,0,8.0,9,8,7,1,6,0,8,3,43,2,0,8,8,0,1,0,8.0,7.875,1.875,9.0,6.75,1.125,1.3333333333333333,0.0,Relief,1,No,No,Player Team Season
691951,Sam Aldegheri,108,Los Angeles Angels,108,Los Angeles Angels,2025,1,Pitcher,4,2,0,0,0,0,2,0,1,0,1,13.2,20,14,12,3,10,0,12,4,73,1,0,13,14,2,0,0,13.666666666666666,7.902439024390244,2.1951219512195124,7.902439024390244,6.585365853658537,1.975609756097561,1.2,0.5,Swing,1,No,No,Player Team Season
605182,Mike Clevinger,145,Chicago White Sox,145,Chicago White Sox,2025,1,Pitcher,8,0,3,0,0,0,2,0,0,2,0,5.2,5,5,5,0,8,0,3,0,31,1,0,7,8,0,2,0,5.666666666666667,7.941176470588235,2.2941176470588234,4.764705882352941,12.705882352941176,0.0,0.375,0.0,Relief,1,No,No,Player Team Season
608717,Chris Stratton,118,Kansas City Royals,118,Kansas City Royals,2025,1,Pitcher,12,0,7,0,0,0,0,0,0,0,0,17.0,29,17,15,2,8,0,16,0,87,0,0,19,15,1,0,0,17.0,7.9411764705882355,2.176470588235294,8.470588235294118,4.235294117647059,1.0588235294117647,2.0,0.0,Relief,2,Yes,Yes,Player Team Season
650893,Génesis Cabrera,142,Minnesota Twins,142,Minnesota Twins,2025,1,Pitcher,16,0,5,0,0,0,1,1,2,1,1,14.2,17,14,13,5,11,1,13,1,70,3,1,13,15,1,7,2,14.666666666666666,7.9772727272727275,1.9090909090909092,7.9772727272727275,6.75,3.0681818181818183,1.1818181818181819,0.0,Relief,4,Yes,Yes,Player Team Season
656557,Tanner Houck,111,Boston Red Sox,111,Boston Red Sox,2025,1,Pitcher,9,9,0,0,0,0,3,0,0,0,0,43.2,57,41,39,10,17,0,32,5,203,2,0,54,38,5,0,0,43.666666666666664,8.038167938931299,1.6946564885496185,6.595419847328245,3.50381679389313,2.0610687022900764,1.8823529411764706,1.0,Starter,1,No,No,Player Team Season
694363,Jared Shuster,145,Chicago White Sox,145,Chicago White Sox,2025,1,Pitcher,12,2,4,0,0,0,0,0,0,0,0,15.2,27,15,14,0,5,2,12,2,82,1,0,18,18,1,5,1,15.666666666666666,8.042553191489363,2.042553191489362,6.893617021276596,2.872340425531915,0.0,2.4,0.16666666666666666,Swing,1,No,No,Player Team Season
607200,Erick Fedde,144,Atlanta Braves,144,Atlanta Braves,2025,1,Pitcher,5,4,0,0,0,1,2,0,0,0,0,23.1,30,21,21,3,13,0,13,1,111,0,0,28,26,3,1,1,23.333333333333332,8.1,1.842857142857143,5.014285714285714,5.014285714285714,1.1571428571428573,1.0,0.8,Swing,3,Yes,Yes,Player Team Season
676742,Cam Sanders,134,Pittsburgh Pirates,134,Pittsburgh Pirates,2025,1,Pitcher,6,0,2,0,0,0,0,0,0,0,0,6.2,9,6,6,2,5,0,4,0,34,0,0,4,12,0,3,3,6.666666666666667,8.1,2.1,5.3999999999999995,6.75,2.6999999999999997,0.8,0.0,Relief,1,No,No,Player Team Season
686228,Juan Burgos,109,Arizona Diamondbacks,109,Arizona Diamondbacks,2025,1,Pitcher,9,0,0,0,0,1,1,0,1,3,1,6.2,10,7,6,2,6,1,6,0,35,0,0,8,5,2,6,2,6.666666666666667,8.1,2.4,8.1,8.1,2.6999999999999997,1.0,0.0,Relief,2,Yes,Yes,Player Team Season
666659,Sauryn Lao,136,Seattle Mariners,136,Seattle Mariners,2025,1,Pitcher,2,0,2,0,0,0,0,0,0,0,0,3.1,6,4,3,1,1,0,4,0,17,0,0,2,4,0,1,0,3.3333333333333335,8.1,2.1,10.799999999999999,2.6999999999999997,2.6999999999999997,4.0,0.0,Relief,2,Yes,Yes,Player Team Season
656257,Jeff Brigham,109,Arizona Diamondbacks,109,Arizona Diamondbacks,2025,1,Pitcher,4,0,1,0,0,0,0,0,0,0,0,3.1,7,3,3,1,1,0,3,0,18,0,0,3,4,0,4,2,3.3333333333333335,8.1,2.4,8.1,2.6999999999999997,2.6999999999999997,3.0,0.0,Relief,1,No,No,Player Team Season
614179,José Ruiz,143,Philadelphia Phillies,143,Philadelphia Phillies,2025,1,Pitcher,16,0,2,0,0,1,0,0,0,3,0,14.1,21,14,13,3,6,0,12,0,68,0,0,15,14,0,12,4,14.333333333333334,8.162790697674419,1.8837209302325582,7.534883720930233,3.7674418604651163,1.8837209302325582,2.0,0.0,Relief,2,Yes,Yes,Player Team Season
682610,Roddery Muñoz,138,St. Louis Cardinals,138,St. Louis Cardinals,2025,1,Pitcher,9,0,6,0,0,0,0,0,0,0,0,11.0,9,10,10,4,9,0,14,0,51,1,0,7,12,0,5,2,11.0,8.181818181818182,1.6363636363636365,11.454545454545455,7.363636363636363,3.272727272727273,1.5555555555555556,0.0,Relief,1,No,No,Player Team Season
663855,Jordan Hicks,111,Boston Red Sox,111,Boston Red Sox,2025,1,Pitcher,21,0,8,0,0,1,2,2,3,1,1,18.2,25,20,17,3,12,1,15,4,97,6,0,26,14,2,4,0,18.666666666666668,8.196428571428571,1.982142857142857,7.232142857142857,5.785714285714286,1.4464285714285714,1.25,0.0,Relief,2,Yes,Yes,Player Team Season
605447,Jordan Romano,143,Philadelphia Phillies,143,Philadelphia Phillies,2025,1,Pitcher,49,0,14,0,0,2,4,8,11,7,3,42.2,45,40,39,10,17,1,47,3,187,0,1,32,43,2,9,2,42.666666666666664,8.2265625,1.453125,9.9140625,3.5859375,2.109375,2.764705882352941,0.0,Relief,1,No,No,Player Team Season
672335,Cionel Pérez,110,Baltimore Orioles,110,Baltimore Orioles,2025,1,Pitcher,19,0,6,0,0,0,0,0,0,0,0,21.2,28,22,20,3,18,1,21,2,110,1,1,29,12,5,9,3,21.666666666666668,8.307692307692307,2.123076923076923,8.723076923076922,7.476923076923076,1.2461538461538462,1.1666666666666667,0.0,Relief,1,No,No,Player Team Season
666277,George Soriano,146,Miami Marlins,146,Miami Marlins,2025,1,Pitcher,24,0,12,0,0,2,0,1,1,0,0,36.2,46,36,34,10,19,1,36,2,173,3,1,37,32,2,9,2,36.666666666666664,8.345454545454546,1.772727272727273,8.836363636363638,4.663636363636364,2.4545454545454546,1.894736842105263,0.0,Relief,1,No,No,Player Team Season
690953,Mick Abel,142,Minnesota Twins,142,Minnesota Twins,2025,1,Pitcher,4,2,1,0,0,1,2,0,1,0,1,14.0,18,14,13,1,7,0,18,0,66,0,0,12,11,2,0,0,14.0,8.357142857142858,1.7857142857142858,11.571428571428571,4.5,0.6428571428571429,2.5714285714285716,0.5,Swing,2,Yes,Yes,Player Team Season
674285,Eduardo Salazar,120,Washington Nationals,120,Washington Nationals,2025,1,Pitcher,30,0,9,0,0,0,1,0,1,2,1,29.0,47,29,27,7,16,0,23,1,150,3,1,39,24,4,13,10,29.0,8.379310344827585,2.1724137931034484,7.137931034482759,4.9655172413793105,2.1724137931034484,1.4375,0.0,Relief,1,No,No,Player Team Season
664123,Scott Effross,147,New York Yankees,147,New York Yankees,2025,1,Pitcher,11,0,5,0,0,0,0,0,0,0,0,10.2,16,10,10,1,3,1,6,0,51,1,0,16,10,0,1,1,10.666666666666666,8.4375,1.78125,5.0625,2.53125,0.84375,2.0,0.0,Relief,1,No,No,Player Team Season
681751,Lazaro Estrada,141,Toronto Blue Jays,141,Toronto Blue Jays,2025,1,Pitcher,2,0,0,0,0,0,0,0,1,0,1,7.1,10,7,7,2,1,0,10,2,35,0,0,6,6,0,1,0,7.333333333333333,8.590909090909092,1.5,12.272727272727273,1.2272727272727273,2.4545454545454546,10.0,0.0,Relief,1,No,No,Player Team Season
672710,Roansy Contreras,115,Colorado Rockies,115,Colorado Rockies,2025,1,Pitcher,4,0,1,0,0,0,0,0,0,0,0,8.1,9,8,8,3,1,0,4,0,34,0,0,7,13,1,3,0,8.333333333333334,8.639999999999999,1.2,4.319999999999999,1.0799999999999998,3.2399999999999998,4.0,0.0,Relief,2,Yes,Yes,Player Team Season
687362,Connor Gillispie,146,Miami Marlins,146,Miami Marlins,2025,1,Pitcher,6,6,0,0,0,0,3,0,0,0,0,26.0,32,26,25,6,11,0,23,1,123,1,0,25,31,0,0,0,26.0,8.653846153846153,1.6538461538461537,7.961538461538462,3.8076923076923075,2.076923076923077,2.090909090909091,1.0,Starter,1,No,No,Player Team Season
660730,Elvin Rodríguez,158,Milwaukee Brewers,158,Milwaukee Brewers,2025,1,Pitcher,6,2,3,0,0,0,2,0,0,0,0,18.2,23,18,18,7,7,0,17,1,84,0,0,7,29,1,1,1,18.666666666666668,8.678571428571429,1.607142857142857,8.196428571428571,3.375,3.375,2.4285714285714284,0.3333333333333333,Swing,2,Yes,Yes,Player Team Season
642216,Allan Winans,147,New York Yankees,147,New York Yankees,2025,1,Pitcher,3,1,2,0,0,0,1,0,0,0,0,9.1,13,11,9,2,3,0,6,2,46,0,0,10,12,1,0,0,9.333333333333334,8.678571428571429,1.7142857142857142,5.785714285714286,2.892857142857143,1.9285714285714284,2.0,0.3333333333333333,Swing,1,No,No,Player Team Season
650893,Génesis Cabrera,112,Chicago Cubs,112,Chicago Cubs,2025,1,Pitcher,9,0,3,0,0,0,0,0,0,1,0,9.1,10,9,9,4,3,0,8,0,39,0,0,8,10,1,2,0,9.333333333333334,8.678571428571429,1.3928571428571428,7.7142857142857135,2.892857142857143,3.8571428571428568,2.6666666666666665,0.0,Relief,4,Yes,Yes,Player Team Season
691251,Andry Lara,120,Washington Nationals,120,Washington Nationals,2025,1,Pitcher,9,0,6,0,0,0,0,0,0,0,0,14.1,27,15,14,2,8,0,10,1,78,0,0,20,12,1,2,1,14.333333333333334,8.790697674418604,2.441860465116279,6.27906976744186,5.023255813953488,1.255813953488372,1.25,0.0,Relief,1,No,No,Player Team Season
680735,Austin Cox,144,Atlanta Braves,144,Atlanta Braves,2025,1,Pitcher,13,1,4,0,0,0,0,0,0,2,0,21.1,30,21,21,9,7,0,22,0,102,2,0,21,22,0,5,4,21.333333333333332,8.859375,1.734375,9.28125,2.953125,3.796875,3.142857142857143,0.07692307692307693,Swing,1,No,No,Player Team Season
660896,Jorge Alcala,142,Minnesota Twins,142,Minnesota Twins,2025,1,Pitcher,22,0,8,0,0,0,2,0,1,1,1,24.1,29,25,24,5,15,0,28,1,114,3,0,16,25,2,3,1,24.333333333333332,8.876712328767123,1.808219178082192,10.356164383561644,5.5479452054794525,1.8493150684931507,1.8666666666666667,0.0,Relief,3,Yes,Yes,Player Team Season
687223,Carson Palmquist,115,Colorado Rockies,115,Colorado Rockies,2025,1,Pitcher,9,7,0,0,0,0,4,0,0,0,0,34.1,45,35,34,10,25,0,27,3,175,1,0,25,50,0,2,2,34.333333333333336,8.9126213592233,2.0388349514563107,7.07766990291262,6.5533980582524265,2.6213592233009706,1.08,0.7777777777777778,Swing,1,No,No,Player Team Season
694350,Zach Brzykcy,120,Washington Nationals,120,Washington Nationals,2025,1,Pitcher,26,0,11,0,0,0,1,0,1,0,1,23.0,28,23,23,6,12,0,24,2,110,2,0,14,30,1,13,2,23.0,9.0,1.7391304347826086,9.391304347826088,4.695652173913044,2.347826086956522,2.0,0.0,Relief,1,No,No,Player Team Season
694918,Blade Tidwell,121,New York Mets,121,New York Mets,2025,1,Pitcher,4,2,1,0,0,1,1,0,0,0,0,15.0,23,15,15,4,10,0,10,1,78,0,0,15,19,1,1,0,15.0,9.0,2.2,6.0,6.0,2.4,1.0,0.5,Swing,1,No,No,Player Team Season
605463,Tayler Scott,109,Arizona Diamondbacks,109,Arizona Diamondbacks,2025,1,Pitcher,6,0,3,0,0,0,0,0,0,1,0,9.0,13,9,9,3,4,0,7,0,44,0,0,10,10,0,3,0,9.0,9.0,1.8888888888888888,7.0,4.0,3.0,1.75,0.0,Relief,2,Yes,Yes,Player Team Season
674384,Eduarniel Núñez,133,Athletics,133,Athletics,2025,1,Pitcher,6,0,1,0,0,1,0,0,0,0,0,8.0,9,8,8,1,7,0,9,2,39,1,0,2,10,1,7,2,8.0,9.0,2.0,10.125,7.875,1.125,1.2857142857142858,0.0,Relief,2,Yes,Yes,Player Team Season
642520,Gerson Garabito,140,Texas Rangers,140,Texas Rangers,2025,1,Pitcher,3,0,1,0,0,0,0,0,0,1,0,8.0,15,12,8,1,1,0,8,2,41,0,0,9,6,2,2,0,8.0,9.0,2.0,9.0,1.125,1.125,8.0,0.0,Relief,1,No,No,Player Team Season
606930,Jacob Barnes,141,Toronto Blue Jays,141,Toronto Blue Jays,2025,1,Pitcher,6,0,2,0,0,0,1,0,0,0,0,8.0,10,9,8,1,3,0,5,0,36,0,0,7,11,1,4,1,8.0,9.0,1.625,5.625,3.375,1.125,1.6666666666666667,0.0,Relief,1,No,No,Player Team Season
445926,Jesse Chavez,144,Atlanta Braves,144,Atlanta Braves,2025,1,Pitcher,4,0,0,0,0,0,1,0,0,0,0,8.0,14,8,8,4,5,0,8,0,43,0,0,5,11,0,3,3,8.0,9.0,2.375,9.0,5.625,4.5,1.6,0.0,Relief,1,No,No,Player Team Season
641482,Nestor Cortes,158,Milwaukee Brewers,158,Milwaukee Brewers,2025,1,Pitcher,2,2,0,0,0,1,1,0,0,0,0,8.0,7,8,8,5,7,0,8,0,38,0,0,6,10,0,0,0,8.0,9.0,1.75,9.0,7.875,5.625,1.1428571428571428,1.0,Starter,2,Yes,Yes,Player Team Season
669391,Owen White,145,Chicago White Sox,145,Chicago White Sox,2025,1,Pitcher,3,0,1,0,0,0,0,0,0,0,0,7.0,14,7,7,1,3,0,6,0,35,0,0,7,5,1,1,0,7.0,9.0,2.4285714285714284,7.714285714285714,3.857142857142857,1.2857142857142858,2.0,0.0,Relief,1,No,No,Player Team Season
680604,Blas Castaño,136,Seattle Mariners,136,Seattle Mariners,2025,1,Pitcher,1,0,1,0,0,0,0,0,0,0,0,3.0,4,3,3,1,2,0,1,1,16,0,0,3,5,0,0,0,3.0,9.0,2.0,3.0,6.0,3.0,0.5,0.0,Relief,1,No,No,Player Team Season
605218,Carl Edwards Jr.,108,Los Angeles Angels,108,Los Angeles Angels,2025,1,Pitcher,2,0,1,0,0,0,0,0,0,0,0,3.0,4,3,3,1,1,0,2,0,13,0,0,3,3,1,3,3,3.0,9.0,1.6666666666666667,6.0,3.0,3.0,2.0,0.0,Relief,2,Yes,Yes,Player Team Season
700270,Yilber Díaz,109,Arizona Diamondbacks,109,Arizona Diamondbacks,2025,1,Pitcher,1,0,1,0,0,0,0,0,0,0,0,3.0,4,3,3,0,3,0,1,0,15,1,0,2,5,1,0,0,3.0,9.0,2.3333333333333335,3.0,9.0,0.0,0.3333333333333333,0.0,Relief,1,No,No,Player Team Season
657053,Touki Toussaint,108,Los Angeles Angels,108,Los Angeles Angels,2025,1,Pitcher,1,0,1,0,0,0,0,0,0,0,0,2.0,4,2,2,0,1,0,3,0,11,0,0,1,2,0,0,0,2.0,9.0,2.5,13.5,4.5,0.0,3.0,0.0,Relief,1,No,No,Player Team Season
656420,J.P. Feyereisen,109,Arizona Diamondbacks,109,Arizona Diamondbacks,2025,1,Pitcher,2,0,2,0,0,0,1,0,0,0,0,2.0,3,3,2,1,0,0,2,0,9,0,0,1,3,0,0,0,2.0,9.0,1.5,9.0,0.0,4.5,,0.0,Relief,2,Yes,Yes,Player Team Season
669459,Kyle Nelson,109,Arizona Diamondbacks,109,Arizona Diamondbacks,2025,1,Pitcher,3,0,1,0,0,0,0,1,1,0,0,2.0,1,2,2,1,4,0,2,0,11,1,0,0,4,0,1,0,2.0,9.0,2.5,9.0,18.0,4.5,0.5,0.0,Relief,1,No,No,Player Team Season
669717,Will Wilson,114,Cleveland Guardians,114,Cleveland Guardians,2025,5,Third Base,1,0,1,0,0,0,0,0,0,0,0,2.0,2,2,2,1,0,0,0,0,8,0,0,1,5,0,0,0,2.0,9.0,1.0,0.0,0.0,4.5,,0.0,Relief,1,No,No,Player Team Season
664129,Geoff Hartlieb,116,Detroit Tigers,116,Detroit Tigers,2025,1,Pitcher,2,0,1,0,0,0,0,0,0,0,0,2.0,3,2,2,1,2,0,1,0,11,0,0,2,3,0,0,0,2.0,9.0,2.5,4.5,9.0,4.5,0.5,0.0,Relief,2,Yes,Yes,Player Team Season
642759,Julian Fernández,119,Los Angeles Dodgers,119,Los Angeles Dodgers,2025,1,Pitcher,1,0,1,0,0,0,0,0,0,0,0,2.0,2,2,2,1,1,0,1,0,9,0,0,4,1,0,0,0,2.0,9.0,1.5,4.5,4.5,4.5,1.0,0.0,Relief,2,Yes,Yes,Player Team Season
676604,Tyler Zuber,121,New York Mets,121,New York Mets,2025,1,Pitcher,1,0,1,0,0,0,0,0,0,0,0,2.0,3,2,2,0,0,0,3,0,9,0,0,1,2,0,0,0,2.0,9.0,1.5,13.5,0.0,0.0,,0.0,Relief,2,Yes,Yes,Player Team Season
642180,Tyler Wade,135,San Diego Padres,135,San Diego Padres,2025,4,Second Base,1,0,1,0,0,0,0,0,0,0,0,1.0,2,1,1,0,1,0,0,0,6,0,0,2,1,0,1,1,1.0,9.0,3.0,0.0,9.0,0.0,0.0,0.0,Relief,1,No,No,Player Team Season
682515,Logan Porter,137,San Francisco Giants,137,San Francisco Giants,2025,2,Catcher,1,0,1,0,0,0,0,0,0,0,0,1.0,2,1,1,1,0,0,0,0,5,0,0,3,0,0,0,0,1.0,9.0,2.0,0.0,0.0,9.0,,0.0,Relief,1,No,No,Player Team Season
673820,Robinson Piña,146,Miami Marlins,146,Miami Marlins,2025,1,Pitcher,1,0,0,0,0,0,0,0,0,0,0,1.0,1,1,1,1,0,0,0,0,4,0,0,2,1,0,0,0,1.0,9.0,1.0,0.0,0.0,9.0,,0.0,Relief,2,Yes,Yes,Player Team Season
624512,Reese McGuire,112,Chicago Cubs,112,Chicago Cubs,2025,2,Catcher,1,0,1,0,0,0,0,0,0,0,0,1.0,2,1,1,1,1,0,0,0,6,0,0,1,2,0,0,0,1.0,9.0,3.0,0.0,9.0,9.0,0.0,0.0,Relief,1,No,No,Player Team Season
571657,Kyle Farmer,115,Colorado Rockies,115,Colorado Rockies,2025,10,Designated Hitter,1,0,1,0,0,0,0,0,0,0,0,1.0,3,1,1,1,0,0,0,0,5,0,0,1,1,1,0,0,1.0,9.0,3.0,0.0,0.0,9.0,,0.0,Relief,1,No,No,Player Team Season
656458,Lucas Gilbreath,115,Colorado Rockies,115,Colorado Rockies,2025,1,Pitcher,1,0,1,0,0,0,0,0,0,0,0,1.0,1,1,1,1,0,0,2,0,4,0,0,0,1,0,0,0,1.0,9.0,1.0,18.0,0.0,9.0,,0.0,Relief,1,No,No,Player Team Season
663878,Nate Pearson,112,Chicago Cubs,112,Chicago Cubs,2025,1,Pitcher,11,0,4,0,0,0,1,0,0,1,0,14.2,22,15,15,2,10,1,7,1,75,1,0,11,24,1,0,0,14.666666666666666,9.204545454545455,2.181818181818182,4.295454545454546,6.136363636363637,1.2272727272727273,0.7,0.0,Relief,1,No,No,Player Team Season
687134,Bradley Blalock,115,Colorado Rockies,115,Colorado Rockies,2025,1,Pitcher,14,12,2,0,0,2,6,0,0,0,0,58.2,85,61,61,17,23,1,27,3,275,2,0,61,76,5,0,0,58.666666666666664,9.357954545454545,1.840909090909091,4.142045454545455,3.5284090909090913,2.6079545454545454,1.173913043478261,0.8571428571428571,Swing,1,No,No,Player Team Season
690382,Michael Darrell-Hicks,108,Los Angeles Angels,108,Los Angeles Angels,2025,1,Pitcher,6,0,2,0,0,1,0,0,0,0,0,7.2,10,8,8,1,4,0,6,1,38,1,0,5,12,1,2,1,7.666666666666667,9.391304347826086,1.826086956521739,7.0434782608695645,4.695652173913043,1.1739130434782608,1.5,0.0,Relief,2,Yes,Yes,Player Team Season
678821,Luis Peralta,115,Colorado Rockies,115,Colorado Rockies,2025,1,Pitcher,22,0,2,0,0,1,3,0,3,1,3,19.0,26,22,20,6,18,0,16,2,101,1,1,12,27,2,10,3,19.0,9.473684210526315,2.3157894736842106,7.578947368421052,8.526315789473685,2.8421052631578947,0.8888888888888888,0.0,Relief,1,No,No,Player Team Season
664948,Anthony Misiewicz,142,Minnesota Twins,142,Minnesota Twins,2025,1,Pitcher,5,0,1,0,0,0,0,0,0,1,0,4.2,5,5,5,2,4,0,5,0,23,2,0,3,6,0,0,0,4.666666666666667,9.642857142857142,1.9285714285714284,9.642857142857142,7.7142857142857135,3.8571428571428568,1.25,0.0,Relief,1,No,No,Player Team Season
687473,Ryan Gusto,146,Miami Marlins,146,Miami Marlins,2025,1,Pitcher,3,3,0,0,0,0,3,0,0,0,0,15.2,19,17,17,4,8,0,10,2,74,0,0,16,19,2,0,0,15.666666666666666,9.76595744680851,1.723404255319149,5.74468085106383,4.595744680851064,2.297872340425532,1.25,1.0,Starter,2,Yes,Yes,Player Team Season
683155,Joey Estes,133,Athletics,133,Athletics,2025,1,Pitcher,3,2,1,0,0,0,2,0,0,0,0,11.0,16,12,12,4,6,0,6,1,55,0,0,7,19,0,0,0,11.0,9.818181818181818,2.0,4.909090909090909,4.909090909090909,3.272727272727273,1.0,0.6666666666666666,Swing,1,No,No,Player Team Season
657756,Connor Seabold,144,Atlanta Braves,144,Atlanta Braves,2025,1,Pitcher,4,0,2,0,0,0,0,0,0,0,0,3.2,5,4,4,1,3,0,5,0,19,1,0,3,3,0,4,3,3.6666666666666665,9.818181818181818,2.181818181818182,12.272727272727273,7.363636363636364,2.4545454545454546,1.6666666666666667,0.0,Relief,2,Yes,Yes,Player Team Season
687287,Patrick Monteverde,146,Miami Marlins,146,Miami Marlins,2025,1,Pitcher,1,0,0,0,0,0,0,0,0,0,0,3.2,9,4,4,0,1,0,4,0,20,0,0,1,5,1,1,0,3.6666666666666665,9.818181818181818,2.7272727272727275,9.818181818181818,2.4545454545454546,0.0,4.0,0.0,Relief,1,No,No,Player Team Season
471911,Carlos Carrasco,144,Atlanta Braves,144,Atlanta Braves,2025,1,Pitcher,3,3,0,0,0,0,0,0,0,0,0,13.2,22,15,15,3,7,0,9,0,70,1,0,13,19,0,0,0,13.666666666666666,9.878048780487806,2.1219512195121952,5.926829268292683,4.609756097560976,1.975609756097561,1.2857142857142858,1.0,Starter,2,Yes,Yes,Player Team Season
672578,Carlos Hernández,116,Detroit Tigers,116,Detroit Tigers,2025,1,Pitcher,11,0,4,0,0,0,0,0,0,0,0,10.2,14,13,12,0,6,0,13,0,53,4,0,11,9,0,6,0,10.666666666666666,10.125,1.875,10.96875,5.0625,0.0,2.1666666666666665,0.0,Relief,3,Yes,Yes,Player Team Season
596271,Casey Lawrence,141,Toronto Blue Jays,141,Toronto Blue Jays,2025,1,Pitcher,1,0,1,0,0,0,0,0,0,0,0,2.2,6,3,3,0,0,0,1,1,15,0,0,4,3,0,0,0,2.6666666666666665,10.125,2.25,3.375,0.0,0.0,,0.0,Relief,2,Yes,Yes,Player Team Season
664747,Alexis Díaz,144,Atlanta Braves,144,Atlanta Braves,2025,1,Pitcher,3,0,1,0,0,0,0,0,0,0,0,2.2,0,4,3,0,5,0,5,1,14,0,0,3,0,0,0,0,2.6666666666666665,10.125,1.875,16.875,16.875,0.0,1.0,0.0,Relief,3,Yes,Yes,Player Team Season
670329,Rico Garcia,147,New York Yankees,147,New York Yankees,2025,1,Pitcher,1,0,0,0,0,0,0,0,0,0,0,2.2,3,3,3,1,2,0,2,0,13,0,0,5,1,0,0,0,2.6666666666666665,10.125,1.875,6.75,6.75,3.375,1.0,0.0,Relief,3,Yes,Yes,Player Team Season
605242,Michael Fulmer,111,Boston Red Sox,111,Boston Red Sox,2025,1,Pitcher,1,0,0,0,0,0,0,0,0,0,0,2.2,4,3,3,1,2,0,2,0,13,0,0,1,4,1,3,3,2.6666666666666665,10.125,2.25,6.75,6.75,3.375,1.0,0.0,Relief,2,Yes,Yes,Player Team Season
476594,Robert Stock,111,Boston Red Sox,111,Boston Red Sox,2025,1,Pitcher,2,0,1,0,0,0,0,0,0,0,0,2.2,4,3,3,1,4,0,1,0,15,0,0,2,4,0,0,0,2.6666666666666665,10.125,3.0,3.375,13.5,3.375,0.25,0.0,Relief,1,No,No,Player Team Season
641312,Shaun Anderson,108,Los Angeles Angels,108,Los Angeles Angels,2025,1,Pitcher,7,0,2,0,0,1,0,0,1,1,1,11.1,20,13,13,6,3,0,11,0,56,0,0,9,13,1,4,2,11.333333333333334,10.323529411764705,2.0294117647058822,8.735294117647058,2.3823529411764706,4.764705882352941,3.6666666666666665,0.0,Relief,1,No,No,Player Team Season
663432,Tanner Rainey,134,Pittsburgh Pirates,134,Pittsburgh Pirates,2025,1,Pitcher,11,0,0,0,0,0,1,0,1,2,1,7.2,7,9,9,0,6,0,9,1,37,0,0,7,7,0,3,2,7.666666666666667,10.565217391304348,1.6956521739130435,10.565217391304348,7.0434782608695645,0.0,1.5,0.0,Relief,2,Yes,Yes,Player Team Season
686747,Joe La Sorsa,113,Cincinnati Reds,113,Cincinnati Reds,2025,1,Pitcher,5,0,2,0,0,0,1,0,0,0,0,6.2,13,9,8,4,2,0,2,0,33,0,0,6,10,2,0,0,6.666666666666667,10.799999999999999,2.25,2.6999999999999997,2.6999999999999997,5.3999999999999995,1.0,0.0,Relief,1,No,No,Player Team Season
641540,Dane Dunning,144,Atlanta Braves,144,Atlanta Braves,2025,1,Pitcher,7,0,2,0,0,0,0,0,0,0,0,10.0,15,13,12,2,2,0,11,2,49,0,0,13,6,0,2,2,10.0,10.8,1.7,9.9,1.8,1.8,5.5,0.0,Relief,2,Yes,Yes,Player Team Season
663474,Triston McKenzie,114,Cleveland Guardians,114,Cleveland Guardians,2025,1,Pitcher,4,0,3,0,0,0,0,0,0,0,0,5.2,7,7,7,1,7,0,4,0,30,3,0,3,9,0,0,0,5.666666666666667,11.117647058823529,2.4705882352941173,6.352941176470588,11.117647058823529,1.588235294117647,0.5714285714285714,0.0,Relief,1,No,No,Player Team Season
621139,Brooks Kriske,142,Minnesota Twins,142,Minnesota Twins,2025,1,Pitcher,12,0,4,0,0,0,1,0,1,0,1,12.0,18,15,15,1,10,0,14,0,64,1,0,13,9,0,6,3,12.0,11.25,2.3333333333333335,10.5,7.5,0.75,1.4,0.0,Relief,2,Yes,Yes,Player Team Season
663559,Bailey Falter,118,Kansas City Royals,118,Kansas City Royals,2025,1,Pitcher,4,2,1,0,0,0,2,0,0,0,0,12.0,20,15,15,2,7,0,11,0,61,1,0,12,11,2,0,0,12.0,11.25,2.25,8.25,5.25,1.5,1.5714285714285714,0.5,Swing,2,Yes,Yes,Player Team Season
678215,Luarbert Arias,146,Miami Marlins,146,Miami Marlins,2025,1,Pitcher,7,0,5,0,0,0,0,0,0,0,0,10.1,17,13,13,2,5,0,10,2,55,1,0,7,14,0,0,0,10.333333333333334,11.32258064516129,2.129032258064516,8.709677419354838,4.354838709677419,1.7419354838709677,2.0,0.0,Relief,1,No,No,Player Team Season
593833,Wander Suero,144,Atlanta Braves,144,Atlanta Braves,2025,1,Pitcher,5,0,2,0,0,0,0,0,0,0,0,6.1,10,8,8,3,4,0,7,0,32,0,1,4,7,0,2,1,6.333333333333333,11.368421052631579,2.210526315789474,9.947368421052632,5.684210526315789,4.2631578947368425,1.75,0.0,Relief,1,No,No,Player Team Season
620454,José Castillo,109,Arizona Diamondbacks,109,Arizona Diamondbacks,2025,1,Pitcher,5,0,2,0,0,0,1,0,1,0,1,6.1,10,8,8,3,3,0,3,0,31,0,3,9,6,1,2,0,6.333333333333333,11.368421052631579,2.0526315789473686,4.2631578947368425,4.2631578947368425,4.2631578947368425,1.0,0.0,Relief,4,Yes,Yes,Player Team Season
621363,Colin Poche,120,Washington Nationals,120,Washington Nationals,2025,1,Pitcher,13,0,0,0,0,1,2,0,0,0,0,8.2,10,12,11,1,12,0,10,0,46,1,0,3,11,1,12,8,8.666666666666666,11.423076923076923,2.5384615384615388,10.384615384615385,12.461538461538462,1.0384615384615385,0.8333333333333334,0.0,Relief,2,Yes,Yes,Player Team Season
666120,Ian Anderson,108,Los Angeles Angels,108,Los Angeles Angels,2025,1,Pitcher,7,0,4,0,0,0,1,0,1,1,1,9.1,17,13,12,2,7,1,8,0,51,2,0,9,10,0,0,0,9.333333333333334,11.571428571428571,2.571428571428571,7.7142857142857135,6.75,1.9285714285714284,1.1428571428571428,0.0,Relief,1,No,No,Player Team Season
676604,Tyler Zuber,146,Miami Marlins,146,Miami Marlins,2025,1,Pitcher,9,0,3,0,0,0,1,0,0,1,0,10.0,14,13,13,3,6,1,11,0,50,0,0,8,11,0,4,0,10.0,11.7,2.0,9.9,5.4,2.7,1.8333333333333333,0.0,Relief,2,Yes,Yes,Player Team Season
666168,Mason Thompson,120,Washington Nationals,120,Washington Nationals,2025,1,Pitcher,14,0,3,0,0,1,1,0,0,0,0,10.2,16,16,14,1,12,2,11,0,60,0,0,9,12,0,1,0,10.666666666666666,11.8125,2.625,9.28125,10.125,0.84375,0.9166666666666666,0.0,Relief,1,No,No,Player Team Season
702795,Ryan Loutos,120,Washington Nationals,120,Washington Nationals,2025,1,Pitcher,10,0,3,0,0,1,0,0,0,0,0,9.0,16,16,12,3,6,0,6,1,52,0,0,12,11,0,3,2,9.0,12.0,2.4444444444444446,6.0,6.0,3.0,1.0,0.0,Relief,2,Yes,Yes,Player Team Season
687424,Anthony Maldonado,133,Athletics,133,Athletics,2025,1,Pitcher,6,0,5,0,0,0,0,0,0,0,0,6.0,10,8,8,3,5,1,7,0,33,1,0,3,8,0,3,1,6.0,12.0,2.5,10.5,7.5,4.5,1.4,0.0,Relief,1,No,No,Player Team Season
664747,Alexis Díaz,113,Cincinnati Reds,113,Cincinnati Reds,2025,1,Pitcher,6,0,2,0,0,0,0,0,0,2,0,6.0,8,8,8,4,5,0,3,2,33,0,0,5,10,0,2,0,6.0,12.0,2.1666666666666665,4.5,7.5,6.0,0.6,0.0,Relief,3,Yes,Yes,Player Team Season
670950,Trevor Richards,118,Kansas City Royals,118,Kansas City Royals,2025,1,Pitcher,3,0,2,0,0,0,0,0,0,0,0,3.0,7,4,4,0,2,0,2,0,18,3,0,4,3,0,0,0,3.0,12.0,3.0,6.0,6.0,0.0,1.0,0.0,Relief,2,Yes,Yes,Player Team Season
700187,Troy Taylor,136,Seattle Mariners,136,Seattle Mariners,2025,1,Pitcher,8,0,4,0,0,0,0,0,0,0,0,6.2,14,9,9,2,3,0,2,1,37,0,0,6,11,1,0,0,6.666666666666667,12.149999999999999,2.55,2.6999999999999997,4.05,2.6999999999999997,0.6666666666666666,0.0,Relief,1,No,No,Player Team Season
669212,Eli Morgan,112,Chicago Cubs,112,Chicago Cubs,2025,1,Pitcher,7,0,2,0,0,0,1,0,1,0,1,7.1,12,10,10,3,3,1,4,0,35,0,0,9,7,1,6,3,7.333333333333333,12.272727272727273,2.0454545454545454,4.909090909090909,3.681818181818182,3.681818181818182,1.3333333333333333,0.0,Relief,1,No,No,Player Team Season
666215,Forrest Whitley,117,Houston Astros,117,Houston Astros,2025,1,Pitcher,5,0,3,0,0,0,0,0,0,0,0,7.1,9,10,10,2,6,0,8,1,39,1,0,7,8,0,3,3,7.333333333333333,12.272727272727273,2.0454545454545454,9.818181818181818,7.363636363636364,2.4545454545454546,1.3333333333333333,0.0,Relief,2,Yes,Yes,Player Team Season
691548,Rolddy Muñoz,144,Atlanta Braves,144,Atlanta Braves,2025,1,Pitcher,3,0,0,0,0,0,0,0,0,0,0,3.2,4,5,5,1,5,0,5,2,21,1,0,4,1,1,1,0,3.6666666666666665,12.272727272727273,2.4545454545454546,12.272727272727273,12.272727272727273,2.4545454545454546,1.0,0.0,Relief,1,No,No,Player Team Season
676272,Bobby Miller,119,Los Angeles Dodgers,119,Los Angeles Dodgers,2025,1,Pitcher,2,1,1,0,0,0,0,0,0,0,0,5.0,11,7,7,2,2,1,7,1,28,0,0,4,3,0,0,0,5.0,12.6,2.6,12.6,3.6,3.6,3.5,0.5,Swing,1,No,No,Player Team Season
500743,Miguel Rojas,119,Los Angeles Dodgers,119,Los Angeles Dodgers,2025,4,Second Base,4,0,4,0,0,0,0,0,0,0,0,5.0,11,7,7,3,2,0,0,1,28,0,0,8,6,1,0,0,5.0,12.6,2.6,0.0,3.6,5.4,0.0,0.0,Relief,1,No,No,Player Team Season
668716,Noah Murdock,133,Athletics,133,Athletics,2025,1,Pitcher,14,0,2,0,0,1,1,0,1,1,1,17.0,26,25,25,0,20,3,21,2,98,0,1,13,16,1,6,1,17.0,13.235294117647058,2.7058823529411766,11.117647058823529,10.588235294117647,0.0,1.05,0.0,Relief,1,No,No,Player Team Season
615698,Cal Quantrill,144,Atlanta Braves,144,Atlanta Braves,2025,1,Pitcher,2,2,0,0,0,0,2,0,0,0,0,8.0,14,12,12,5,5,0,3,0,43,0,0,8,13,0,0,0,8.0,13.5,2.375,3.375,5.625,5.625,0.6,1.0,Starter,2,Yes,Yes,Player Team Season
671305,Michel Otañez,133,Athletics,133,Athletics,2025,1,Pitcher,6,0,1,0,0,0,0,0,0,1,0,5.1,7,8,8,2,5,0,6,1,28,0,0,4,5,1,2,0,5.333333333333333,13.5,2.25,10.125,8.4375,3.375,1.2,0.0,Relief,1,No,No,Player Team Season
647315,Zach Pop,136,Seattle Mariners,136,Seattle Mariners,2025,1,Pitcher,4,0,1,0,0,0,0,0,0,0,0,5.1,10,9,8,3,2,0,3,1,30,0,0,12,2,0,0,0,5.333333333333333,13.5,2.25,5.0625,3.375,5.0625,1.5,0.0,Relief,2,Yes,Yes,Player Team Season
692024,Alex Carrillo,121,New York Mets,121,New York Mets,2025,1,Pitcher,3,0,0,0,0,0,1,0,0,0,0,4.2,6,7,7,4,2,0,4,1,22,1,0,2,7,0,2,0,4.666666666666667,13.5,1.7142857142857142,7.7142857142857135,3.8571428571428568,7.7142857142857135,2.0,0.0,Relief,1,No,No,Player Team Season
680951,Doug Nikhazy,114,Cleveland Guardians,114,Cleveland Guardians,2025,1,Pitcher,2,1,1,0,0,0,1,0,0,0,0,4.0,5,6,6,0,6,0,5,0,23,1,0,2,5,0,0,0,4.0,13.5,2.75,11.25,13.5,0.0,0.8333333333333334,0.5,Swing,1,No,No,Player Team Season
571466,Tucker Barnhart,140,Texas Rangers,140,Texas Rangers,2025,2,Catcher,1,0,1,0,0,0,0,0,0,0,0,2.0,5,3,3,0,0,0,0,1,11,0,0,3,2,1,0,0,2.0,13.5,2.5,0.0,0.0,0.0,,0.0,Relief,1,No,No,Player Team Season
642133,Rowdy Tellez,140,Texas Rangers,140,Texas Rangers,2025,3,First Base,1,0,1,0,0,0,0,0,0,0,0,2.0,5,3,3,1,0,0,0,1,11,0,0,3,2,1,0,0,2.0,13.5,2.5,0.0,0.0,4.5,,0.0,Relief,1,No,No,Player Team Season
660644,Vidal Bruján,144,Atlanta Braves,144,Atlanta Braves,2025,6,Shortstop,2,0,2,0,0,0,0,0,0,0,0,2.0,4,3,3,1,1,0,0,0,11,0,0,1,5,0,2,0,2.0,13.5,2.5,0.0,4.5,4.5,0.0,0.0,Relief,1,No,No,Player Team Season
614179,José Ruiz,144,Atlanta Braves,144,Atlanta Braves,2025,1,Pitcher,2,0,0,0,0,0,0,0,0,0,0,2.0,2,3,3,0,3,0,3,0,11,0,1,0,3,0,5,3,2.0,13.5,2.5,13.5,13.5,0.0,1.0,0.0,Relief,2,Yes,Yes,Player Team Season
665625,Elvis Peguero,145,Chicago White Sox,145,Chicago White Sox,2025,1,Pitcher,2,1,0,0,0,0,0,0,0,0,0,2.0,4,3,3,0,2,0,3,0,11,0,0,1,1,0,2,2,2.0,13.5,3.0,13.5,9.0,0.0,1.5,0.5,Swing,2,Yes,Yes,Player Team Season
675989,Cody Bolton,114,Cleveland Guardians,114,Cleveland Guardians,2025,1,Pitcher,1,0,0,0,0,0,0,0,0,0,0,2.0,4,3,3,0,0,0,1,0,10,0,0,2,3,0,0,0,2.0,13.5,2.0,4.5,0.0,0.0,,0.0,Relief,1,No,No,Player Team Season
663432,Tanner Rainey,116,Detroit Tigers,116,Detroit Tigers,2025,1,Pitcher,2,0,1,0,0,0,0,0,0,0,0,2.0,1,3,3,0,3,0,2,0,10,0,1,2,2,0,0,0,2.0,13.5,2.0,9.0,13.5,0.0,0.6666666666666666,0.0,Relief,2,Yes,Yes,Player Team Season
656420,J.P. Feyereisen,119,Los Angeles Dodgers,119,Los Angeles Dodgers,2025,1,Pitcher,2,0,1,0,0,0,1,0,0,0,0,2.0,8,4,3,1,1,1,2,0,14,0,0,3,0,1,0,0,2.0,13.5,4.5,9.0,4.5,4.5,2.0,0.0,Relief,2,Yes,Yes,Player Team Season
571760,Andrew Heaney,119,Los Angeles Dodgers,119,Los Angeles Dodgers,2025,1,Pitcher,1,0,0,0,0,0,0,0,0,0,0,2.0,4,3,3,1,1,0,2,0,11,0,0,2,2,0,0,0,2.0,13.5,2.5,9.0,4.5,4.5,2.0,0.0,Relief,2,Yes,Yes,Player Team Season
689958,Andrew Walters,114,Cleveland Guardians,114,Cleveland Guardians,2025,1,Pitcher,2,0,0,0,0,0,0,0,0,0,0,1.1,2,2,2,1,0,0,2,0,6,0,0,1,1,0,1,0,1.3333333333333333,13.5,1.5,13.5,0.0,6.75,,0.0,Relief,1,No,No,Player Team Season
800311,Didier Fuentes,144,Atlanta Braves,144,Atlanta Braves,2025,1,Pitcher,4,4,0,0,0,0,3,0,0,0,0,13.0,23,20,20,6,6,0,12,2,69,1,0,7,19,1,0,0,13.0,13.846153846153847,2.230769230769231,8.307692307692308,4.153846153846154,4.153846153846154,2.0,1.0,Starter,1,No,No,Player Team Season
608371,Lucas Sims,120,Washington Nationals,120,Washington Nationals,2025,1,Pitcher,18,0,2,0,0,1,0,0,1,1,1,12.1,14,19,19,2,14,0,13,7,72,3,0,14,10,0,5,3,12.333333333333334,13.864864864864865,2.27027027027027,9.486486486486486,10.216216216216216,1.4594594594594594,0.9285714285714286,0.0,Relief,1,No,No,Player Team Season
685068,Carson Ragsdale,110,Baltimore Orioles,110,Baltimore Orioles,2025,1,Pitcher,2,0,1,0,0,0,0,0,0,0,0,5.0,10,8,8,1,1,0,4,0,25,0,0,3,7,0,0,0,5.0,14.4,2.2,7.2,1.8,1.8,4.0,0.0,Relief,1,No,No,Player Team Season
607179,Jordan Weems,117,Houston Astros,117,Houston Astros,2025,1,Pitcher,4,0,2,0,0,0,1,0,0,0,0,4.1,9,7,7,0,3,0,0,0,23,0,0,4,7,0,0,0,4.333333333333333,14.53846153846154,2.7692307692307696,0.0,6.230769230769231,0.0,0.0,0.0,Relief,1,No,No,Player Team Season
672782,Yoendrys Gómez,119,Los Angeles Dodgers,119,Los Angeles Dodgers,2025,1,Pitcher,3,0,2,0,0,0,0,1,1,0,0,4.1,10,7,7,2,2,0,6,0,25,0,0,4,3,1,0,0,4.333333333333333,14.53846153846154,2.7692307692307696,12.461538461538462,4.153846153846154,4.153846153846154,3.0,0.0,Relief,3,Yes,Yes,Player Team Season
690925,Clayton Beeter,147,New York Yankees,147,New York Yankees,2025,1,Pitcher,2,0,0,0,0,0,1,0,0,0,0,3.2,5,6,6,2,4,0,1,0,20,0,0,3,7,0,0,0,3.6666666666666665,14.727272727272728,2.4545454545454546,2.4545454545454546,9.818181818181818,4.909090909090909,0.25,0.0,Relief,2,Yes,Yes,Player Team Season
681146,Jonah Bride,142,Minnesota Twins,142,Minnesota Twins,2025,5,Third Base,4,0,4,0,0,0,0,0,0,0,0,6.0,14,10,10,1,3,0,2,2,37,0,0,1,15,0,0,0,6.0,15.0,2.8333333333333335,3.0,4.5,1.5,0.6666666666666666,0.0,Relief,1,No,No,Player Team Season
675650,Michael Mercado,143,Philadelphia Phillies,143,Philadelphia Phillies,2025,1,Pitcher,3,0,2,0,0,0,0,0,0,0,0,3.0,7,5,5,1,4,0,4,0,20,0,0,2,3,0,0,0,3.0,15.0,3.6666666666666665,12.0,12.0,3.0,1.0,0.0,Relief,1,No,No,Player Team Season
702795,Ryan Loutos,119,Los Angeles Dodgers,119,Los Angeles Dodgers,2025,1,Pitcher,2,0,2,0,0,0,0,0,0,0,0,3.0,4,5,5,1,2,0,2,1,16,0,0,2,5,0,0,0,3.0,15.0,2.0,6.0,6.0,3.0,1.0,0.0,Relief,2,Yes,Yes,Player Team Season
570632,José Ureña,121,New York Mets,121,New York Mets,2025,1,Pitcher,1,0,1,0,0,0,0,1,1,0,0,3.0,7,5,5,2,1,0,3,0,17,0,0,2,4,0,0,0,3.0,15.0,2.6666666666666665,9.0,3.0,6.0,3.0,0.0,Relief,5,Yes,Yes,Player Team Season
657024,Erik Swanson,141,Toronto Blue Jays,141,Toronto Blue Jays,2025,1,Pitcher,6,0,2,0,0,1,0,0,0,0,0,5.1,8,9,9,2,5,0,3,1,30,1,0,4,9,0,2,2,5.333333333333333,15.1875,2.4375,5.0625,8.4375,3.375,0.6,0.0,Relief,1,No,No,Player Team Season
571771,Enrique Hernández,119,Los Angeles Dodgers,119,Los Angeles Dodgers,2025,5,Third Base,5,0,3,0,0,0,0,0,0,0,0,5.1,11,11,9,1,8,0,1,0,37,1,0,9,8,0,1,0,5.333333333333333,15.1875,3.5625,1.6875,13.5,1.6875,0.125,0.0,Relief,1,No,No,Player Team Season
666215,Forrest Whitley,139,Tampa Bay Rays,139,Tampa Bay Rays,2025,1,Pitcher,5,0,1,0,0,0,0,0,0,0,0,4.2,10,10,8,1,2,0,4,0,27,0,0,3,8,0,3,2,4.666666666666667,15.428571428571427,2.571428571428571,7.7142857142857135,3.8571428571428568,1.9285714285714284,2.0,0.0,Relief,2,Yes,Yes,Player Team Season
802419,Thomas Harrington,134,Pittsburgh Pirates,134,Pittsburgh Pirates,2025,1,Pitcher,3,1,1,0,0,0,1,1,1,0,0,8.2,18,15,15,3,7,0,7,0,50,2,0,8,10,1,0,0,8.666666666666666,15.576923076923078,2.884615384615385,7.26923076923077,7.26923076923077,3.1153846153846154,1.0,0.3333333333333333,Swing,1,No,No,Player Team Season
694646,Chayce McDermott,110,Baltimore Orioles,110,Baltimore Orioles,2025,1,Pitcher,4,1,0,0,0,0,1,0,0,0,0,8.2,12,15,15,3,12,0,9,1,51,2,1,7,10,0,0,0,8.666666666666666,15.576923076923078,2.7692307692307696,9.346153846153847,12.461538461538462,3.1153846153846154,0.75,0.25,Swing,1,No,No,Player Team Season
666214,Joey Wentz,142,Minnesota Twins,142,Minnesota Twins,2025,1,Pitcher,6,0,2,0,0,0,0,0,0,0,0,8.0,17,14,14,3,9,0,6,0,49,2,0,5,12,1,5,4,8.0,15.75,3.25,6.75,10.125,3.375,0.6666666666666666,0.0,Relief,3,Yes,Yes,Player Team Season
573009,Joe Mantiply,109,Arizona Diamondbacks,109,Arizona Diamondbacks,2025,1,Pitcher,10,0,4,0,0,0,1,0,1,0,1,9.2,26,17,17,5,3,1,8,1,58,0,0,13,7,0,2,1,9.666666666666666,15.827586206896553,3.0,7.448275862068966,2.793103448275862,4.655172413793104,2.6666666666666665,0.0,Relief,1,No,No,Player Team Season
663562,Noah Davis,142,Minnesota Twins,142,Minnesota Twins,2025,1,Pitcher,4,0,1,0,0,0,1,0,1,0,1,5.0,12,10,9,4,1,0,7,3,30,1,0,4,3,1,0,0,5.0,16.2,2.6,12.6,1.8,7.2,7.0,0.0,Relief,2,Yes,Yes,Player Team Season
692030,Jose Corniell,140,Texas Rangers,140,Texas Rangers,2025,1,Pitcher,1,0,1,0,0,0,1,0,0,0,0,1.2,3,4,3,1,1,0,1,0,9,0,0,1,3,0,1,0,1.6666666666666665,16.200000000000003,2.4000000000000004,5.4,5.4,5.4,1.0,0.0,Relief,1,No,No,Player Team Season
691594,Javier Sanoja,146,Miami Marlins,146,Miami Marlins,2025,5,Third Base,8,0,8,0,0,0,0,0,0,0,0,9.1,24,17,17,4,5,0,1,0,54,0,0,6,18,2,4,1,9.333333333333334,16.392857142857142,3.1071428571428568,0.9642857142857142,4.821428571428571,3.8571428571428568,0.2,0.0,Relief,1,No,No,Player Team Season
502043,Kyle Gibson,110,Baltimore Orioles,110,Baltimore Orioles,2025,1,Pitcher,4,4,0,0,0,0,3,0,0,0,0,12.1,29,23,23,7,7,0,10,0,73,1,0,16,11,0,0,0,12.333333333333334,16.783783783783782,2.918918918918919,7.297297297297297,5.108108108108108,5.108108108108108,1.4285714285714286,1.0,Starter,1,No,No,Player Team Season
547001,Cody Poteet,110,Baltimore Orioles,110,Baltimore Orioles,2025,1,Pitcher,1,0,0,0,0,0,0,0,0,0,0,2.2,6,5,5,0,2,0,1,0,16,0,0,3,4,0,1,1,2.6666666666666665,16.875,3.0,3.375,6.75,0.0,0.5,0.0,Relief,1,No,No,Player Team Season
669920,Jason Alexander,133,Athletics,133,Athletics,2025,1,Pitcher,4,0,3,0,0,0,0,0,0,0,0,6.0,12,13,12,3,5,0,5,0,35,0,0,7,6,1,3,1,6.0,18.0,2.8333333333333335,7.5,7.5,4.5,1.0,0.0,Relief,2,Yes,Yes,Player Team Season
805427,Drew Sommers,116,Detroit Tigers,116,Detroit Tigers,2025,1,Pitcher,4,0,2,0,0,0,1,0,0,0,0,3.0,7,6,6,1,3,0,3,1,19,0,0,2,3,0,1,1,3.0,18.0,3.3333333333333335,9.0,9.0,3.0,1.0,0.0,Relief,1,No,No,Player Team Season
645305,Ali Sánchez,141,Toronto Blue Jays,141,Toronto Blue Jays,2025,2,Catcher,1,0,1,0,0,0,0,0,0,0,0,1.0,3,2,2,0,0,0,1,0,6,0,0,1,1,0,0,0,1.0,18.0,3.0,9.0,0.0,0.0,,0.0,Relief,1,No,No,Player Team Season
665019,Kody Clemens,142,Minnesota Twins,142,Minnesota Twins,2025,4,Second Base,1,0,1,0,0,0,0,0,0,0,0,1.0,3,2,2,2,0,0,0,0,6,0,0,1,2,0,2,2,1.0,18.0,3.0,0.0,0.0,18.0,,0.0,Relief,1,No,No,Player Team Season
669449,Jake Palisch,145,Chicago White Sox,145,Chicago White Sox,2025,1,Pitcher,1,0,1,0,0,0,0,0,0,0,0,1.0,3,2,2,0,0,0,0,0,6,0,0,1,2,0,0,0,1.0,18.0,3.0,0.0,0.0,0.0,,0.0,Relief,1,No,No,Player Team Season
660730,Elvin Rodríguez,110,Baltimore Orioles,110,Baltimore Orioles,2025,1,Pitcher,1,0,1,0,0,0,0,0,0,0,0,1.0,3,2,2,2,0,0,1,0,6,0,0,1,1,0,0,0,1.0,18.0,3.0,9.0,0.0,18.0,,0.0,Relief,2,Yes,Yes,Player Team Season
647351,Abraham Toro,111,Boston Red Sox,111,Boston Red Sox,2025,3,First Base,1,0,1,0,0,0,0,0,0,0,0,1.0,4,2,2,0,1,0,0,0,8,0,0,1,2,0,0,0,1.0,18.0,5.0,0.0,9.0,0.0,0.0,0.0,Relief,1,No,No,Player Team Season
641672,Thomas Hatch,118,Kansas City Royals,118,Kansas City Royals,2025,1,Pitcher,1,0,1,0,0,0,0,0,0,0,0,1.0,2,2,2,1,0,0,1,0,5,0,0,1,1,0,0,0,1.0,18.0,2.0,9.0,0.0,9.0,,0.0,Relief,2,Yes,Yes,Player Team Season
608671,Travis Jankowski,121,New York Mets,121,New York Mets,2025,8,Outfielder,1,0,1,0,0,0,0,0,0,0,0,1.0,2,2,2,0,1,0,0,1,6,0,0,1,1,1,0,0,1.0,18.0,3.0,0.0,9.0,0.0,0.0,0.0,Relief,1,No,No,Player Team Season
695534,Chase Petty,113,Cincinnati Reds,113,Cincinnati Reds,2025,1,Pitcher,3,2,1,0,0,0,3,0,0,0,0,6.0,14,14,13,3,8,0,7,1,40,0,0,3,7,1,0,0,6.0,19.5,3.6666666666666665,10.5,12.0,4.5,0.875,0.6666666666666666,Swing,1,No,No,Player Team Season
663562,Noah Davis,119,Los Angeles Dodgers,119,Los Angeles Dodgers,2025,1,Pitcher,5,0,2,0,0,0,1,0,1,0,1,6.0,10,14,13,3,5,0,8,4,35,0,0,5,3,1,2,0,6.0,19.5,2.5,12.0,7.5,4.5,1.6,0.0,Relief,2,Yes,Yes,Player Team Season
671162,Connor Thomas,158,Milwaukee Brewers,158,Milwaukee Brewers,2025,1,Pitcher,2,0,0,0,0,0,0,0,0,0,0,5.1,12,12,12,3,2,0,5,1,31,0,0,6,5,1,1,1,5.333333333333333,20.25,2.625,8.4375,3.375,5.0625,2.5,0.0,Relief,1,No,No,Player Team Season
647315,Zach Pop,121,New York Mets,121,New York Mets,2025,1,Pitcher,1,0,0,0,0,0,1,0,0,0,0,1.1,5,3,3,1,0,0,0,0,9,0,0,3,1,0,0,0,1.3333333333333333,20.25,3.75,0.0,0.0,6.75,,0.0,Relief,2,Yes,Yes,Player Team Season
640902,Jhonny Pereda,133,Athletics,133,Athletics,2025,2,Catcher,3,0,3,0,0,0,0,0,0,0,0,3.0,9,7,7,1,2,0,3,0,20,0,0,3,3,0,0,0,3.0,21.0,3.6666666666666665,9.0,6.0,3.0,1.5,0.0,Relief,1,No,No,Player Team Season
663992,Richard Lovelady,141,Toronto Blue Jays,141,Toronto Blue Jays,2025,1,Pitcher,2,0,0,0,0,0,1,0,0,0,0,1.2,2,4,4,0,2,0,3,3,12,0,0,0,2,0,0,0,1.6666666666666665,21.6,2.4000000000000004,16.200000000000003,10.8,0.0,1.5,0.0,Relief,2,Yes,Yes,Player Team Season
676702,Hunter Stratton,134,Pittsburgh Pirates,134,Pittsburgh Pirates,2025,1,Pitcher,3,0,1,0,0,0,0,0,0,0,0,2.2,10,7,7,1,2,0,1,1,21,0,0,3,4,0,1,1,2.6666666666666665,23.625,4.5,3.375,6.75,3.375,0.5,0.0,Relief,2,Yes,Yes,Player Team Season
656234,Jake Bird,147,New York Yankees,147,New York Yankees,2025,1,Pitcher,3,0,1,0,0,0,1,0,0,0,0,2.0,4,7,6,2,2,1,4,0,12,0,0,2,0,0,0,0,2.0,27.0,3.0,18.0,9.0,9.0,2.0,0.0,Relief,2,Yes,Yes,Player Team Season
677961,Cole Wilcox,139,Tampa Bay Rays,139,Tampa Bay Rays,2025,1,Pitcher,1,0,0,0,0,0,0,0,0,0,0,1.0,4,7,3,0,3,0,1,0,12,0,0,2,2,0,0,0,1.0,27.0,7.0,9.0,27.0,0.0,0.3333333333333333,0.0,Relief,1,No,No,Player Team Season
676510,Nolan Hoffman,143,Philadelphia Phillies,143,Philadelphia Phillies,2025,1,Pitcher,1,0,1,0,0,0,0,0,0,0,0,1.0,3,3,3,0,1,0,2,0,7,1,0,1,0,0,0,0,1.0,27.0,4.0,18.0,9.0,0.0,2.0,0.0,Relief,1,No,No,Player Team Season
686249,Nathan Wiles,144,Atlanta Braves,144,Atlanta Braves,2025,1,Pitcher,1,0,1,0,0,0,0,0,0,0,0,1.0,4,3,3,0,0,0,1,0,7,0,0,0,2,0,0,0,1.0,27.0,4.0,9.0,0.0,0.0,,0.0,Relief,1,No,No,Player Team Season
622569,Pablo Reyes,147,New York Yankees,147,New York Yankees,2025,O,Outfield,1,0,1,0,0,0,0,0,0,0,0,1.0,5,3,3,1,0,0,0,0,8,0,0,1,2,0,0,0,1.0,27.0,5.0,0.0,0.0,9.0,,0.0,Relief,1,No,No,Player Team Season
656577,Alex Jackson,110,Baltimore Orioles,110,Baltimore Orioles,2025,2,Catcher,1,0,1,0,0,0,0,0,0,0,0,1.0,3,3,3,0,2,0,0,0,8,0,0,1,2,0,0,0,1.0,27.0,5.0,0.0,18.0,0.0,0.0,0.0,Relief,1,No,No,Player Team Season
682144,Jayvien Sandridge,147,New York Yankees,147,New York Yankees,2025,1,Pitcher,1,0,0,0,0,0,0,0,0,0,0,0.2,1,2,2,1,2,0,2,1,6,0,0,0,0,0,1,1,0.6666666666666666,27.0,4.5,27.0,27.0,13.5,1.0,0.0,Relief,1,No,No,Player Team Season
702752,Jonathan Pintaro,121,New York Mets,121,New York Mets,2025,1,Pitcher,1,0,0,0,0,0,0,0,0,0,0,0.2,2,2,2,0,2,0,1,0,6,0,0,1,0,0,0,0,0.6666666666666666,27.0,6.0,13.5,27.0,0.0,0.5,0.0,Relief,1,No,No,Player Team Season
621363,Colin Poche,121,New York Mets,121,New York Mets,2025,1,Pitcher,1,0,1,0,0,0,0,0,0,0,0,0.2,2,2,2,0,2,0,1,0,6,0,0,1,0,0,3,3,0.6666666666666666,27.0,6.0,13.5,27.0,0.0,0.5,0.0,Relief,2,Yes,Yes,Player Team Season
672724,Oswald Peraza,108,Los Angeles Angels,108,Los Angeles Angels,2025,4,Second Base,2,0,1,0,0,0,0,0,0,0,0,2.1,9,8,8,1,0,0,0,1,16,0,0,4,2,1,0,0,2.3333333333333335,30.857142857142854,3.8571428571428568,0.0,0.0,3.8571428571428568,,0.0,Relief,1,No,No,Player Team Season
623168,Tyler Heineman,141,Toronto Blue Jays,141,Toronto Blue Jays,2025,2,Catcher,3,0,2,0,0,0,0,0,0,0,0,3.1,15,12,12,1,0,0,0,2,27,0,0,4,6,0,0,0,3.3333333333333335,32.4,4.5,0.0,0.0,2.6999999999999997,,0.0,Relief,1,No,No,Player Team Season
664068,Scott Kingery,108,Los Angeles Angels,108,Los Angeles Angels,2025,6,Shortstop,1,0,1,0,0,0,0,0,0,0,0,2.0,12,8,8,2,0,0,1,0,18,0,0,1,4,0,0,0,2.0,36.0,6.0,4.5,0.0,9.0,,0.0,Relief,1,No,No,Player Team Season
596142,Gary Sánchez,110,Baltimore Orioles,110,Baltimore Orioles,2025,2,Catcher,1,0,1,0,0,0,0,0,0,0,0,1.0,2,4,4,1,1,0,0,1,7,0,0,0,3,0,0,0,1.0,36.0,3.0,0.0,9.0,9.0,0.0,0.0,Relief,1,No,No,Player Team Season
669450,Cooper Hummel,117,Houston Astros,117,Houston Astros,2025,7,Outfielder,1,0,1,0,0,0,0,0,0,0,0,1.0,5,4,4,1,0,0,0,1,9,0,0,1,2,0,0,0,1.0,36.0,5.0,0.0,0.0,9.0,,0.0,Relief,1,No,No,Player Team Season
642708,Amed Rosario,120,Washington Nationals,120,Washington Nationals,2025,5,Third Base,1,0,1,0,0,0,0,0,0,0,0,1.0,5,4,4,1,2,0,0,0,10,0,0,2,1,0,0,0,1.0,36.0,7.0,0.0,18.0,9.0,0.0,0.0,Relief,1,No,No,Player Team Season
664129,Geoff Hartlieb,147,New York Yankees,147,New York Yankees,2025,1,Pitcher,2,0,0,0,0,0,0,0,0,0,0,1.1,5,6,6,1,4,0,4,0,13,0,0,0,0,0,0,0,1.3333333333333333,40.5,6.75,27.0,27.0,6.75,1.0,0.0,Relief,2,Yes,Yes,Player Team Season
593576,Héctor Neris,144,Atlanta Braves,144,Atlanta Braves,2025,1,Pitcher,2,0,1,0,0,0,1,0,1,0,1,1.0,5,5,5,1,1,0,1,0,8,0,0,0,1,0,0,0,1.0,45.0,6.0,9.0,9.0,9.0,1.0,0.0,Relief,3,Yes,Yes,Player Team Season
622761,Jorge Mateo,110,Baltimore Orioles,110,Baltimore Orioles,2025,6,Shortstop,1,0,0,0,0,0,0,0,0,0,0,1.0,5,5,5,1,2,0,0,1,11,0,0,0,3,0,0,0,1.0,45.0,7.0,0.0,18.0,9.0,0.0,0.0,Relief,1,No,No,Player Team Season
620443,Luis Torrens,121,New York Mets,121,New York Mets,2025,2,Catcher,2,0,1,0,0,0,0,0,0,0,0,0.2,5,4,4,2,1,0,0,0,8,0,0,0,2,0,0,0,0.6666666666666666,54.0,9.0,0.0,13.5,27.0,0.0,0.0,Relief,1,No,No,Player Team Season
656896,Emmanuel Rivera,110,Baltimore Orioles,110,Baltimore Orioles,2025,5,Third Base,1,0,1,0,0,0,0,0,0,0,0,1.0,8,8,8,1,2,0,0,0,13,0,0,1,2,0,0,0,1.0,72.0,10.0,0.0,18.0,9.0,0.0,0.0,Relief,1,No,No,Player Team Season
543592,Austin Nola,115,Colorado Rockies,115,Colorado Rockies,2025,2,Catcher,1,0,1,0,0,0,0,0,0,0,0,1.0,8,8,8,2,0,0,0,0,11,0,0,0,3,0,0,0,1.0,72.0,8.0,0.0,0.0,18.0,,0.0,Relief,1,No,No,Player Team Season
679922,Carlos Duran,133,Athletics,133,Athletics,2025,1,Pitcher,1,0,0,0,0,0,0,0,0,0,0,0.1,1,3,3,0,3,0,0,0,5,0,0,0,1,0,0,0,0.3333333333333333,81.0,12.0,0.0,81.0,0.0,0.0,0.0,Relief,1,No,No,Player Team Season
