player_id,player_name,team_id,team_name,source_team_id,source_team_name,season,position_code,position_name,games_played,plate_appearances,at_bats,runs,hits,doubles,triples,home_runs,runs_batted_in,stolen_bases,caught_stealing,base_on_balls,intentional_walks,strikeouts,hit_by_pitch,sacrifice_flies,sacrifice_bunts,ground_into_double_play,total_bases,left_on_base,batting_average,on_base_percentage,slugging_percentage,on_base_plus_slugging,teams_played_for_count,multiple_teams_flag,roster_movement_flag,record_scope
669194,Ryne Nelson,109,Arizona Diamondbacks,109,Arizona Diamondbacks,2025,1,Pitcher,34,1,1,1,1,0,0,0,1,0,0,0,0,0,0,0,0,0,1,0,1.0,1.0,1.0,2.0,1,No,No,Player Team Season
660644,Vidal Bruján,110,Baltimore Orioles,110,Baltimore Orioles,2025,8,Outfielder,1,1,1,0,1,0,0,0,0,0,0,0,0,0,0,0,0,0,1,0,1.0,1.0,1.0,2.0,3,Yes,Yes,Player Team Season
676551,Brewer Hicklen,116,Detroit Tigers,116,Detroit Tigers,2025,8,Outfielder,1,4,3,2,2,0,0,0,0,1,0,1,0,1,0,0,0,0,2,0,0.6666666666666666,0.75,0.6666666666666666,1.4166666666666665,1,No,No,Player Team Season
592450,Aaron Judge,147,New York Yankees,147,New York Yankees,2025,9,Outfielder,152,679,541,137,179,30,2,53,114,12,5,124,36,160,7,7,0,16,372,205,0.33086876155268025,0.4565537555228277,0.6876155268022182,1.1441692823250458,1,No,No,Player Team Season
642851,Austin Wynns,113,Cincinnati Reds,113,Cincinnati Reds,2025,2,Catcher,18,43,40,6,16,3,0,3,11,0,0,3,0,12,0,0,0,1,28,15,0.4,0.4418604651162791,0.7,1.1418604651162791,2,Yes,Yes,Player Team Season
660271,Shohei Ohtani,119,Los Angeles Dodgers,119,Los Angeles Dodgers,2025,10,Designated Hitter,158,727,611,146,172,25,9,55,102,20,6,109,20,187,3,2,0,9,380,188,0.281505728314239,0.3917241379310345,0.6219312602291326,1.013655398160167,1,No,No,Player Team Season
701762,Nick Kurtz,133,Athletics,133,Athletics,2025,3,First Base,117,489,420,90,122,26,2,36,86,2,1,63,3,151,2,3,0,4,260,158,0.2904761904761905,0.3831967213114754,0.6190476190476191,1.0022443403590944,1,No,No,Player Team Season
680716,Jonathan Ornelas,144,Atlanta Braves,144,Atlanta Braves,2025,6,Shortstop,2,4,4,1,2,0,0,0,0,0,0,0,0,0,0,0,0,0,2,2,0.5,0.5,0.5,1.0,2,Yes,Yes,Player Team Season
702358,Trey Lipscomb,120,Washington Nationals,120,Washington Nationals,2025,3,First Base,3,4,4,1,2,0,0,0,0,0,0,0,0,1,0,0,0,0,2,1,0.5,0.5,0.5,1.0,1,No,No,Player Team Season
543807,George Springer,141,Toronto Blue Jays,141,Toronto Blue Jays,2025,10,Designated Hitter,140,586,498,106,154,27,1,32,84,18,1,69,3,111,8,4,0,14,279,183,0.3092369477911647,0.39896373056994816,0.5602409638554217,0.9592046944253698,1,No,No,Player Team Season
663728,Cal Raleigh,136,Seattle Mariners,136,Seattle Mariners,2025,2,Catcher,159,705,596,110,147,24,0,60,125,14,4,97,17,188,9,3,0,6,351,243,0.24664429530201343,0.3588652482269504,0.5889261744966443,0.9477914227235946,1,No,No,Player Team Season
519317,Giancarlo Stanton,147,New York Yankees,147,New York Yankees,2025,10,Designated Hitter,77,281,249,36,68,8,0,24,66,0,0,29,3,96,1,1,0,5,148,121,0.27309236947791166,0.35,0.5943775100401606,0.9443775100401606,1,No,No,Player Team Season
609280,Miguel Andujar,113,Cincinnati Reds,113,Cincinnati Reds,2025,10,Designated Hitter,34,110,103,14,37,7,0,4,17,0,0,6,0,19,1,0,0,3,56,43,0.3592233009708738,0.4,0.5436893203883495,0.9436893203883495,2,Yes,Yes,Player Team Season
695600,Carter Jensen,118,Kansas City Royals,118,Kansas City Royals,2025,2,Catcher,20,69,60,12,18,6,0,3,13,0,0,9,0,12,0,0,0,1,33,26,0.3,0.391304347826087,0.55,0.941304347826087,1,No,No,Player Team Season
663330,Jahmai Jones,116,Detroit Tigers,116,Detroit Tigers,2025,10,Designated Hitter,72,150,129,21,37,11,1,7,23,2,0,18,1,32,3,0,0,3,71,42,0.2868217054263566,0.38666666666666666,0.5503875968992248,0.9370542635658914,1,No,No,Player Team Season
660670,Ronald Acuña Jr.,144,Atlanta Braves,144,Atlanta Braves,2025,9,Outfielder,95,412,338,74,98,12,1,21,42,9,1,71,4,102,3,0,0,5,175,127,0.28994082840236685,0.4174757281553398,0.5177514792899408,0.9352272074452805,1,No,No,Player Team Season
656941,Kyle Schwarber,143,Philadelphia Phillies,143,Philadelphia Phillies,2025,10,Designated Hitter,162,724,604,111,145,23,2,56,132,10,2,108,6,197,11,1,0,4,340,284,0.24006622516556292,0.36464088397790057,0.5629139072847682,0.9275547912626687,1,No,No,Player Team Season
665742,Juan Soto,121,New York Mets,121,New York Mets,2025,9,Outfielder,160,715,577,120,152,20,1,43,105,38,4,127,13,137,3,6,1,17,303,248,0.2634315424610052,0.3955119214586255,0.5251299826689775,0.920641904127603,1,No,No,Player Team Season
672012,Tyler Black,158,Milwaukee Brewers,158,Milwaukee Brewers,2025,X,Unknown,5,13,8,1,2,1,0,0,1,0,1,5,0,1,0,0,0,0,3,4,0.25,0.5384615384615384,0.375,0.9134615384615384,1,No,No,Player Team Season
669065,Kyle Stowers,146,Miami Marlins,146,Miami Marlins,2025,7,Outfielder,117,457,399,61,115,21,3,25,73,5,1,48,3,125,5,4,1,6,217,172,0.2882205513784461,0.3684210526315789,0.543859649122807,0.9122807017543859,1,No,No,Player Team Season
640459,Brian Navarreto,146,Miami Marlins,146,Miami Marlins,2025,2,Catcher,8,15,14,3,4,2,0,1,5,0,0,0,0,3,0,1,0,0,9,8,0.2857142857142857,0.26666666666666666,0.6428571428571429,0.9095238095238096,1,No,No,Player Team Season
669257,Will Smith,119,Los Angeles Dodgers,119,Los Angeles Dodgers,2025,2,Catcher,110,436,362,64,107,20,1,17,61,2,3,64,1,89,5,5,0,7,180,147,0.2955801104972376,0.4036697247706422,0.4972375690607735,0.9009072938314158,1,No,No,Player Team Season
606466,Ketel Marte,109,Arizona Diamondbacks,109,Arizona Diamondbacks,2025,4,Second Base,126,556,480,87,136,28,0,28,72,4,2,64,6,83,9,3,0,12,248,203,0.2833333333333333,0.37589928057553956,0.5166666666666667,0.8925659472422063,1,No,No,Player Team Season
682998,Corbin Carroll,109,Arizona Diamondbacks,109,Arizona Diamondbacks,2025,9,Outfielder,143,642,564,107,146,32,17,31,84,32,6,67,4,153,7,4,0,6,305,205,0.25886524822695034,0.3426791277258567,0.5407801418439716,0.8834592695698282,1,No,No,Player Team Season
666018,Jonathan Aranda,139,Tampa Bay Rays,139,Tampa Bay Rays,2025,3,First Base,106,422,370,56,117,22,0,14,59,0,2,41,3,107,8,3,0,9,181,154,0.3162162162162162,0.3933649289099526,0.4891891891891892,0.8825541180991419,1,No,No,Player Team Season
805904,Zach Cole,117,Houston Astros,117,Houston Astros,2025,7,Outfielder,15,52,47,9,12,2,0,4,11,3,0,5,0,20,0,0,0,0,26,16,0.2553191489361702,0.3269230769230769,0.5531914893617021,0.8801145662847791,1,No,No,Player Team Season
694388,Joey Loperfido,141,Toronto Blue Jays,141,Toronto Blue Jays,2025,7,Outfielder,41,104,96,12,32,4,0,4,14,1,2,4,0,27,3,0,1,2,48,34,0.3333333333333333,0.3786407766990291,0.5,0.8786407766990292,1,No,No,Player Team Season
621439,Byron Buxton,142,Minnesota Twins,142,Minnesota Twins,2025,8,Outfielder,126,542,488,97,129,21,7,35,83,24,0,41,5,148,7,6,0,0,269,166,0.26434426229508196,0.32656826568265684,0.5512295081967213,0.8777977738793782,1,No,No,Player Team Season
624413,Pete Alonso,121,New York Mets,121,New York Mets,2025,3,First Base,162,709,624,87,170,41,1,38,126,1,2,61,5,162,15,9,0,23,327,295,0.2724358974358974,0.3469675599435825,0.5240384615384616,0.8710060214820441,1,No,No,Player Team Season
640902,Jhonny Pereda,142,Minnesota Twins,142,Minnesota Twins,2025,2,Catcher,11,32,29,1,10,4,0,0,1,0,0,2,0,8,0,0,1,1,14,14,0.3448275862068966,0.3870967741935484,0.4827586206896552,0.8698553948832035,2,Yes,Yes,Player Team Season
683734,Andrew Vaughn,158,Milwaukee Brewers,158,Milwaukee Brewers,2025,3,First Base,64,254,221,26,68,14,0,9,46,0,0,24,0,37,3,5,1,8,109,118,0.3076923076923077,0.37549407114624506,0.49321266968325794,0.868706740829503,2,Yes,Yes,Player Team Season
518692,Freddie Freeman,119,Los Angeles Dodgers,119,Los Angeles Dodgers,2025,3,First Base,147,627,556,81,164,39,2,24,90,6,2,60,7,128,6,5,0,13,279,220,0.2949640287769784,0.3668261562998405,0.5017985611510791,0.8686247174509196,1,No,No,Player Team Season
694208,Moisés Ballesteros,112,Chicago Cubs,112,Chicago Cubs,2025,10,Designated Hitter,20,66,57,12,17,2,1,2,11,0,0,9,1,12,0,0,0,2,27,27,0.2982456140350877,0.3939393939393939,0.47368421052631576,0.8676236044657097,1,No,No,Player Team Season
683737,Michael Busch,112,Chicago Cubs,112,Chicago Cubs,2025,3,First Base,155,592,524,78,137,25,5,34,90,4,0,56,2,139,10,2,0,2,274,191,0.26145038167938933,0.34290540540540543,0.5229007633587787,0.865806168764184,1,No,No,Player Team Season
666126,Carlos Cortes,133,Athletics,133,Athletics,2025,9,Outfielder,42,99,94,11,29,8,1,4,14,0,0,3,0,20,0,2,0,3,51,25,0.30851063829787234,0.32323232323232326,0.5425531914893617,0.8657855147216849,1,No,No,Player Team Season
608070,José Ramírez,114,Cleveland Guardians,114,Cleveland Guardians,2025,5,Third Base,158,673,593,103,168,34,3,30,85,44,7,66,22,74,8,5,0,9,298,210,0.28330522765598654,0.3601190476190476,0.5025295109612141,0.8626485585802617,1,No,No,Player Team Season
669127,Shea Langeliers,133,Athletics,133,Athletics,2025,2,Catcher,123,523,481,73,133,32,0,31,72,7,1,36,1,103,1,5,0,10,258,206,0.2765072765072765,0.32504780114722753,0.5363825363825364,0.861430337529764,1,No,No,Player Team Season
608369,Corey Seager,140,Texas Rangers,140,Texas Rangers,2025,6,Shortstop,102,445,380,61,103,19,0,21,50,3,0,58,10,87,5,2,0,13,185,152,0.2710526315789474,0.37303370786516854,0.4868421052631579,0.8598758131283264,1,No,No,Player Team Season
701350,Roman Anthony,111,Boston Red Sox,111,Boston Red Sox,2025,9,Outfielder,71,303,257,48,75,18,1,8,32,4,1,40,0,84,5,1,0,2,119,105,0.2918287937743191,0.39603960396039606,0.46303501945525294,0.859074623415649,1,No,No,Player Team Season
542963,Rob Brantly,146,Miami Marlins,146,Miami Marlins,2025,2,Catcher,3,7,7,0,3,0,0,0,1,0,0,0,0,1,0,0,0,0,3,3,0.42857142857142855,0.42857142857142855,0.42857142857142855,0.8571428571428571,1,No,No,Player Team Season
677951,Bobby Witt Jr.,118,Kansas City Royals,118,Kansas City Royals,2025,6,Shortstop,157,687,623,99,184,47,6,23,88,38,9,49,8,125,8,7,0,7,312,235,0.2953451043338684,0.3508005822416303,0.5008025682182986,0.8516031504599288,1,No,No,Player Team Season
672695,Geraldo Perdomo,109,Arizona Diamondbacks,109,Arizona Diamondbacks,2025,6,Shortstop,161,720,597,98,173,33,5,20,100,27,6,94,1,83,10,11,8,11,276,214,0.2897822445561139,0.3890449438202247,0.4623115577889447,0.8513565016091694,1,No,No,Player Team Season
688760,Blaine Crim,115,Colorado Rockies,115,Colorado Rockies,2025,3,First Base,15,61,54,9,13,2,0,5,12,0,0,5,0,22,0,2,0,0,30,17,0.24074074074074073,0.29508196721311475,0.5555555555555556,0.8506375227686703,2,Yes,Yes,Player Team Season
621566,Matt Olson,144,Atlanta Braves,144,Atlanta Braves,2025,3,First Base,162,724,624,98,170,41,2,29,95,1,0,91,2,176,4,5,0,14,302,271,0.2724358974358974,0.3660220994475138,0.483974358974359,0.8499964584218728,1,No,No,Player Team Season
680700,Richie Palacios,139,Tampa Bay Rays,139,Tampa Bay Rays,2025,4,Second Base,17,48,42,10,14,2,0,1,3,4,0,5,0,9,0,1,0,3,19,13,0.3333333333333333,0.3958333333333333,0.4523809523809524,0.8482142857142857,1,No,No,Player Team Season
665489,Vladimir Guerrero Jr.,141,Toronto Blue Jays,141,Toronto Blue Jays,2025,3,First Base,156,680,589,96,172,34,0,23,84,6,3,81,8,94,6,4,0,17,275,227,0.2920203735144312,0.38088235294117645,0.466893039049236,0.8477753919904125,1,No,No,Player Team Season
650490,Yandy Díaz,139,Tampa Bay Rays,139,Tampa Bay Rays,2025,10,Designated Hitter,150,651,583,79,175,29,1,25,83,3,1,57,4,92,6,5,0,12,281,209,0.30017152658662094,0.3655913978494624,0.48198970840480276,0.8475811062542651,1,No,No,Player Team Season
571970,Max Muncy,119,Los Angeles Dodgers,119,Los Angeles Dodgers,2025,5,Third Base,100,388,313,48,76,10,2,19,67,4,0,64,2,83,6,5,0,4,147,146,0.24281150159744408,0.37628865979381443,0.4696485623003195,0.8459372220941339,1,No,No,Player Team Season
691406,Junior Caminero,139,Tampa Bay Rays,139,Tampa Bay Rays,2025,5,Third Base,154,653,602,93,159,28,0,45,110,7,1,41,1,125,3,7,0,31,322,268,0.26411960132890366,0.3108728943338438,0.5348837209302325,0.8457566152640763,1,No,No,Player Team Season
695734,Daylen Lile,120,Washington Nationals,120,Washington Nationals,2025,9,Outfielder,91,351,321,51,96,15,11,9,41,8,6,21,0,56,4,3,1,5,160,138,0.29906542056074764,0.3467048710601719,0.4984423676012461,0.845147238661418,1,No,No,Player Team Season
547180,Bryce Harper,143,Philadelphia Phillies,143,Philadelphia Phillies,2025,3,First Base,132,580,501,72,131,32,0,27,75,12,2,70,6,121,6,3,0,5,244,222,0.26147704590818366,0.3568965517241379,0.4870259481037924,0.8439224998279303,1,No,No,Player Team Season
696100,Hunter Goodman,115,Colorado Rockies,115,Colorado Rockies,2025,2,Catcher,144,579,540,73,150,28,5,31,91,1,2,33,0,152,4,2,0,16,281,205,0.2777777777777778,0.3229706390328152,0.5203703703703704,0.8433410094031856,1,No,No,Player Team Season
805300,Jakob Marsee,146,Miami Marlins,146,Miami Marlins,2025,8,Outfielder,55,234,209,28,61,18,3,5,33,14,6,22,0,48,2,1,0,2,100,71,0.291866028708134,0.36324786324786323,0.4784688995215311,0.8417167627693943,1,No,No,Player Team Season
663656,Kyle Tucker,112,Chicago Cubs,112,Chicago Cubs,2025,9,Outfielder,136,597,500,91,133,25,4,22,73,25,3,87,7,88,4,3,1,8,232,180,0.266,0.3771043771043771,0.464,0.8411043771043771,1,No,No,Player Team Season
695657,Colson Montgomery,145,Chicago White Sox,145,Chicago White Sox,2025,6,Shortstop,71,284,255,43,61,9,1,21,55,0,0,25,1,83,2,1,0,3,135,134,0.23921568627450981,0.31095406360424027,0.5294117647058824,0.8403658283101226,1,No,No,Player Team Season
665161,Jeremy Peña,117,Houston Astros,117,Houston Astros,2025,6,Shortstop,125,543,493,68,150,30,2,17,62,20,2,35,2,93,12,2,1,9,235,143,0.30425963488843816,0.3634686346863469,0.4766734279918864,0.8401420626782332,1,No,No,Player Team Season
686527,Dominic Canzone,136,Seattle Mariners,136,Seattle Mariners,2025,9,Outfielder,82,269,243,30,73,11,0,11,32,3,1,20,0,59,3,2,0,6,117,92,0.3004115226337449,0.3582089552238806,0.48148148148148145,0.839690436705362,1,No,No,Player Team Season
666182,Bo Bichette,141,Toronto Blue Jays,141,Toronto Blue Jays,2025,6,Shortstop,139,628,582,78,181,44,1,18,94,4,3,40,2,91,3,3,0,17,281,214,0.31099656357388317,0.35668789808917195,0.48281786941580757,0.8395057675049795,1,No,No,Player Team Season
573262,Mike Yastrzemski,118,Kansas City Royals,118,Kansas City Royals,2025,9,Outfielder,50,186,156,30,37,14,0,9,18,1,0,25,0,22,1,4,0,3,78,60,0.23717948717948717,0.3387096774193548,0.5,0.8387096774193548,1,No,No,Player Team Season
701398,Sal Stewart,113,Cincinnati Reds,113,Cincinnati Reds,2025,3,First Base,18,58,55,11,14,1,0,5,8,0,0,3,0,15,0,0,0,1,30,21,0.2545454545454545,0.29310344827586204,0.5454545454545454,0.8385579937304075,1,No,No,Player Team Season
608701,Rob Refsnyder,111,Boston Red Sox,111,Boston Red Sox,2025,9,Outfielder,70,209,182,29,49,12,0,9,30,3,0,24,1,54,1,2,0,6,88,87,0.2692307692307692,0.35406698564593303,0.4835164835164835,0.8375834691624165,1,No,No,Player Team Season
671056,Iván Herrera,138,St. Louis Cardinals,138,St. Louis Cardinals,2025,10,Designated Hitter,107,452,388,54,110,13,0,19,66,8,2,43,1,84,15,4,0,20,180,160,0.28350515463917525,0.37333333333333335,0.4639175257731959,0.8372508591065293,1,No,No,Player Team Season
700250,Ben Rice,147,New York Yankees,147,New York Yankees,2025,3,First Base,138,530,467,74,119,28,4,26,65,3,2,50,0,100,9,2,0,18,233,208,0.25481798715203424,0.3371212121212121,0.4989293361884368,0.836050548309649,1,No,No,Player Team Season
690984,Petey Halpin,114,Cleveland Guardians,114,Cleveland Guardians,2025,8,Outfielder,6,8,6,5,2,0,0,0,0,0,0,2,0,2,0,0,0,0,2,1,0.3333333333333333,0.5,0.3333333333333333,0.8333333333333333,1,No,No,Player Team Season
662139,Daulton Varsho,141,Toronto Blue Jays,141,Toronto Blue Jays,2025,8,Outfielder,71,271,248,43,59,13,2,20,55,2,0,17,1,77,1,5,0,1,136,123,0.23790322580645162,0.28413284132841327,0.5483870967741935,0.8325199381026067,1,No,No,Player Team Season
647304,Josh Naylor,136,Seattle Mariners,136,Seattle Mariners,2025,3,First Base,54,210,194,32,58,10,0,9,33,19,0,11,0,34,2,1,0,3,95,87,0.29896907216494845,0.34134615384615385,0.4896907216494845,0.8310368754956383,1,No,No,Player Team Season
676609,José Caballero,147,New York Yankees,147,New York Yankees,2025,9,Outfielder,40,95,79,15,21,6,0,3,9,15,3,14,0,18,0,1,1,0,36,29,0.26582278481012656,0.3723404255319149,0.45569620253164556,0.8280366280635605,1,No,No,Player Team Season
807712,Luke Keaschall,142,Minnesota Twins,142,Minnesota Twins,2025,4,Second Base,49,207,182,25,55,14,0,4,28,14,3,19,0,29,5,1,0,4,81,82,0.3021978021978022,0.38164251207729466,0.44505494505494503,0.8266974571322396,1,No,No,Player Team Season
663853,Romy Gonzalez,111,Boston Red Sox,111,Boston Red Sox,2025,3,First Base,96,341,315,47,96,23,3,9,53,6,5,18,1,81,3,5,0,8,152,130,0.3047619047619048,0.34310850439882695,0.48253968253968255,0.8256481869385095,1,No,No,Player Team Season
695578,James Wood,120,Washington Nationals,120,Washington Nationals,2025,7,Outfielder,157,689,598,87,153,38,0,31,94,15,7,85,8,221,3,3,0,12,284,212,0.25585284280936454,0.3497822931785196,0.47491638795986624,0.8246986811383858,1,No,No,Player Team Season
666160,Mickey Moniak,115,Colorado Rockies,115,Colorado Rockies,2025,9,Outfielder,135,461,434,62,117,20,8,24,68,9,3,22,1,110,2,3,0,4,225,155,0.2695852534562212,0.30585683297180044,0.5184331797235023,0.8242900126953028,1,No,No,Player Team Season
664056,Harrison Bader,143,Philadelphia Phillies,143,Philadelphia Phillies,2025,8,Outfielder,50,194,177,30,54,11,1,5,16,1,3,12,0,55,4,1,0,2,82,54,0.3050847457627119,0.36082474226804123,0.4632768361581921,0.8241015784262333,1,No,No,Player Team Season
608324,Alex Bregman,111,Boston Red Sox,111,Boston Red Sox,2025,5,Third Base,114,495,433,64,118,28,0,18,62,1,1,51,3,70,9,2,0,12,200,194,0.27251732101616627,0.3595959595959596,0.4618937644341801,0.8214897240301398,1,No,No,Player Team Season
593871,Jorge Polanco,136,Seattle Mariners,136,Seattle Mariners,2025,10,Designated Hitter,138,524,471,64,125,30,0,26,78,6,3,42,1,82,3,5,3,7,233,164,0.2653927813163482,0.32629558541266795,0.49469214437367304,0.820987729786341,1,No,No,Player Team Season
691016,Tyler Soderstrom,133,Athletics,133,Athletics,2025,7,Outfielder,158,624,561,75,155,34,1,25,93,8,3,55,2,141,6,2,0,18,266,274,0.27629233511586454,0.34615384615384615,0.4741532976827095,0.8203071438365557,1,No,No,Player Team Season
669369,Bryce Johnson,135,San Diego Padres,135,San Diego Padres,2025,7,Outfielder,55,84,76,9,26,4,0,1,8,4,1,3,0,19,2,0,3,1,33,27,0.34210526315789475,0.38271604938271603,0.4342105263157895,0.8169265756985056,1,No,No,Player Team Season
667670,Brent Rooker,133,Athletics,133,Athletics,2025,10,Designated Hitter,162,699,626,92,164,40,3,30,89,6,1,65,4,155,5,2,0,13,300,260,0.26198083067092653,0.335243553008596,0.4792332268370607,0.8144767798456567,1,No,No,Player Team Season
665804,Miguel Amaya,112,Chicago Cubs,112,Chicago Cubs,2025,2,Catcher,28,103,96,14,27,9,0,4,25,0,0,4,0,22,1,1,1,0,48,26,0.28125,0.3137254901960784,0.5,0.8137254901960784,1,No,No,Player Team Season
665487,Fernando Tatis Jr.,135,San Diego Padres,135,San Diego Padres,2025,9,Outfielder,155,691,594,111,159,27,2,25,71,32,7,89,7,129,6,2,0,6,265,168,0.2676767676767677,0.3675832127351664,0.44612794612794615,0.8137111588631125,1,No,No,Player Team Season
641355,Cody Bellinger,147,New York Yankees,147,New York Yankees,2025,7,Outfielder,152,656,588,89,160,25,5,29,98,13,2,57,1,90,2,9,0,8,282,262,0.272108843537415,0.33384146341463417,0.47959183673469385,0.813433300149328,1,No,No,Player Team Season
665862,Jazz Chisholm Jr.,147,New York Yankees,147,New York Yankees,2025,4,Second Base,130,531,462,75,112,15,1,31,80,31,8,58,1,148,6,4,1,3,222,222,0.24242424242424243,0.3320754716981132,0.4805194805194805,0.8125949522175937,1,No,No,Player Team Season
657656,Ramón Laureano,135,San Diego Padres,135,San Diego Padres,2025,7,Outfielder,50,198,182,27,49,9,2,9,30,3,1,13,0,47,2,1,0,4,89,71,0.2692307692307692,0.32323232323232326,0.489010989010989,0.8122433122433123,1,No,No,Player Team Season
676356,Jonny DeLuca,139,Tampa Bay Rays,139,Tampa Bay Rays,2025,8,Outfielder,20,59,57,5,19,1,3,0,4,6,0,2,0,13,0,0,0,0,26,21,0.3333333333333333,0.3559322033898305,0.45614035087719296,0.8120725542670235,1,No,No,Player Team Season
607208,Trea Turner,143,Philadelphia Phillies,143,Philadelphia Phillies,2025,6,Shortstop,141,639,589,94,179,31,7,15,69,36,7,43,1,107,5,2,0,11,269,221,0.30390492359932086,0.35524256651017216,0.4567062818336163,0.8119488483437884,1,No,No,Player Team Season
596019,Francisco Lindor,121,New York Mets,121,New York Mets,2025,6,Shortstop,160,732,644,117,172,35,0,31,86,31,6,65,2,131,16,7,0,9,300,223,0.2670807453416149,0.34562841530054644,0.4658385093167702,0.8114669246173166,1,No,No,Player Team Season
663757,Trent Grisham,147,New York Yankees,147,New York Yankees,2025,8,Outfielder,143,581,494,87,116,9,1,34,74,3,2,82,0,137,4,1,0,7,229,177,0.23481781376518218,0.3476764199655766,0.46356275303643724,0.8112391730020139,1,No,No,Player Team Season
686948,Drake Baldwin,144,Atlanta Braves,144,Atlanta Braves,2025,2,Catcher,124,446,405,56,111,18,2,19,80,0,0,38,0,68,3,0,0,9,190,176,0.2740740740740741,0.34080717488789236,0.4691358024691358,0.8099429773570281,1,No,No,Player Team Season
670623,Isaac Paredes,117,Houston Astros,117,Houston Astros,2025,5,Third Base,102,438,378,53,96,15,1,20,53,0,1,50,0,76,8,2,0,10,173,158,0.25396825396825395,0.3515981735159817,0.4576719576719577,0.8092701311879393,1,No,No,Player Team Season
686452,Drew Millas,120,Washington Nationals,120,Washington Nationals,2025,2,Catcher,18,55,49,6,15,5,1,0,7,2,0,4,0,7,0,0,1,0,22,17,0.30612244897959184,0.3584905660377358,0.4489795918367347,0.8074701578744705,1,No,No,Player Team Season
646240,Rafael Devers,137,San Francisco Giants,137,San Francisco Giants,2025,10,Designated Hitter,90,395,335,52,79,15,0,20,51,0,0,56,3,116,2,2,0,9,154,126,0.23582089552238805,0.3468354430379747,0.4597014925373134,0.806536935575288,1,No,No,Player Team Season
682985,Riley Greene,116,Detroit Tigers,116,Detroit Tigers,2025,7,Outfielder,157,655,600,84,155,31,1,36,111,2,1,46,1,201,4,5,0,14,296,285,0.25833333333333336,0.31297709923664124,0.49333333333333335,0.8063104325699746,1,No,No,Player Team Season
673548,Seiya Suzuki,112,Chicago Cubs,112,Chicago Cubs,2025,10,Designated Hitter,151,651,571,75,140,31,3,32,103,5,2,71,1,164,1,8,0,13,273,246,0.24518388791593695,0.32565284178187404,0.47810858143607704,0.8037614232179511,1,No,No,Player Team Season
676475,Alec Burleson,138,St. Louis Cardinals,138,St. Louis Cardinals,2025,3,First Base,139,546,497,54,144,26,2,18,69,5,1,39,1,79,3,4,1,14,228,215,0.289738430583501,0.3425414364640884,0.45875251509054327,0.8012939515546317,1,No,No,Player Team Season
672580,Maikel Garcia,118,Kansas City Royals,118,Kansas City Royals,2025,5,Third Base,160,666,595,81,170,39,5,16,74,23,9,62,0,84,1,5,3,14,267,247,0.2857142857142857,0.3514328808446455,0.44873949579831934,0.8001723766429649,1,No,No,Player Team Season
805779,Jacob Wilson,133,Athletics,133,Athletics,2025,6,Shortstop,125,523,486,62,151,26,0,13,63,5,2,27,1,39,7,1,2,16,216,178,0.31069958847736623,0.3550863723608445,0.4444444444444444,0.7995308168052889,1,No,No,Player Team Season
677594,Julio Rodríguez,136,Seattle Mariners,136,Seattle Mariners,2025,8,Outfielder,160,710,652,106,174,31,4,32,95,30,6,44,5,152,12,2,0,15,309,272,0.2668711656441718,0.323943661971831,0.47392638036809814,0.7978700423399292,1,No,No,Player Team Season
686469,Vinnie Pasquantino,118,Kansas City Royals,118,Kansas City Royals,2025,3,First Base,160,682,621,72,164,33,1,32,113,1,0,49,5,107,7,5,0,14,295,289,0.2640901771336554,0.3225806451612903,0.4750402576489533,0.7976209028102437,1,No,No,Player Team Season
676914,Davis Schneider,141,Toronto Blue Jays,141,Toronto Blue Jays,2025,7,Outfielder,82,227,188,33,44,5,0,11,31,3,1,36,0,60,2,1,0,4,82,78,0.23404255319148937,0.36123348017621143,0.43617021276595747,0.7974036929421688,1,No,No,Player Team Season
545361,Mike Trout,108,Los Angeles Angels,108,Los Angeles Angels,2025,10,Designated Hitter,130,556,456,73,106,14,1,26,64,2,0,87,10,178,6,6,0,7,200,161,0.2324561403508772,0.35855855855855856,0.43859649122807015,0.7971550497866287,1,No,No,Player Team Season
670541,Yordan Alvarez,117,Houston Astros,117,Houston Astros,2025,10,Designated Hitter,48,199,165,17,45,8,0,6,27,1,1,28,5,33,0,6,0,1,71,52,0.2727272727272727,0.36683417085427134,0.4303030303030303,0.7971372011573017,1,No,No,Player Team Season
656976,Pavin Smith,109,Arizona Diamondbacks,109,Arizona Diamondbacks,2025,10,Designated Hitter,87,288,244,36,63,17,1,8,28,2,2,41,1,92,0,2,0,7,106,113,0.2581967213114754,0.3623693379790941,0.4344262295081967,0.7967955674872909,1,No,No,Player Team Season
592885,Christian Yelich,158,Milwaukee Brewers,158,Milwaukee Brewers,2025,10,Designated Hitter,150,644,573,88,151,21,0,29,103,16,6,64,6,167,6,1,0,6,259,250,0.26352530541012215,0.34316770186335405,0.45200698080279234,0.7951746826661463,1,No,No,Player Team Season
592518,Manny Machado,135,San Diego Padres,135,San Diego Padres,2025,5,Third Base,159,678,615,91,169,33,0,27,95,14,3,55,4,131,3,5,0,16,283,275,0.27479674796747966,0.33480825958702065,0.46016260162601624,0.7949708612130368,1,No,No,Player Team Season
668930,Brice Turang,158,Milwaukee Brewers,158,Milwaukee Brewers,2025,4,Second Base,156,659,584,97,168,28,2,18,81,24,8,66,1,150,2,5,2,3,254,214,0.2876712328767123,0.3592085235920852,0.4349315068493151,0.7941400304414004,1,No,No,Player Team Season
665877,José Fermín,138,St. Louis Cardinals,138,St. Louis Cardinals,2025,4,Second Base,30,70,60,5,17,5,0,1,9,2,2,8,0,10,1,0,1,0,25,20,0.2833333333333333,0.37681159420289856,0.4166666666666667,0.7934782608695652,1,No,No,Player Team Season
687263,Zach Neto,108,Los Angeles Angels,108,Los Angeles Angels,2025,6,Shortstop,128,554,502,82,129,29,1,26,62,26,9,33,6,149,14,3,2,5,238,141,0.25697211155378485,0.3188405797101449,0.47410358565737054,0.7929441653675154,1,No,No,Player Team Season
621493,Taylor Ward,108,Los Angeles Angels,108,Los Angeles Angels,2025,7,Outfielder,157,663,579,86,132,31,2,36,103,4,1,75,1,175,3,6,0,13,275,279,0.22797927461139897,0.3167420814479638,0.4749568221070812,0.791698903555045,1,No,No,Player Team Season
575929,Willson Contreras,138,St. Louis Cardinals,138,St. Louis Cardinals,2025,3,First Base,135,563,490,70,126,31,1,20,80,5,1,44,1,142,23,4,1,15,219,220,0.2571428571428571,0.34402852049910876,0.44693877551020406,0.7909672960093128,1,No,No,Player Team Season
663993,Nathaniel Lowe,111,Boston Red Sox,111,Boston Red Sox,2025,3,First Base,34,119,100,14,28,6,1,2,16,0,0,15,2,29,1,3,0,1,42,47,0.28,0.3697478991596639,0.42,0.7897478991596638,1,No,No,Player Team Season
679529,Spencer Torkelson,116,Detroit Tigers,116,Detroit Tigers,2025,3,First Base,155,649,563,82,135,27,1,31,78,2,1,72,6,169,9,5,0,12,257,230,0.23978685612788633,0.33281972265023113,0.4564831261101243,0.7893028487603555,1,No,No,Player Team Season
642708,Amed Rosario,147,New York Yankees,147,New York Yankees,2025,5,Third Base,16,33,33,1,10,3,0,1,5,0,0,0,0,9,0,0,0,1,16,11,0.30303030303030304,0.30303030303030304,0.48484848484848486,0.7878787878787878,2,Yes,Yes,Player Team Season
681481,Kerry Carpenter,116,Detroit Tigers,116,Detroit Tigers,2025,9,Outfielder,130,464,433,66,109,18,5,26,62,1,1,18,0,106,7,2,0,3,215,180,0.2517321016166282,0.29130434782608694,0.49653579676674364,0.7878401445928306,1,No,No,Player Team Season
683002,Gunnar Henderson,110,Baltimore Orioles,110,Baltimore Orioles,2025,6,Shortstop,154,651,577,85,158,34,5,17,68,30,5,62,6,137,7,5,0,7,253,195,0.2738301559792028,0.3486943164362519,0.43847487001733104,0.787169186453583,1,No,No,Player Team Season
595777,Jurickson Profar,144,Atlanta Braves,144,Atlanta Braves,2025,7,Outfielder,80,371,318,56,78,16,1,14,43,9,2,48,0,59,5,0,0,4,138,101,0.24528301886792453,0.353099730458221,0.4339622641509434,0.7870619946091644,1,No,No,Player Team Season
687462,Spencer Horwitz,134,Pittsburgh Pirates,134,Pittsburgh Pirates,2025,3,First Base,108,411,364,55,99,26,0,11,51,0,1,44,1,73,2,1,0,7,158,141,0.27197802197802196,0.35279805352798055,0.4340659340659341,0.7868639875939146,1,No,No,Player Team Season
682626,Francisco Alvarez,121,New York Mets,121,New York Mets,2025,2,Catcher,76,277,246,32,63,12,1,11,32,0,0,27,0,73,4,0,0,6,110,105,0.25609756097560976,0.33935018050541516,0.44715447154471544,0.7865046520501306,1,No,No,Player Team Season
677800,Wilyer Abreu,111,Boston Red Sox,111,Boston Red Sox,2025,9,Outfielder,115,417,373,53,92,17,0,22,69,6,3,40,5,101,0,3,1,8,175,179,0.24664879356568364,0.3173076923076923,0.4691689008042895,0.7864765931119818,1,No,No,Player Team Season
691019,Kyle Teel,145,Chicago White Sox,145,Chicago White Sox,2025,2,Catcher,78,297,253,38,69,11,0,8,35,3,1,37,0,77,5,1,1,1,104,81,0.2727272727272727,0.375,0.41106719367588934,0.7860671936758894,1,No,No,Player Team Season
672515,Gabriel Moreno,109,Arizona Diamondbacks,109,Arizona Diamondbacks,2025,2,Catcher,83,309,277,44,79,12,1,9,40,2,2,29,3,53,1,2,0,6,120,121,0.2851985559566787,0.35275080906148865,0.4332129963898917,0.7859638054513803,1,No,No,Player Team Season
669016,Brandon Marsh,143,Philadelphia Phillies,143,Philadelphia Phillies,2025,8,Outfielder,133,425,379,59,106,25,2,11,43,7,1,38,1,110,0,4,3,2,168,167,0.2796833773087071,0.342042755344418,0.44327176781002636,0.7853145231544444,1,No,No,Player Team Season
664040,Brandon Lowe,139,Tampa Bay Rays,139,Tampa Bay Rays,2025,4,Second Base,134,553,507,79,130,19,0,31,83,3,2,38,1,149,2,6,0,6,242,201,0.2564102564102564,0.3074141048824593,0.47731755424063116,0.7847316591230904,1,No,No,Player Team Season
621043,Carlos Correa,117,Houston Astros,117,Houston Astros,2025,5,Third Base,51,220,200,23,58,10,0,6,21,0,0,19,0,45,1,0,0,7,86,91,0.29,0.35454545454545455,0.43,0.7845454545454545,1,No,No,Player Team Season
681715,Heriberto Hernández,146,Miami Marlins,146,Miami Marlins,2025,7,Outfielder,87,294,256,40,68,12,1,10,45,1,1,31,0,77,3,4,0,6,112,107,0.265625,0.3469387755102041,0.4375,0.784438775510204,1,No,No,Player Team Season
660162,Yoán Moncada,108,Los Angeles Angels,108,Los Angeles Angels,2025,5,Third Base,84,289,248,39,58,13,2,12,35,0,0,32,1,75,7,2,0,4,111,102,0.23387096774193547,0.3356401384083045,0.4475806451612903,0.7832207835695948,1,No,No,Player Team Season
664238,Dylan Moore,140,Texas Rangers,140,Texas Rangers,2025,4,Second Base,18,30,27,6,7,0,0,2,6,2,1,1,0,6,1,1,0,0,13,10,0.25925925925925924,0.3,0.48148148148148145,0.7814814814814814,2,Yes,Yes,Player Team Season
682634,Kevin Alcántara,112,Chicago Cubs,112,Chicago Cubs,2025,8,Outfielder,10,12,11,2,4,0,0,0,1,1,0,1,0,4,0,0,0,0,4,7,0.36363636363636365,0.4166666666666667,0.36363636363636365,0.7803030303030303,1,No,No,Player Team Season
643376,Danny Jansen,158,Milwaukee Brewers,158,Milwaukee Brewers,2025,2,Catcher,25,78,67,10,17,3,0,3,7,0,0,9,0,18,1,1,0,1,29,35,0.2537313432835821,0.34615384615384615,0.43283582089552236,0.7789896670493686,2,Yes,Yes,Player Team Season
686555,Isaac Collins,158,Milwaukee Brewers,158,Milwaukee Brewers,2025,7,Outfielder,130,441,372,56,98,22,3,9,54,16,7,57,0,93,6,3,3,8,153,164,0.26344086021505375,0.3675799086757991,0.4112903225806452,0.7788702312564443,1,No,No,Player Team Season
666176,Jo Adell,108,Los Angeles Angels,108,Los Angeles Angels,2025,8,Outfielder,152,573,526,63,124,18,1,37,98,5,1,33,0,151,10,1,0,10,255,239,0.23574144486692014,0.2929824561403509,0.4847908745247148,0.7777733306650657,1,No,No,Player Team Season
623168,Tyler Heineman,141,Toronto Blue Jays,141,Toronto Blue Jays,2025,2,Catcher,64,174,149,25,43,8,1,3,20,2,0,12,0,31,6,2,5,1,62,50,0.28859060402684567,0.3609467455621302,0.4161073825503356,0.7770541281124658,1,No,No,Player Team Season
682829,Elly De La Cruz,113,Cincinnati Reds,113,Cincinnati Reds,2025,6,Shortstop,162,699,629,102,166,31,7,22,86,37,8,67,10,181,2,1,0,14,277,272,0.26391096979332274,0.3361945636623748,0.44038155802861684,0.7765761216909917,1,No,No,Player Team Season
624641,Edmundo Sosa,143,Philadelphia Phillies,143,Philadelphia Phillies,2025,4,Second Base,89,261,243,30,67,12,1,11,39,1,1,10,0,56,2,2,3,7,114,92,0.2757201646090535,0.30739299610894943,0.4691358024691358,0.7765287985780852,1,No,No,Player Team Season
670242,Matt Wallner,142,Minnesota Twins,142,Minnesota Twins,2025,9,Outfielder,104,392,336,47,68,16,3,22,40,4,3,46,0,114,8,2,0,3,156,128,0.20238095238095238,0.3112244897959184,0.4642857142857143,0.7755102040816326,1,No,No,Player Team Season
694671,Wyatt Langford,140,Texas Rangers,140,Texas Rangers,2025,7,Outfielder,134,573,489,73,118,25,1,22,62,22,6,74,3,151,5,5,0,9,211,185,0.24130879345603273,0.343804537521815,0.43149284253578735,0.7752973800576024,1,No,No,Player Team Season
687637,Dylan Beavers,110,Baltimore Orioles,110,Baltimore Orioles,2025,7,Outfielder,35,137,110,16,25,5,1,4,14,2,2,26,0,36,0,0,1,0,44,50,0.22727272727272727,0.375,0.4,0.775,1,No,No,Player Team Season
669236,Jeremiah Jackson,110,Baltimore Orioles,110,Baltimore Orioles,2025,9,Outfielder,48,183,170,20,47,10,2,5,21,0,2,11,0,50,2,0,0,6,76,72,0.27647058823529413,0.32786885245901637,0.4470588235294118,0.7749276759884282,1,No,No,Player Team Season
680977,Brendan Donovan,138,St. Louis Cardinals,138,St. Louis Cardinals,2025,4,Second Base,118,515,460,64,132,32,0,10,50,3,3,42,3,67,7,4,2,4,194,162,0.28695652173913044,0.35282651072124754,0.4217391304347826,0.7745656411560302,1,No,No,Player Team Season
680776,Jarren Duran,111,Boston Red Sox,111,Boston Red Sox,2025,7,Outfielder,157,696,620,86,159,41,13,16,84,24,6,60,1,169,12,3,1,6,274,223,0.2564516129032258,0.33237410071942447,0.44193548387096776,0.7743095845903922,1,No,No,Player Team Season
701538,Jackson Merrill,135,San Diego Padres,135,San Diego Padres,2025,8,Outfielder,115,483,440,59,116,25,6,16,67,1,2,33,1,108,4,5,1,4,201,195,0.2636363636363636,0.31742738589211617,0.45681818181818185,0.774245567710298,1,No,No,Player Team Season
681624,Andy Pages,119,Los Angeles Dodgers,119,Los Angeles Dodgers,2025,8,Outfielder,156,624,581,74,158,27,1,27,86,14,7,29,0,135,8,6,0,9,268,238,0.2719449225473322,0.3125,0.4612736660929432,0.7737736660929432,1,No,No,Player Team Season
642133,Rowdy Tellez,140,Texas Rangers,140,Texas Rangers,2025,3,First Base,50,127,116,14,30,5,0,6,22,0,0,9,0,34,1,1,0,3,53,58,0.25862068965517243,0.31496062992125984,0.45689655172413796,0.7718571816453978,1,No,No,Player Team Season
514888,Jose Altuve,117,Houston Astros,117,Houston Astros,2025,4,Second Base,155,654,588,80,156,24,1,26,77,10,6,55,5,109,4,6,1,20,260,271,0.2653061224489796,0.32924961715160794,0.4421768707482993,0.7714264878999073,1,No,No,Player Team Season
656716,Zach McKinstry,116,Detroit Tigers,116,Detroit Tigers,2025,5,Third Base,144,511,452,68,117,23,11,12,49,19,5,46,1,111,7,5,1,6,198,203,0.2588495575221239,0.3333333333333333,0.43805309734513276,0.7713864306784661,1,No,No,Player Team Season
694192,Jackson Chourio,158,Milwaukee Brewers,158,Milwaukee Brewers,2025,8,Outfielder,131,589,549,88,148,35,4,21,78,21,7,30,1,121,3,6,1,13,254,218,0.26958105646630237,0.3078231292517007,0.46265938069216755,0.7704825099438682,1,No,No,Player Team Season
676059,Jordan Westburg,110,Baltimore Orioles,110,Baltimore Orioles,2025,5,Third Base,85,352,328,59,87,10,1,17,41,1,2,17,0,80,6,1,0,5,150,97,0.2652439024390244,0.3125,0.4573170731707317,0.7698170731707317,1,No,No,Player Team Season
656305,Matt Chapman,137,San Francisco Giants,137,San Francisco Giants,2025,5,Third Base,128,535,454,76,105,23,2,21,61,9,4,71,1,126,6,4,0,8,195,215,0.23127753303964757,0.3401869158878505,0.42951541850220265,0.7697023343900531,1,No,No,Player Team Season
672386,Alejandro Kirk,141,Toronto Blue Jays,141,Toronto Blue Jays,2025,2,Catcher,130,506,451,45,127,18,0,15,76,1,0,48,2,59,1,6,0,16,190,206,0.28159645232815966,0.34782608695652173,0.4212860310421286,0.7691121179986503,1,No,No,Player Team Season
700932,Kyle Manzardo,114,Cleveland Guardians,114,Cleveland Guardians,2025,10,Designated Hitter,142,531,470,47,110,19,2,27,70,2,0,48,2,135,8,5,0,7,214,227,0.23404255319148937,0.3126177024482109,0.4553191489361702,0.7679368513843812,1,No,No,Player Team Season
691718,Pete Crow-Armstrong,112,Chicago Cubs,112,Chicago Cubs,2025,8,Outfielder,157,647,591,91,146,37,4,31,95,35,8,29,1,155,9,12,6,1,284,274,0.2470389170896785,0.2870514820592824,0.4805414551607445,0.7675929372200269,1,No,No,Player Team Season
669720,Austin Hays,113,Cincinnati Reds,113,Cincinnati Reds,2025,7,Outfielder,103,416,380,60,101,16,5,15,64,7,0,29,2,107,1,6,0,9,172,168,0.2657894736842105,0.31490384615384615,0.45263157894736844,0.7675354251012145,1,No,No,Player Team Season
609280,Miguel Andujar,133,Athletics,133,Athletics,2025,5,Third Base,60,231,218,22,65,10,1,6,27,1,0,11,1,30,0,2,0,5,95,75,0.2981651376146789,0.329004329004329,0.43577981651376146,0.7647841455180905,2,Yes,Yes,Player Team Season
656577,Alex Jackson,110,Baltimore Orioles,110,Baltimore Orioles,2025,2,Catcher,37,100,91,17,20,8,0,5,8,0,0,5,0,37,4,0,0,2,43,37,0.21978021978021978,0.29,0.4725274725274725,0.7625274725274724,1,No,No,Player Team Season
664023,Ian Happ,112,Chicago Cubs,112,Chicago Cubs,2025,7,Outfielder,150,663,569,87,138,32,0,23,79,6,3,87,2,151,2,5,0,8,239,207,0.24253075571177504,0.34238310708898945,0.4200351493848858,0.7624182564738753,1,No,No,Player Team Season
686676,Korey Lee,145,Chicago White Sox,145,Chicago White Sox,2025,2,Catcher,26,40,35,10,9,3,0,1,3,0,0,4,0,7,0,0,1,1,15,16,0.2571428571428571,0.3333333333333333,0.42857142857142855,0.7619047619047619,1,No,No,Player Team Season
608348,Carson Kelly,112,Chicago Cubs,112,Chicago Cubs,2025,2,Catcher,111,421,369,48,92,13,1,17,50,2,0,45,0,80,3,4,0,11,158,191,0.24932249322493225,0.332541567695962,0.4281842818428184,0.7607258495387804,1,No,No,Player Team Season
607043,Brandon Nimmo,121,New York Mets,121,New York Mets,2025,7,Outfielder,155,652,587,81,154,27,0,25,92,13,1,50,1,141,7,7,1,8,256,256,0.262350936967632,0.3241167434715822,0.43611584327086883,0.7602325867424511,1,No,No,Player Team Season
668227,Randy Arozarena,136,Seattle Mariners,136,Seattle Mariners,2025,7,Outfielder,160,709,613,95,146,32,1,27,76,31,6,64,2,191,27,5,0,9,261,278,0.23817292006525284,0.3342736248236953,0.4257748776508972,0.7600485024745925,1,No,No,Player Team Season
680837,Ryan Fitzgerald,142,Minnesota Twins,142,Minnesota Twins,2025,4,Second Base,24,53,46,10,9,0,0,4,9,1,0,7,0,8,0,0,0,0,21,15,0.1956521739130435,0.3018867924528302,0.45652173913043476,0.7584085315832649,1,No,No,Player Team Season
669743,Alex Call,120,Washington Nationals,120,Washington Nationals,2025,9,Outfielder,72,237,197,30,54,9,2,3,26,1,1,26,0,36,6,3,5,5,76,85,0.27411167512690354,0.3706896551724138,0.38578680203045684,0.7564764572028706,2,Yes,Yes,Player Team Season
686217,Sal Frelick,158,Milwaukee Brewers,158,Milwaukee Brewers,2025,9,Outfielder,142,594,528,76,152,20,3,12,63,19,6,47,0,80,7,5,3,4,214,222,0.2878787878787879,0.35093696763202725,0.4053030303030303,0.7562399979350576,1,No,No,Player Team Season
643565,Mike Tauchman,145,Chicago White Sox,145,Chicago White Sox,2025,9,Outfielder,93,385,335,44,88,17,1,9,40,0,0,45,0,86,4,1,0,5,134,112,0.2626865671641791,0.35584415584415585,0.4,0.7558441558441559,1,No,No,Player Team Season
680718,Addison Barger,141,Toronto Blue Jays,141,Toronto Blue Jays,2025,5,Third Base,135,502,460,61,112,32,1,21,74,4,1,36,4,121,3,2,0,8,209,214,0.24347826086956523,0.3013972055888224,0.4543478260869565,0.7557450316757789,1,No,No,Player Team Season
542303,Marcell Ozuna,144,Atlanta Braves,144,Atlanta Braves,2025,10,Designated Hitter,145,592,487,61,113,19,0,21,68,0,0,94,2,144,3,7,0,11,195,236,0.23203285420944558,0.3553299492385787,0.4004106776180698,0.7557406268566484,1,No,No,Player Team Season
655316,Andruw Monasterio,158,Milwaukee Brewers,158,Milwaukee Brewers,2025,6,Shortstop,68,135,126,19,34,9,0,4,16,2,1,7,0,32,2,0,0,1,55,54,0.2698412698412698,0.31851851851851853,0.4365079365079365,0.755026455026455,1,No,No,Player Team Season
543510,James McCann,109,Arizona Diamondbacks,109,Arizona Diamondbacks,2025,2,Catcher,42,137,123,18,32,6,0,5,17,0,0,8,0,33,4,1,1,3,53,47,0.2601626016260163,0.3235294117647059,0.43089430894308944,0.7544237207077953,1,No,No,Player Team Season
661388,William Contreras,158,Milwaukee Brewers,158,Milwaukee Brewers,2025,2,Catcher,150,659,566,89,147,28,0,17,76,6,4,84,4,120,3,6,0,14,226,250,0.2597173144876325,0.3550834597875569,0.3992932862190813,0.7543767460066382,1,No,No,Player Team Season
693307,Dillon Dingler,116,Detroit Tigers,116,Detroit Tigers,2025,2,Catcher,126,469,435,54,121,21,2,13,57,0,0,23,2,110,9,1,0,5,185,185,0.27816091954022987,0.3269230769230769,0.42528735632183906,0.752210433244916,1,No,No,Player Team Season
680777,Ryan Jeffers,142,Minnesota Twins,142,Minnesota Twins,2025,2,Catcher,119,464,406,47,108,26,0,9,47,1,1,50,1,91,7,1,0,9,161,170,0.2660098522167488,0.35560344827586204,0.39655172413793105,0.7521551724137931,1,No,No,Player Team Season
641343,Jake Bauers,158,Milwaukee Brewers,158,Milwaukee Brewers,2025,3,First Base,86,218,183,28,43,9,0,7,28,8,1,32,1,59,2,1,0,1,73,103,0.23497267759562843,0.3532110091743119,0.3989071038251366,0.7521181129994485,1,No,No,Player Team Season
687859,Troy Johnston,146,Miami Marlins,146,Miami Marlins,2025,3,First Base,44,121,112,12,31,2,1,4,13,2,2,8,0,26,1,0,0,1,47,48,0.2767857142857143,0.3305785123966942,0.41964285714285715,0.7502213695395514,1,No,No,Player Team Season
642086,Dominic Smith,137,San Francisco Giants,137,San Francisco Giants,2025,3,First Base,63,225,204,26,58,12,0,5,33,2,0,15,0,42,2,4,0,5,85,82,0.28431372549019607,0.3333333333333333,0.4166666666666667,0.75,1,No,No,Player Team Season
682622,Noelvi Marte,113,Cincinnati Reds,113,Cincinnati Reds,2025,9,Outfielder,90,360,339,45,89,17,2,14,51,10,3,16,0,85,3,2,0,7,152,159,0.26253687315634217,0.3,0.44837758112094395,0.7483775811209439,1,No,No,Player Team Season
683146,Brett Baty,121,New York Mets,121,New York Mets,2025,5,Third Base,130,432,393,53,100,13,2,18,50,8,0,33,0,108,2,3,0,6,171,161,0.2544529262086514,0.31322505800464034,0.4351145038167939,0.7483395618214342,1,No,No,Player Team Season
682928,CJ Abrams,120,Washington Nationals,120,Washington Nationals,2025,6,Shortstop,144,635,580,92,149,35,5,19,60,31,3,37,1,125,14,3,1,5,251,191,0.25689655172413794,0.31545741324921134,0.43275862068965515,0.7482160339388665,1,No,No,Player Team Season
656555,Rhys Hoskins,158,Milwaukee Brewers,158,Milwaukee Brewers,2025,3,First Base,90,328,279,30,66,12,1,12,43,2,1,38,2,91,5,6,0,6,116,135,0.23655913978494625,0.3323170731707317,0.4157706093189964,0.7480876824897281,1,No,No,Player Team Season
671655,George Valera,114,Cleveland Guardians,114,Cleveland Guardians,2025,10,Designated Hitter,16,48,41,7,9,2,0,2,5,0,0,7,0,13,0,0,0,1,17,19,0.21951219512195122,0.3333333333333333,0.4146341463414634,0.7479674796747967,1,No,No,Player Team Season
690993,Colt Keith,116,Detroit Tigers,116,Detroit Tigers,2025,10,Designated Hitter,137,468,414,65,106,22,2,13,45,1,1,48,1,102,2,4,0,7,171,155,0.2560386473429952,0.3333333333333333,0.41304347826086957,0.7463768115942029,1,No,No,Player Team Season
657757,Gavin Sheets,135,San Diego Padres,135,San Diego Padres,2025,7,Outfielder,145,545,492,57,124,28,1,19,71,2,1,44,1,107,5,4,0,9,211,227,0.25203252032520324,0.3174311926605505,0.42886178861788615,0.7462929812784367,1,No,No,Player Team Season
643446,Jeff McNeil,121,New York Mets,121,New York Mets,2025,4,Second Base,122,462,399,42,97,21,5,12,54,3,0,49,4,55,8,4,2,5,164,169,0.24310776942355888,0.3347826086956522,0.41102756892230574,0.745810177617958,1,No,No,Player Team Season
650402,Gleyber Torres,116,Detroit Tigers,116,Detroit Tigers,2025,4,Second Base,145,628,532,79,136,22,0,16,74,4,1,85,0,101,4,7,0,11,206,179,0.2556390977443609,0.35828025477707004,0.38721804511278196,0.7454982998898521,1,No,No,Player Team Season
516782,Starling Marte,121,New York Mets,121,New York Mets,2025,10,Designated Hitter,98,329,293,37,79,14,0,9,34,7,2,22,0,68,9,4,1,7,120,124,0.2696245733788396,0.3353658536585366,0.40955631399317405,0.7449221676517106,1,No,No,Player Team Season
680737,Michael Helman,140,Texas Rangers,140,Texas Rangers,2025,8,Outfielder,38,110,99,18,23,5,1,5,20,4,0,7,0,21,1,0,3,0,45,33,0.23232323232323232,0.2897196261682243,0.45454545454545453,0.7442650807136788,1,No,No,Player Team Season
630105,Jake Cronenworth,135,San Diego Padres,135,San Diego Padres,2025,4,Second Base,135,515,419,61,103,20,1,11,59,3,3,69,1,107,15,7,4,4,158,189,0.2458233890214797,0.36666666666666664,0.37708830548926014,0.7437549721559268,1,No,No,Player Team Season
670770,TJ Friedl,113,Cincinnati Reds,113,Cincinnati Reds,2025,8,Outfielder,152,685,579,82,151,22,2,14,53,12,3,81,0,115,16,5,4,7,219,180,0.2607944732297064,0.3641703377386197,0.37823834196891193,0.7424086797075315,1,No,No,Player Team Season
694384,Nolan Schanuel,108,Los Angeles Angels,108,Los Angeles Angels,2025,3,First Base,132,564,488,64,129,23,1,12,53,5,1,59,4,71,10,4,3,10,190,177,0.26434426229508196,0.35294117647058826,0.38934426229508196,0.7422854387656702,1,No,No,Player Team Season
605137,Josh Bell,120,Washington Nationals,120,Washington Nationals,2025,10,Designated Hitter,140,533,468,54,111,16,1,22,63,0,3,57,1,88,5,3,0,15,195,189,0.23717948717948717,0.324577861163227,0.4166666666666667,0.7412445278298937,1,No,No,Player Team Season
664761,Alec Bohm,143,Philadelphia Phillies,143,Philadelphia Phillies,2025,5,Third Base,120,504,464,53,133,18,3,11,59,2,0,29,0,82,5,6,0,16,190,198,0.28663793103448276,0.33134920634920634,0.40948275862068967,0.740831964969896,1,No,No,Player Team Season
596115,Trevor Story,111,Boston Red Sox,111,Boston Red Sox,2025,6,Shortstop,157,654,612,91,161,29,0,25,96,31,1,33,1,176,7,1,1,3,265,259,0.2630718954248366,0.30781010719754975,0.43300653594771243,0.7408166431452622,1,No,No,Player Team Season
668885,Austin Martin,142,Minnesota Twins,142,Minnesota Twins,2025,7,Outfielder,50,181,156,22,44,8,1,1,7,11,4,22,0,31,1,0,2,6,57,67,0.28205128205128205,0.3743016759776536,0.36538461538461536,0.739686291362269,1,No,No,Player Team Season
656541,Sam Hilliard,115,Colorado Rockies,115,Colorado Rockies,2025,7,Outfielder,20,61,51,8,10,3,1,2,3,2,1,10,0,23,0,0,0,1,21,16,0.19607843137254902,0.32786885245901637,0.4117647058823529,0.7396335583413693,1,No,No,Player Team Season
642715,Willy Adames,137,San Francisco Giants,137,San Francisco Giants,2025,6,Shortstop,160,686,591,94,133,22,2,30,87,12,4,80,2,179,5,9,0,9,249,253,0.22504230118443316,0.3182481751824818,0.4213197969543147,0.7395679721367965,1,No,No,Player Team Season
663538,Nico Hoerner,112,Chicago Cubs,112,Chicago Cubs,2025,4,Second Base,156,649,599,89,178,29,4,7,61,29,6,39,1,49,7,4,0,4,236,233,0.29716193656093487,0.34514637904468415,0.39398998330550916,0.7391363623501933,1,No,No,Player Team Season
606192,Teoscar Hernández,119,Los Angeles Dodgers,119,Los Angeles Dodgers,2025,9,Outfielder,134,546,511,65,126,29,1,25,89,5,2,26,0,134,3,5,0,13,232,244,0.2465753424657534,0.28440366972477066,0.45401174168297453,0.7384154114077452,1,No,No,Player Team Season
672761,Wenceel Pérez,116,Detroit Tigers,116,Detroit Tigers,2025,9,Outfielder,100,383,344,47,84,17,4,13,43,8,3,31,0,87,3,5,0,5,148,170,0.2441860465116279,0.30809399477806787,0.43023255813953487,0.7383265529176027,1,No,No,Player Team Season
643217,Andrew Benintendi,145,Chicago White Sox,145,Chicago White Sox,2025,7,Outfielder,116,470,420,57,101,16,2,20,63,1,0,40,2,82,3,6,0,5,181,176,0.24047619047619048,0.3070362473347548,0.430952380952381,0.7379886282871357,1,No,No,Player Team Season
663886,Tyler Stephenson,113,Cincinnati Reds,113,Cincinnati Reds,2025,2,Catcher,88,342,299,40,69,18,0,13,50,0,1,37,1,116,2,4,0,4,126,123,0.23076923076923078,0.3157894736842105,0.4214046822742475,0.737194155958458,1,No,No,Player Team Season
663586,Austin Riley,144,Atlanta Braves,144,Atlanta Braves,2025,5,Third Base,102,447,416,54,108,20,1,16,54,2,1,27,1,128,3,1,0,9,178,187,0.25961538461538464,0.3087248322147651,0.42788461538461536,0.7366094475993805,1,No,No,Player Team Season
656811,Ryan O'Hearn,135,San Diego Padres,135,San Diego Padres,2025,3,First Base,50,183,163,22,45,6,0,4,20,0,0,16,1,46,3,1,0,1,63,61,0.27607361963190186,0.34972677595628415,0.38650306748466257,0.7362298434409467,1,No,No,Player Team Season
642708,Amed Rosario,120,Washington Nationals,120,Washington Nationals,2025,5,Third Base,47,158,148,19,40,8,0,5,18,1,0,7,0,22,2,1,0,5,63,57,0.2702702702702703,0.310126582278481,0.42567567567567566,0.7358022579541567,2,Yes,Yes,Player Team Season
808982,Jung Hoo Lee,137,San Francisco Giants,137,San Francisco Giants,2025,8,Outfielder,150,617,560,73,149,31,12,8,55,10,3,47,0,71,6,4,0,2,228,223,0.26607142857142857,0.3273905996758509,0.40714285714285714,0.7345334568187081,1,No,No,Player Team Season
545341,Randal Grichuk,109,Arizona Diamondbacks,109,Arizona Diamondbacks,2025,10,Designated Hitter,70,188,175,25,42,15,1,7,22,0,1,10,1,39,0,3,0,5,80,77,0.24,0.2765957446808511,0.45714285714285713,0.7337386018237082,2,Yes,Yes,Player Team Season
666150,Dominic Fletcher,145,Chicago White Sox,145,Chicago White Sox,2025,9,Outfielder,12,34,32,5,7,5,0,1,2,1,0,2,0,2,0,0,0,1,15,7,0.21875,0.2647058823529412,0.46875,0.7334558823529411,1,No,No,Player Team Season
671083,Buddy Kennedy,141,Toronto Blue Jays,141,Toronto Blue Jays,2025,4,Second Base,2,6,5,1,1,1,0,0,0,0,0,1,0,1,0,0,0,0,2,4,0.2,0.3333333333333333,0.4,0.7333333333333334,3,Yes,Yes,Player Team Season
687597,Jordan Beck,115,Colorado Rockies,115,Colorado Rockies,2025,7,Outfielder,148,588,539,62,139,27,5,16,53,19,8,43,0,174,4,1,0,9,224,193,0.25788497217068646,0.31686541737649065,0.4155844155844156,0.7324498329609063,1,No,No,Player Team Season
665052,Griffin Conine,146,Miami Marlins,146,Miami Marlins,2025,7,Outfielder,24,86,79,13,20,7,0,2,8,0,1,7,0,25,0,0,0,0,33,37,0.25316455696202533,0.313953488372093,0.4177215189873418,0.7316750073594348,1,No,No,Player Team Season
605141,Mookie Betts,119,Los Angeles Dodgers,119,Los Angeles Dodgers,2025,6,Shortstop,150,663,589,95,152,23,2,20,82,8,2,61,2,68,3,10,0,15,239,235,0.25806451612903225,0.3257918552036199,0.4057724957555178,0.7315643509591377,1,No,No,Player Team Season
681987,Nate Eaton,111,Boston Red Sox,111,Boston Red Sox,2025,9,Outfielder,41,90,81,16,24,4,0,1,4,9,2,6,0,19,1,1,1,1,31,26,0.2962962962962963,0.34831460674157305,0.38271604938271603,0.7310306561242891,1,No,No,Player Team Season
502671,Paul Goldschmidt,147,New York Yankees,147,New York Yankees,2025,3,First Base,146,534,489,76,134,31,1,10,45,5,1,36,5,100,4,2,0,8,197,193,0.2740286298568507,0.327683615819209,0.40286298568507156,0.7305466015042805,1,No,No,Player Team Season
664770,Nathan Lukes,141,Toronto Blue Jays,141,Toronto Blue Jays,2025,9,Outfielder,135,438,388,55,99,19,2,12,65,2,4,38,2,60,2,3,7,12,158,162,0.2551546391752577,0.3225058004640371,0.4072164948453608,0.7297222953093979,1,No,No,Player Team Season
521692,Salvador Perez,118,Kansas City Royals,118,Kansas City Royals,2025,2,Catcher,155,641,597,54,141,35,0,30,100,0,0,28,5,125,12,1,0,14,266,253,0.23618090452261306,0.2836990595611285,0.4455611390284757,0.7292601985896042,1,No,No,Player Team Season
694497,Evan Carter,140,Texas Rangers,140,Texas Rangers,2025,8,Outfielder,63,220,194,31,48,9,2,5,25,14,2,19,1,41,7,0,0,2,76,75,0.24742268041237114,0.33636363636363636,0.3917525773195876,0.728116213683224,1,No,No,Player Team Season
671218,Heliot Ramos,137,San Francisco Giants,137,San Francisco Giants,2025,7,Outfielder,157,695,620,85,159,24,1,21,69,6,4,52,2,158,17,6,0,16,248,247,0.2564516129032258,0.32805755395683456,0.4,0.7280575539568346,1,No,No,Player Team Season
605170,Victor Caratini,117,Houston Astros,117,Houston Astros,2025,2,Catcher,114,386,344,35,89,14,0,12,46,1,0,23,0,65,13,6,0,8,139,142,0.25872093023255816,0.3238341968911917,0.40406976744186046,0.7279039643330522,1,No,No,Player Team Season
672820,Lenyn Sosa,145,Chicago White Sox,145,Chicago White Sox,2025,4,Second Base,140,544,518,57,137,20,1,22,75,2,1,18,0,127,4,3,1,11,225,240,0.2644787644787645,0.292817679558011,0.4343629343629344,0.7271806139209454,1,No,No,Player Team Season
663616,Trevor Larnach,142,Minnesota Twins,142,Minnesota Twins,2025,10,Designated Hitter,142,567,503,62,126,24,1,17,60,4,4,53,2,122,4,6,0,19,203,209,0.2504970178926441,0.32332155477031804,0.40357852882703776,0.7269000835973558,1,No,No,Player Team Season
676694,Jake Meyers,117,Houston Astros,117,Houston Astros,2025,8,Outfielder,104,381,343,53,100,15,2,3,24,16,5,31,0,67,3,2,2,9,128,133,0.2915451895043732,0.35356200527704484,0.37317784256559766,0.7267398478426426,1,No,No,Player Team Season
665966,Carlos Narváez,111,Boston Red Sox,111,Boston Red Sox,2025,2,Catcher,118,446,403,51,97,27,0,15,50,1,1,38,0,111,1,2,2,12,169,207,0.24069478908188585,0.3063063063063063,0.41935483870967744,0.7256611450159838,1,No,No,Player Team Season
665019,Kody Clemens,142,Minnesota Twins,142,Minnesota Twins,2025,3,First Base,112,379,342,46,74,12,4,19,52,5,1,28,1,93,5,2,2,4,151,150,0.21637426900584794,0.2838196286472148,0.4415204678362573,0.7253400964834722,2,Yes,Yes,Player Team Season
666158,Gavin Lux,113,Cincinnati Reds,113,Cincinnati Reds,2025,10,Designated Hitter,140,503,446,49,120,28,2,5,53,1,0,56,0,114,0,1,0,3,167,174,0.26905829596412556,0.3499005964214712,0.3744394618834081,0.7243400583048794,1,No,No,Player Team Season
668715,Spencer Steer,113,Cincinnati Reds,113,Cincinnati Reds,2025,3,First Base,146,568,509,66,121,21,2,21,75,7,1,51,0,129,5,2,1,12,209,221,0.23772102161100198,0.31216931216931215,0.4106090373280943,0.7227783494974065,1,No,No,Player Team Season
676724,Jared Young,121,New York Mets,121,New York Mets,2025,10,Designated Hitter,23,47,43,5,8,1,0,4,6,0,0,2,0,16,1,1,0,1,21,15,0.18604651162790697,0.23404255319148937,0.4883720930232558,0.7224146462147452,1,No,No,Player Team Season
641487,J.P. Crawford,136,Seattle Mariners,136,Seattle Mariners,2025,6,Shortstop,157,654,570,69,151,24,0,12,58,8,1,74,1,122,3,1,6,11,211,204,0.2649122807017544,0.35185185185185186,0.3701754385964912,0.7220272904483431,1,No,No,Player Team Season
624428,Adam Frazier,118,Kansas City Royals,118,Kansas City Royals,2025,4,Second Base,56,197,184,21,52,10,0,4,23,1,1,9,0,36,2,2,0,0,74,64,0.2826086956521739,0.3197969543147208,0.40217391304347827,0.721970867358199,1,No,No,Player Team Season
596103,Austin Slater,145,Chicago White Sox,145,Chicago White Sox,2025,X,Unknown,51,135,123,20,29,6,1,5,11,1,0,11,0,35,0,0,1,5,52,66,0.23577235772357724,0.29850746268656714,0.42276422764227645,0.7212716903288436,2,Yes,Yes,Player Team Season
660844,Leo Rivas,136,Seattle Mariners,136,Seattle Mariners,2025,4,Second Base,48,111,90,19,22,2,0,2,9,6,0,20,0,24,1,0,0,1,30,52,0.24444444444444444,0.38738738738738737,0.3333333333333333,0.7207207207207207,1,No,No,Player Team Season
702332,Caleb Durbin,158,Milwaukee Brewers,158,Milwaukee Brewers,2025,5,Third Base,136,506,445,60,114,25,0,11,53,18,6,30,0,50,24,4,3,10,172,200,0.25617977528089886,0.33399602385685884,0.3865168539325843,0.7205128777894432,1,No,No,Player Team Season
668804,Bryan Reynolds,134,Pittsburgh Pirates,134,Pittsburgh Pirates,2025,9,Outfielder,154,654,587,68,144,38,3,16,73,3,2,57,1,173,7,3,0,15,236,249,0.2453151618398637,0.3180428134556575,0.4020442930153322,0.7200871064709897,1,No,No,Player Team Season
593428,Xander Bogaerts,135,San Diego Padres,135,San Diego Padres,2025,6,Shortstop,136,552,491,63,129,30,0,11,53,20,2,48,3,94,4,8,1,12,192,234,0.26272912423625255,0.32849364791288566,0.3910386965376782,0.7195323444505639,1,No,No,Player Team Season
691176,Jasson Domínguez,147,New York Yankees,147,New York Yankees,2025,7,Outfielder,123,429,381,58,98,18,1,10,47,23,5,41,1,115,3,4,0,5,148,166,0.2572178477690289,0.331002331002331,0.3884514435695538,0.7194537745718848,1,No,No,Player Team Season
650333,Luis Arraez,135,San Diego Padres,135,San Diego Padres,2025,3,First Base,154,675,620,66,181,30,4,8,61,11,4,34,0,21,2,7,12,12,243,253,0.29193548387096774,0.3273001508295626,0.3919354838709677,0.7192356347005303,1,No,No,Player Team Season
681082,Bryson Stott,143,Philadelphia Phillies,143,Philadelphia Phillies,2025,4,Second Base,147,560,499,66,128,22,3,13,66,24,5,54,1,91,1,4,2,4,195,211,0.2565130260521042,0.3279569892473118,0.3907815631262525,0.7187385523735643,1,No,No,Player Team Season
641584,Jake Fraley,113,Cincinnati Reds,113,Cincinnati Reds,2025,9,Outfielder,67,193,168,29,39,8,0,6,23,4,2,24,1,41,1,0,0,1,65,64,0.23214285714285715,0.3316062176165803,0.3869047619047619,0.7185109795213422,2,Yes,Yes,Player Team Season
572233,Christian Walker,117,Houston Astros,117,Houston Astros,2025,3,First Base,154,640,585,72,139,24,1,27,88,2,1,40,1,177,11,4,0,10,246,284,0.2376068376068376,0.296875,0.4205128205128205,0.7173878205128206,1,No,No,Player Team Season
678246,Miguel Vargas,145,Chicago White Sox,145,Chicago White Sox,2025,5,Third Base,138,569,504,80,118,32,2,16,60,6,0,56,0,100,6,3,0,9,202,222,0.23412698412698413,0.3163444639718805,0.4007936507936508,0.7171381147655314,1,No,No,Player Team Season
669743,Alex Call,119,Los Angeles Dodgers,119,Los Angeles Dodgers,2025,7,Outfielder,38,85,73,13,18,4,0,2,5,1,0,10,0,19,0,1,1,1,28,35,0.2465753424657534,0.3333333333333333,0.3835616438356164,0.7168949771689497,2,Yes,Yes,Player Team Season
621020,Dansby Swanson,112,Chicago Cubs,112,Chicago Cubs,2025,6,Shortstop,159,645,590,84,144,24,3,24,77,20,3,47,1,168,2,5,1,9,246,264,0.2440677966101695,0.2996894409937888,0.41694915254237286,0.7166385935361617,1,No,No,Player Team Season
671289,Tyler Freeman,115,Colorado Rockies,115,Colorado Rockies,2025,9,Outfielder,110,428,377,50,106,20,2,2,31,18,9,34,0,51,11,4,2,10,136,120,0.28116710875331563,0.3544600938967136,0.36074270557029176,0.7152027994670054,1,No,No,Player Team Season
686894,Joey Wiemer,146,Miami Marlins,146,Miami Marlins,2025,9,Outfielder,27,61,55,7,13,2,0,3,12,0,0,2,1,23,2,2,0,0,24,33,0.23636363636363636,0.2786885245901639,0.43636363636363634,0.7150521609538003,1,No,No,Player Team Season
500743,Miguel Rojas,119,Los Angeles Dodgers,119,Los Angeles Dodgers,2025,4,Second Base,114,317,290,35,76,18,0,7,27,5,0,24,1,46,0,0,3,7,115,125,0.2620689655172414,0.3184713375796178,0.39655172413793105,0.7150230617175488,1,No,No,Player Team Season
596142,Gary Sánchez,110,Baltimore Orioles,110,Baltimore Orioles,2025,2,Catcher,30,101,91,13,21,2,0,5,24,0,0,4,0,27,5,1,0,2,38,28,0.23076923076923078,0.297029702970297,0.4175824175824176,0.7146121205527146,1,No,No,Player Team Season
666971,Lourdes Gurriel Jr.,109,Arizona Diamondbacks,109,Arizona Diamondbacks,2025,7,Outfielder,129,546,500,52,124,24,2,19,80,10,4,31,0,76,6,9,0,11,209,226,0.248,0.2948717948717949,0.418,0.7128717948717949,1,No,No,Player Team Season
669224,Austin Wells,147,New York Yankees,147,New York Yankees,2025,2,Catcher,126,448,401,51,88,22,1,21,71,5,1,30,0,118,5,11,0,10,175,177,0.2194513715710723,0.2751677852348993,0.43640897755610975,0.711576762791009,1,No,No,Player Team Season
676391,Ernie Clement,141,Toronto Blue Jays,141,Toronto Blue Jays,2025,5,Third Base,157,588,545,83,151,35,2,9,50,6,5,27,1,61,4,5,7,13,217,241,0.27706422018348625,0.3132530120481928,0.3981651376146789,0.7114181496628718,1,No,No,Player Team Season
671732,Lawrence Butler,133,Athletics,133,Athletics,2025,9,Outfielder,152,630,569,83,133,30,2,21,63,22,7,59,0,179,0,0,2,7,230,235,0.23374340949033393,0.3057324840764331,0.40421792618629176,0.7099504102627249,1,No,No,Player Team Season
805249,Otto Kemp,143,Philadelphia Phillies,143,Philadelphia Phillies,2025,5,Third Base,62,218,197,26,46,11,0,8,28,2,2,12,0,67,7,2,0,4,81,76,0.233502538071066,0.2981651376146789,0.41116751269035534,0.7093326503050342,1,No,No,Player Team Season
608385,Jesse Winker,121,New York Mets,121,New York Mets,2025,10,Designated Hitter,26,81,70,8,16,5,2,1,10,1,0,9,1,21,0,2,0,1,28,37,0.22857142857142856,0.30864197530864196,0.4,0.7086419753086419,1,No,No,Player Team Season
669221,Sean Murphy,144,Atlanta Braves,144,Atlanta Braves,2025,2,Catcher,94,337,291,34,58,13,0,16,45,0,0,35,1,105,8,3,0,9,119,138,0.19931271477663232,0.2997032640949555,0.40893470790378006,0.7086379719987356,1,No,No,Player Team Season
678882,Ceddanne Rafaela,111,Boston Red Sox,111,Boston Red Sox,2025,8,Outfielder,156,587,546,84,136,34,4,16,63,20,5,28,0,117,8,2,3,9,226,253,0.2490842490842491,0.2945205479452055,0.4139194139194139,0.7084399618646193,1,No,No,Player Team Season
666181,Will Benson,113,Cincinnati Reds,113,Cincinnati Reds,2025,9,Outfielder,90,253,230,31,52,8,2,12,41,2,2,16,1,67,1,6,0,4,100,105,0.22608695652173913,0.2727272727272727,0.43478260869565216,0.7075098814229248,1,No,No,Player Team Season
683090,Matthew Lugo,108,Los Angeles Angels,108,Los Angeles Angels,2025,8,Outfielder,31,70,69,9,16,2,1,4,9,0,0,0,0,24,1,0,0,3,32,32,0.2318840579710145,0.24285714285714285,0.463768115942029,0.7066252587991718,1,No,No,Player Team Season
692216,CJ Kayfus,114,Cleveland Guardians,114,Cleveland Guardians,2025,9,Outfielder,44,138,123,16,27,10,1,4,19,4,0,11,0,38,2,1,1,0,51,47,0.21951219512195122,0.291970802919708,0.4146341463414634,0.7066049492611715,1,No,No,Player Team Season
669477,Casey Schmitt,137,San Francisco Giants,137,San Francisco Giants,2025,4,Second Base,95,348,312,34,74,15,0,12,40,0,0,27,1,83,5,3,1,6,125,149,0.23717948717948717,0.30547550432276654,0.40064102564102566,0.7061165299637921,1,No,No,Player Team Season
677942,Blaze Alexander,109,Arizona Diamondbacks,109,Arizona Diamondbacks,2025,5,Third Base,74,266,230,31,53,12,1,7,28,4,6,22,0,86,10,1,3,5,88,102,0.23043478260869565,0.3231939163498099,0.3826086956521739,0.7058026120019838,1,No,No,Player Team Season
680757,Steven Kwan,114,Cleveland Guardians,114,Cleveland Guardians,2025,7,Outfielder,156,693,625,81,170,29,1,11,56,21,5,55,2,60,3,7,3,3,234,168,0.272,0.33043478260869563,0.3744,0.7048347826086956,1,No,No,Player Team Season
621512,Tomás Nido,116,Detroit Tigers,116,Detroit Tigers,2025,2,Catcher,11,37,35,4,12,0,0,0,2,0,0,0,0,10,1,0,1,1,12,15,0.34285714285714286,0.3611111111111111,0.34285714285714286,0.7039682539682539,1,No,No,Player Team Season
643376,Danny Jansen,139,Tampa Bay Rays,139,Tampa Bay Rays,2025,2,Catcher,73,259,221,28,45,8,0,11,29,0,0,33,0,68,3,1,1,4,86,116,0.20361990950226244,0.313953488372093,0.3891402714932127,0.7030937598653058,2,Yes,Yes,Player Team Season
668901,Mark Vientos,121,New York Mets,121,New York Mets,2025,5,Third Base,121,463,424,44,99,21,2,17,61,1,0,30,0,115,5,4,0,11,175,188,0.23349056603773585,0.2894168466522678,0.41273584905660377,0.7021526957088715,1,No,No,Player Team Season
571912,Luke Maile,118,Kansas City Royals,118,Kansas City Royals,2025,2,Catcher,25,54,45,6,11,2,0,1,6,1,0,7,0,16,0,0,2,1,16,16,0.24444444444444444,0.34615384615384615,0.35555555555555557,0.7017094017094017,1,No,No,Player Team Season
686475,Tyler Tolbert,118,Kansas City Royals,118,Kansas City Royals,2025,8,Outfielder,64,57,50,19,14,2,0,1,6,21,2,1,0,11,3,2,1,1,19,27,0.28,0.32142857142857145,0.38,0.7014285714285715,1,No,No,Player Team Season
673237,Yainer Diaz,117,Houston Astros,117,Houston Astros,2025,2,Catcher,143,567,542,56,139,25,1,20,70,1,1,20,2,95,2,3,0,13,226,251,0.2564575645756458,0.2839506172839506,0.41697416974169743,0.7009247870256481,1,No,No,Player Team Season
671277,Luis García Jr.,120,Washington Nationals,120,Washington Nationals,2025,4,Second Base,139,526,488,67,123,28,1,16,66,14,5,27,1,84,2,9,0,7,201,197,0.2520491803278688,0.2889733840304182,0.41188524590163933,0.7008586299320576,1,No,No,Player Team Season
682663,Agustín Ramírez,146,Miami Marlins,146,Miami Marlins,2025,2,Catcher,136,585,537,72,124,33,1,21,67,16,3,36,2,113,8,4,0,13,222,217,0.2309124767225326,0.28717948717948716,0.4134078212290503,0.7005873084085374,1,No,No,Player Team Season
457705,Andrew McCutchen,134,Pittsburgh Pirates,134,Pittsburgh Pirates,2025,10,Designated Hitter,135,551,477,51,114,22,0,13,57,1,1,67,5,118,2,3,0,12,175,201,0.2389937106918239,0.3333333333333333,0.3668763102725367,0.70020964360587,1,No,No,Player Team Season
669701,Josh Smith,140,Texas Rangers,140,Texas Rangers,2025,6,Shortstop,144,563,495,70,124,23,2,10,35,12,3,55,2,100,8,1,3,3,181,190,0.2505050505050505,0.334525939177102,0.3656565656565657,0.7001825048336676,1,No,No,Player Team Season
592663,J.T. Realmuto,143,Philadelphia Phillies,143,Philadelphia Phillies,2025,2,Catcher,134,550,502,57,129,26,1,12,52,8,2,35,1,129,9,3,0,13,193,207,0.25697211155378485,0.3151183970856102,0.3844621513944223,0.6995805484800325,1,No,No,Player Team Season
502054,Tommy Pham,134,Pittsburgh Pirates,134,Pittsburgh Pirates,2025,7,Outfielder,120,449,392,44,96,17,1,10,52,5,3,50,3,94,2,5,0,12,145,168,0.24489795918367346,0.32962138084632514,0.36989795918367346,0.6995193400299986,1,No,No,Player Team Season
683083,Nasim Nuñez,120,Washington Nationals,120,Washington Nationals,2025,6,Shortstop,39,92,82,13,19,2,0,4,13,9,1,8,0,20,0,1,1,1,33,35,0.23170731707317074,0.2967032967032967,0.4024390243902439,0.6991423210935406,1,No,No,Player Team Season
808975,Hyeseong Kim,119,Los Angeles Dodgers,119,Los Angeles Dodgers,2025,4,Second Base,71,170,161,19,45,6,1,3,17,13,1,7,0,52,1,0,1,0,62,59,0.2795031055900621,0.3136094674556213,0.38509316770186336,0.6987026351574847,1,No,No,Player Team Season
664059,Sam Haggerty,140,Texas Rangers,140,Texas Rangers,2025,7,Outfielder,64,182,162,31,41,7,3,2,13,12,4,16,1,37,2,0,1,1,60,60,0.25308641975308643,0.3277777777777778,0.37037037037037035,0.6981481481481482,1,No,No,Player Team Season
663968,Jake Mangum,139,Tampa Bay Rays,139,Tampa Bay Rays,2025,7,Outfielder,118,428,405,37,120,18,1,3,40,27,6,19,0,64,2,1,1,4,149,159,0.2962962962962963,0.33021077283372363,0.36790123456790125,0.6981120074016249,1,No,No,Player Team Season
682653,Warming Bernabel,115,Colorado Rockies,115,Colorado Rockies,2025,3,First Base,40,146,139,15,35,8,1,4,14,1,1,7,0,25,0,0,0,2,57,57,0.2517985611510791,0.2876712328767123,0.41007194244604317,0.6977431753227554,1,No,No,Player Team Season
668709,JJ Bleday,133,Athletics,133,Athletics,2025,8,Outfielder,98,344,307,48,65,17,0,14,39,1,2,36,2,91,0,1,0,6,124,129,0.21172638436482086,0.2936046511627907,0.40390879478827363,0.6975134459510643,1,No,No,Player Team Season
681460,Brooks Baldwin,145,Chicago White Sox,145,Chicago White Sox,2025,7,Outfielder,103,328,300,32,72,15,1,11,38,5,0,21,0,86,1,2,4,9,122,138,0.24,0.29012345679012347,0.4066666666666667,0.6967901234567901,1,No,No,Player Team Season
663698,Joey Bart,134,Pittsburgh Pirates,134,Pittsburgh Pirates,2025,2,Catcher,93,332,285,21,71,12,1,4,30,1,1,40,0,93,7,0,0,14,97,133,0.24912280701754386,0.35542168674698793,0.34035087719298246,0.6957725639399703,1,No,No,Player Team Season
807799,Masataka Yoshida,111,Boston Red Sox,111,Boston Red Sox,2025,10,Designated Hitter,55,205,188,16,50,11,0,4,26,3,0,10,0,24,3,4,0,3,73,82,0.26595744680851063,0.3073170731707317,0.3882978723404255,0.6956149455111572,1,No,No,Player Team Season
669364,Xavier Edwards,146,Miami Marlins,146,Miami Marlins,2025,4,Second Base,139,619,561,75,159,20,5,3,43,27,7,49,2,88,3,3,3,6,198,157,0.28342245989304815,0.3425324675324675,0.35294117647058826,0.6954736440030558,1,No,No,Player Team Season
678662,Ezequiel Tovar,115,Colorado Rockies,115,Colorado Rockies,2025,6,Shortstop,95,390,360,44,91,18,4,9,33,5,3,21,0,98,1,2,6,2,144,118,0.25277777777777777,0.2942708333333333,0.4,0.6942708333333334,1,No,No,Player Team Season
592206,Nick Castellanos,143,Philadelphia Phillies,143,Philadelphia Phillies,2025,9,Outfielder,147,589,547,72,137,27,2,17,72,4,0,32,0,133,4,6,0,13,219,267,0.25045703839122485,0.2937181663837012,0.40036563071297987,0.6940837970966811,1,No,No,Player Team Season
543309,Kyle Higashioka,140,Texas Rangers,140,Texas Rangers,2025,2,Catcher,94,327,303,33,73,14,1,11,47,3,1,20,0,72,2,2,0,5,122,120,0.24092409240924093,0.290519877675841,0.40264026402640263,0.6931601417022436,1,No,No,Player Team Season
664034,Ty France,141,Toronto Blue Jays,141,Toronto Blue Jays,2025,3,First Base,37,103,94,9,26,6,0,1,8,0,0,3,1,20,4,2,0,3,35,37,0.2765957446808511,0.32038834951456313,0.3723404255319149,0.692728775046478,1,No,No,Player Team Season
689414,Liam Hicks,146,Miami Marlins,146,Miami Marlins,2025,2,Catcher,119,390,332,37,82,13,1,6,45,2,0,43,0,56,9,3,3,5,115,144,0.2469879518072289,0.3462532299741602,0.3463855421686747,0.6926387721428349,1,No,No,Player Team Season
656484,Tristan Gray,139,Tampa Bay Rays,139,Tampa Bay Rays,2025,4,Second Base,30,86,78,9,18,5,0,3,9,0,0,6,0,19,0,1,1,0,32,30,0.23076923076923078,0.2823529411764706,0.41025641025641024,0.6926093514328808,1,No,No,Player Team Season
695391,Brett Harris,133,Athletics,133,Athletics,2025,5,Third Base,32,84,73,11,20,5,0,0,5,1,0,7,0,21,2,1,1,1,25,28,0.273972602739726,0.3493975903614458,0.3424657534246575,0.6918633437861033,1,No,No,Player Team Season
596146,Max Kepler,143,Philadelphia Phillies,143,Philadelphia Phillies,2025,7,Outfielder,127,474,417,58,90,19,0,18,52,3,0,48,3,93,4,4,1,10,163,198,0.2158273381294964,0.30021141649048627,0.3908872901678657,0.691098706658352,1,No,No,Player Team Season
682641,Luis Matos,137,San Francisco Giants,137,San Francisco Giants,2025,9,Outfielder,57,184,172,26,38,9,1,8,22,4,0,11,0,27,0,1,0,5,73,75,0.22093023255813954,0.266304347826087,0.42441860465116277,0.6907229524772498,1,No,No,Player Team Season
702616,Jackson Holliday,110,Baltimore Orioles,110,Baltimore Orioles,2025,4,Second Base,149,649,586,70,142,21,3,17,55,17,11,56,1,140,6,1,0,4,220,191,0.24232081911262798,0.31432973805855163,0.37542662116040953,0.6897563592189612,1,No,No,Player Team Season
807713,Matt Shaw,112,Chicago Cubs,112,Chicago Cubs,2025,5,Third Base,126,437,393,57,89,21,3,13,44,17,5,38,0,94,2,4,0,2,155,169,0.22646310432569974,0.2951945080091533,0.3944020356234097,0.6895965436325631,1,No,No,Player Team Season
663609,Luken Baker,138,St. Louis Cardinals,138,St. Louis Cardinals,2025,10,Designated Hitter,19,41,34,3,8,3,0,0,2,0,0,7,0,10,0,0,0,3,11,22,0.23529411764705882,0.36585365853658536,0.3235294117647059,0.6893830703012913,1,No,No,Player Team Season
681393,Connor Norby,146,Miami Marlins,146,Miami Marlins,2025,5,Third Base,88,337,311,42,78,17,1,8,34,8,2,18,0,90,5,3,0,3,121,137,0.2508038585209003,0.2997032640949555,0.3890675241157556,0.6887707882107111,1,No,No,Player Team Season
700337,Edgar Quero,145,Chicago White Sox,145,Chicago White Sox,2025,2,Catcher,111,403,365,31,98,17,0,5,36,0,1,32,0,71,4,2,0,8,130,150,0.2684931506849315,0.3325062034739454,0.3561643835616438,0.6886705870355891,1,No,No,Player Team Season
701305,Zach Dezenzo,117,Houston Astros,117,Houston Astros,2025,7,Outfielder,34,109,98,17,24,6,0,2,10,1,0,11,0,37,0,0,0,2,36,50,0.24489795918367346,0.3211009174311927,0.3673469387755102,0.6884478562067029,1,No,No,Player Team Season
624512,Reese McGuire,112,Chicago Cubs,112,Chicago Cubs,2025,2,Catcher,45,140,133,17,30,2,0,9,24,0,0,4,0,27,0,2,1,3,59,62,0.22556390977443608,0.2446043165467626,0.44360902255639095,0.6882133391031535,1,No,No,Player Team Season
602104,Ramón Urías,110,Baltimore Orioles,110,Baltimore Orioles,2025,5,Third Base,77,290,258,27,64,12,0,8,34,2,0,21,0,60,2,9,0,5,100,119,0.24806201550387597,0.3,0.3875968992248062,0.6875968992248063,2,Yes,Yes,Player Team Season
669394,Jake Burger,140,Texas Rangers,140,Texas Rangers,2025,3,First Base,103,376,356,43,84,15,1,16,53,1,1,12,0,93,5,3,0,3,149,152,0.23595505617977527,0.26861702127659576,0.41853932584269665,0.6871563471192924,1,No,No,Player Team Season
691723,Coby Mayo,110,Baltimore Orioles,110,Baltimore Orioles,2025,3,First Base,85,294,263,30,57,12,0,11,28,3,0,27,0,84,4,0,0,2,102,116,0.21673003802281368,0.29931972789115646,0.38783269961977185,0.6871524275109283,1,No,No,Player Team Season
642851,Austin Wynns,133,Athletics,133,Athletics,2025,2,Catcher,22,67,63,7,14,5,0,3,10,0,0,2,0,20,0,1,1,2,28,27,0.2222222222222222,0.24242424242424243,0.4444444444444444,0.6868686868686869,2,Yes,Yes,Player Team Season
663457,Lars Nootbaar,138,St. Louis Cardinals,138,St. Louis Cardinals,2025,7,Outfielder,135,583,509,68,119,24,1,13,48,4,5,64,3,119,6,3,1,4,184,220,0.2337917485265226,0.3247422680412371,0.3614931237721022,0.6862353918133393,1,No,No,Player Team Season
527038,Wilmer Flores,137,San Francisco Giants,137,San Francisco Giants,2025,10,Designated Hitter,125,463,419,44,101,10,0,16,71,1,0,34,0,88,7,3,0,14,159,185,0.24105011933174225,0.30669546436285094,0.3794749403341289,0.6861704046969799,1,No,No,Player Team Season
553882,Omar Narváez,145,Chicago White Sox,145,Chicago White Sox,2025,2,Catcher,4,10,7,1,2,0,0,0,3,0,0,2,0,1,0,1,0,0,2,5,0.2857142857142857,0.4,0.2857142857142857,0.6857142857142857,1,No,No,Player Team Season
666624,Christopher Morel,139,Tampa Bay Rays,139,Tampa Bay Rays,2025,7,Outfielder,105,305,278,37,61,16,0,11,33,7,2,25,0,109,2,0,0,8,110,122,0.21942446043165467,0.28852459016393445,0.39568345323741005,0.6842080434013444,1,No,No,Player Team Season
673490,Ha-Seong Kim,144,Atlanta Braves,144,Atlanta Braves,2025,6,Shortstop,24,98,87,14,22,1,0,3,12,0,1,8,0,16,1,2,0,2,32,31,0.25287356321839083,0.3163265306122449,0.367816091954023,0.6841426225662679,2,Yes,Yes,Player Team Season
641933,Tyler O'Neill,110,Baltimore Orioles,110,Baltimore Orioles,2025,9,Outfielder,54,209,181,22,36,6,1,9,26,4,0,22,1,51,3,3,0,2,71,80,0.19889502762430938,0.291866028708134,0.39226519337016574,0.6841312220782998,1,No,No,Player Team Season
691185,Maximo Acosta,146,Miami Marlins,146,Miami Marlins,2025,5,Third Base,19,61,54,7,11,1,0,3,5,1,2,6,0,17,1,0,0,0,21,23,0.2037037037037037,0.29508196721311475,0.3888888888888889,0.6839708561020037,1,No,No,Player Team Season
687515,Colby Thomas,133,Athletics,133,Athletics,2025,9,Outfielder,49,132,120,20,27,5,0,6,19,2,1,7,0,49,1,3,1,3,50,59,0.225,0.26717557251908397,0.4166666666666667,0.6838422391857506,1,No,No,Player Team Season
673962,Josh Jung,140,Texas Rangers,140,Texas Rangers,2025,5,Third Base,131,511,482,53,121,23,1,14,61,4,1,27,0,129,2,0,0,10,188,200,0.25103734439834025,0.29354207436399216,0.3900414937759336,0.6835835681399258,1,No,No,Player Team Season
691594,Javier Sanoja,146,Miami Marlins,146,Miami Marlins,2025,5,Third Base,120,342,313,40,76,22,4,6,38,6,5,19,0,41,2,4,4,2,124,128,0.24281150159744408,0.2869822485207101,0.3961661341853035,0.6831483827060136,1,No,No,Player Team Season
553993,Eugenio Suárez,136,Seattle Mariners,136,Seattle Mariners,2025,5,Third Base,53,220,201,27,38,9,0,13,31,3,1,17,1,79,1,1,0,4,86,91,0.1890547263681592,0.2545454545454545,0.42786069651741293,0.6824061510628674,1,No,No,Player Team Season
680728,Adrian Del Castillo,109,Arizona Diamondbacks,109,Arizona Diamondbacks,2025,10,Designated Hitter,44,131,120,9,29,6,0,4,17,0,0,8,0,47,1,2,0,2,47,63,0.24166666666666667,0.2900763358778626,0.39166666666666666,0.6817430025445292,1,No,No,Player Team Season
641584,Jake Fraley,144,Atlanta Braves,144,Atlanta Braves,2025,9,Outfielder,9,24,23,2,7,1,0,0,0,0,1,1,0,8,0,0,0,0,8,9,0.30434782608695654,0.3333333333333333,0.34782608695652173,0.681159420289855,2,Yes,Yes,Player Team Season
595879,Javier Báez,116,Detroit Tigers,116,Detroit Tigers,2025,6,Shortstop,126,437,417,55,107,17,3,12,57,5,1,10,0,109,6,3,0,8,166,177,0.2565947242206235,0.28211009174311924,0.3980815347721823,0.6801916265153015,1,No,No,Player Team Season
624585,Jorge Soler,108,Los Angeles Angels,108,Los Angeles Angels,2025,9,Outfielder,82,315,279,31,60,12,0,12,34,0,0,28,0,94,4,3,0,5,108,120,0.21505376344086022,0.2929936305732484,0.3870967741935484,0.6800904047667968,1,No,No,Player Team Season
664702,Myles Straw,141,Toronto Blue Jays,141,Toronto Blue Jays,2025,8,Outfielder,137,299,267,51,70,14,1,4,32,12,1,19,0,50,1,1,11,5,98,127,0.26217228464419473,0.3125,0.36704119850187267,0.6795411985018727,1,No,No,Player Team Season
660644,Vidal Bruján,144,Atlanta Braves,144,Atlanta Braves,2025,6,Shortstop,24,47,41,8,11,2,0,0,5,0,0,5,0,9,1,0,0,0,13,21,0.2682926829268293,0.3617021276595745,0.3170731707317073,0.6787752983912818,3,Yes,Yes,Player Team Season
688363,Graham Pauley,146,Miami Marlins,146,Miami Marlins,2025,5,Third Base,62,184,161,18,36,9,1,4,11,2,0,21,0,36,0,1,1,1,59,61,0.2236024844720497,0.3114754098360656,0.36645962732919257,0.6779350371652582,1,No,No,Player Team Season
671739,Michael Harris II,144,Atlanta Braves,144,Atlanta Braves,2025,8,Outfielder,160,641,611,55,152,26,6,20,86,20,6,16,1,128,3,7,4,7,250,307,0.24877250409165302,0.2684458398744113,0.40916530278232405,0.6776111426567353,1,No,No,Player Team Season
663604,Brandon Lockridge,158,Milwaukee Brewers,158,Milwaukee Brewers,2025,8,Outfielder,20,53,46,8,12,3,1,0,6,2,0,4,0,12,0,2,1,0,17,23,0.2608695652173913,0.3076923076923077,0.3695652173913043,0.677257525083612,2,Yes,Yes,Player Team Season
642201,Eli White,144,Atlanta Braves,144,Atlanta Braves,2025,9,Outfielder,105,271,256,43,60,8,3,10,35,10,1,11,1,70,2,1,1,2,104,124,0.234375,0.27037037037037037,0.40625,0.6766203703703704,1,No,No,Player Team Season
683766,Christian Koss,137,San Francisco Giants,137,San Francisco Giants,2025,4,Second Base,76,191,174,25,46,9,0,3,23,4,1,9,0,45,3,2,3,4,64,78,0.26436781609195403,0.30851063829787234,0.367816091954023,0.6763267302518954,1,No,No,Player Team Season
642136,Matt Thaiss,145,Chicago White Sox,145,Chicago White Sox,2025,2,Catcher,35,110,85,11,18,4,0,1,8,1,1,23,0,21,1,1,0,2,25,32,0.21176470588235294,0.38181818181818183,0.29411764705882354,0.6759358288770054,2,Yes,Yes,Player Team Season
665833,Oneil Cruz,134,Pittsburgh Pirates,134,Pittsburgh Pirates,2025,8,Outfielder,135,544,471,62,94,18,3,20,61,38,5,64,4,174,4,5,0,6,178,217,0.19957537154989385,0.2977941176470588,0.37791932059447986,0.6757134382415386,1,No,No,Player Team Season
694728,Brice Matthews,117,Houston Astros,117,Houston Astros,2025,4,Second Base,13,47,42,6,7,0,0,4,9,1,0,2,0,20,1,0,2,0,19,19,0.16666666666666666,0.2222222222222222,0.4523809523809524,0.6746031746031746,1,No,No,Player Team Season
545121,Ildemaro Vargas,109,Arizona Diamondbacks,109,Arizona Diamondbacks,2025,4,Second Base,38,121,115,12,31,2,1,3,19,0,0,2,0,15,2,1,1,3,44,51,0.26956521739130435,0.2916666666666667,0.3826086956521739,0.6742753623188407,1,No,No,Player Team Season
518934,DJ LeMahieu,147,New York Yankees,147,New York Yankees,2025,4,Second Base,45,142,128,13,34,3,0,2,12,0,0,14,0,35,0,0,0,4,43,58,0.265625,0.3380281690140845,0.3359375,0.6739656690140845,1,No,No,Player Team Season
676572,Eric Wagaman,146,Miami Marlins,146,Miami Marlins,2025,3,First Base,140,514,476,56,119,28,3,9,53,4,1,32,0,100,1,5,0,11,180,210,0.25,0.29571984435797666,0.37815126050420167,0.6738711048621784,1,No,No,Player Team Season
691785,Marcelo Mayer,111,Boston Red Sox,111,Boston Red Sox,2025,5,Third Base,44,136,127,20,29,8,1,4,10,0,2,8,0,41,0,1,0,2,51,60,0.2283464566929134,0.27205882352941174,0.4015748031496063,0.673633626679018,1,No,No,Player Team Season
668939,Adley Rutschman,110,Baltimore Orioles,110,Baltimore Orioles,2025,2,Catcher,90,365,322,37,71,16,2,9,29,0,0,40,0,57,1,2,0,8,118,130,0.2204968944099379,0.30684931506849317,0.36645962732919257,0.6733089423976857,1,No,No,Player Team Season
691026,Masyn Winn,138,St. Louis Cardinals,138,St. Louis Cardinals,2025,6,Shortstop,129,537,491,72,124,27,0,9,51,9,5,34,0,102,8,2,2,11,178,192,0.2525458248472505,0.3102803738317757,0.3625254582484725,0.6728058320802481,1,No,No,Player Team Season
672640,Otto Lopez,146,Miami Marlins,146,Miami Marlins,2025,6,Shortstop,143,594,544,66,134,21,0,15,77,15,6,44,2,82,3,3,0,9,200,228,0.24632352941176472,0.3047138047138047,0.36764705882352944,0.6723608635373342,1,No,No,Player Team Season
668904,Royce Lewis,142,Minnesota Twins,142,Minnesota Twins,2025,5,Third Base,106,403,376,36,89,18,0,13,52,12,2,25,0,80,0,2,0,7,146,167,0.23670212765957446,0.28287841191067,0.3882978723404255,0.6711762842510955,1,No,No,Player Team Season
802415,Chandler Simpson,139,Tampa Bay Rays,139,Tampa Bay Rays,2025,8,Outfielder,109,441,414,53,122,15,3,0,26,44,12,20,0,43,0,2,3,10,143,125,0.2946859903381642,0.3256880733944954,0.34541062801932365,0.671098701413819,1,No,No,Player Team Season
670097,Zack Short,117,Houston Astros,117,Houston Astros,2025,6,Shortstop,22,56,50,9,11,2,0,2,7,0,1,4,0,18,1,0,1,0,19,18,0.22,0.2909090909090909,0.38,0.6709090909090909,1,No,No,Player Team Season
645277,Ozzie Albies,144,Atlanta Braves,144,Atlanta Braves,2025,4,Second Base,157,667,603,74,145,23,2,16,74,14,3,55,2,94,4,5,0,9,220,266,0.24046434494195687,0.3058470764617691,0.3648424543946932,0.6706895308564623,1,No,No,Player Team Season
701358,Cam Smith,117,Houston Astros,117,Houston Astros,2025,9,Outfielder,134,493,441,55,104,21,3,9,51,8,1,43,0,137,7,2,0,11,158,200,0.23582766439909297,0.31237322515212984,0.35827664399092973,0.6706498691430596,1,No,No,Player Team Season
663697,Jonathan India,118,Kansas City Royals,118,Kansas City Royals,2025,4,Second Base,136,567,497,63,116,29,0,9,45,0,4,54,0,106,13,2,1,10,172,153,0.23340040241448692,0.32332155477031804,0.3460764587525151,0.6693980135228331,1,No,No,Player Team Season
543760,Marcus Semien,140,Texas Rangers,140,Texas Rangers,2025,4,Second Base,127,534,470,62,108,16,1,15,62,11,1,50,0,93,5,9,0,8,171,198,0.2297872340425532,0.3052434456928839,0.3638297872340426,0.6690732329269264,1,No,No,Player Team Season
677588,José Tena,120,Washington Nationals,120,Washington Nationals,2025,5,Third Base,50,169,152,19,37,13,2,0,16,3,1,15,0,37,1,1,0,4,54,62,0.24342105263157895,0.3136094674556213,0.35526315789473684,0.6688726253503581,1,No,No,Player Team Season
669707,Jared Triolo,134,Pittsburgh Pirates,134,Pittsburgh Pirates,2025,6,Shortstop,107,376,331,41,75,18,2,7,24,13,2,39,1,76,2,1,3,4,118,136,0.22658610271903323,0.3109919571045576,0.3564954682779456,0.6674874253825032,1,No,No,Player Team Season
695257,Billy Cook,134,Pittsburgh Pirates,134,Pittsburgh Pirates,2025,9,Outfielder,3,6,6,1,2,0,0,0,0,0,0,0,0,1,0,0,0,0,2,3,0.3333333333333333,0.3333333333333333,0.3333333333333333,0.6666666666666666,1,No,No,Player Team Season
669357,Nolan Gorman,138,St. Louis Cardinals,138,St. Louis Cardinals,2025,5,Third Base,111,402,351,48,72,14,1,14,46,1,1,47,2,136,0,4,0,1,130,168,0.20512820512820512,0.2960199004975124,0.37037037037037035,0.6663902708678828,1,No,No,Player Team Season
571448,Nolan Arenado,138,St. Louis Cardinals,138,St. Louis Cardinals,2025,5,Third Base,107,436,401,48,95,18,1,12,52,3,0,28,4,49,3,4,0,10,151,196,0.23690773067331672,0.2889908256880734,0.3765586034912718,0.6655494291793451,1,No,No,Player Team Season
666969,Adolis García,140,Texas Rangers,140,Texas Rangers,2025,9,Outfielder,135,547,507,58,115,28,0,19,75,13,4,28,1,135,5,7,0,9,200,245,0.22682445759368836,0.27056672760511885,0.39447731755424065,0.6650440451593596,1,No,No,Player Team Season
692225,Kristian Campbell,111,Boston Red Sox,111,Boston Red Sox,2025,4,Second Base,67,263,229,24,51,10,0,6,21,2,1,29,0,72,4,1,0,1,79,115,0.22270742358078602,0.3193916349809886,0.34497816593886466,0.6643698009198533,1,No,No,Player Team Season
683011,Anthony Volpe,147,New York Yankees,147,New York Yankees,2025,6,Shortstop,153,596,539,65,114,32,4,19,72,18,8,43,0,150,4,7,3,10,211,275,0.21150278293135436,0.2715008431703204,0.3914656771799629,0.6629665203502833,1,No,No,Player Team Season
677595,Ronny Mauricio,121,New York Mets,121,New York Mets,2025,5,Third Base,61,184,168,19,38,6,0,6,10,4,0,15,1,54,1,0,0,5,62,79,0.2261904761904762,0.29347826086956524,0.36904761904761907,0.6625258799171843,1,No,No,Player Team Season
673357,Luis Robert Jr.,145,Chicago White Sox,145,Chicago White Sox,2025,8,Outfielder,110,431,382,52,85,12,0,14,53,33,8,40,3,112,2,3,1,8,139,175,0.22251308900523561,0.297423887587822,0.36387434554973824,0.6612982331375603,1,No,No,Player Team Season
693304,Nick Gonzales,134,Pittsburgh Pirates,134,Pittsburgh Pirates,2025,4,Second Base,96,408,381,39,99,18,3,5,30,0,2,21,0,73,2,4,0,12,138,157,0.25984251968503935,0.29901960784313725,0.36220472440944884,0.6612243322525861,1,No,No,Player Team Season
666310,Bo Naylor,114,Cleveland Guardians,114,Cleveland Guardians,2025,2,Catcher,123,414,359,46,70,22,1,14,47,1,2,45,0,99,1,6,3,4,136,144,0.19498607242339833,0.2822384428223844,0.3788300835654596,0.661068526387844,1,No,No,Player Team Season
686765,Nick Sogard,111,Boston Red Sox,111,Boston Red Sox,2025,3,First Base,30,104,96,13,25,8,0,0,9,2,1,5,0,24,3,0,0,3,33,46,0.2604166666666667,0.3173076923076923,0.34375,0.6610576923076923,1,No,No,Player Team Season
656537,Derek Hill,145,Chicago White Sox,145,Chicago White Sox,2025,8,Outfielder,4,8,7,0,2,0,0,0,1,0,0,0,0,2,1,0,0,0,2,1,0.2857142857142857,0.375,0.2857142857142857,0.6607142857142857,2,Yes,Yes,Player Team Season
647351,Abraham Toro,111,Boston Red Sox,111,Boston Red Sox,2025,3,First Base,77,284,259,33,62,13,0,7,27,2,1,14,1,42,6,5,0,1,96,98,0.23938223938223938,0.2887323943661972,0.37065637065637064,0.6593887650225678,1,No,No,Player Team Season
677950,Alek Thomas,109,Arizona Diamondbacks,109,Arizona Diamondbacks,2025,8,Outfielder,143,469,433,51,108,19,3,9,38,7,4,21,0,122,5,4,6,2,160,193,0.24942263279445728,0.2894168466522678,0.3695150115473441,0.658931858199612,1,No,No,Player Team Season
678554,Curtis Mead,139,Tampa Bay Rays,139,Tampa Bay Rays,2025,3,First Base,49,132,115,14,26,2,1,3,8,4,1,12,0,33,4,1,0,4,39,56,0.22608695652173913,0.3181818181818182,0.3391304347826087,0.6573122529644269,2,Yes,Yes,Player Team Season
665839,Enmanuel Valdez,134,Pittsburgh Pirates,134,Pittsburgh Pirates,2025,3,First Base,31,102,91,7,19,4,2,2,12,0,0,11,0,16,0,0,0,2,33,38,0.2087912087912088,0.29411764705882354,0.3626373626373626,0.6567550096961862,1,No,No,Player Team Season
663647,Ke'Bryan Hayes,113,Cincinnati Reds,113,Cincinnati Reds,2025,5,Third Base,52,178,158,16,37,6,1,3,13,2,1,18,0,30,1,1,0,4,54,68,0.23417721518987342,0.3146067415730337,0.34177215189873417,0.6563788934717678,1,No,No,Player Team Season
669242,Tommy Edman,119,Los Angeles Dodgers,119,Los Angeles Dodgers,2025,4,Second Base,97,377,346,49,78,13,1,13,49,3,1,19,0,61,6,5,1,4,132,138,0.2254335260115607,0.27393617021276595,0.3815028901734104,0.6554390603861764,1,No,No,Player Team Season
663743,Nick Fortes,139,Tampa Bay Rays,139,Tampa Bay Rays,2025,2,Catcher,38,101,89,8,19,3,0,3,11,1,0,7,0,25,5,0,0,3,31,32,0.21348314606741572,0.3069306930693069,0.34831460674157305,0.65524529981088,2,Yes,Yes,Player Team Season
642731,Thairo Estrada,115,Colorado Rockies,115,Colorado Rockies,2025,4,Second Base,39,165,154,14,39,9,0,3,21,1,3,6,0,26,2,3,0,6,57,63,0.2532467532467532,0.28484848484848485,0.37012987012987014,0.654978354978355,1,No,No,Player Team Season
681297,Colton Cowser,110,Baltimore Orioles,110,Baltimore Orioles,2025,8,Outfielder,92,360,327,36,64,14,0,16,40,14,0,27,1,128,6,0,0,5,126,142,0.19571865443425077,0.26944444444444443,0.3853211009174312,0.6547655453618757,1,No,No,Player Team Season
695681,Christian Moore,108,Los Angeles Angels,108,Los Angeles Angels,2025,4,Second Base,53,184,162,20,32,5,1,7,16,3,0,19,0,62,1,1,1,3,60,66,0.19753086419753085,0.28415300546448086,0.37037037037037035,0.6545233758348512,1,No,No,Player Team Season
686797,Brooks Lee,142,Minnesota Twins,142,Minnesota Twins,2025,6,Shortstop,139,527,487,50,115,15,1,16,64,3,1,31,0,92,4,5,0,11,180,209,0.23613963039014374,0.2846299810246679,0.36960985626283366,0.6542398372875016,1,No,No,Player Team Season
669234,Justyn-Henry Malloy,116,Detroit Tigers,116,Detroit Tigers,2025,10,Designated Hitter,52,127,104,15,23,6,0,1,17,0,0,20,0,32,1,2,0,1,32,37,0.22115384615384615,0.3464566929133858,0.3076923076923077,0.6541490006056936,1,No,No,Player Team Season
664728,Kyle Isbel,118,Kansas City Royals,118,Kansas City Royals,2025,8,Outfielder,135,409,368,42,94,16,4,4,33,4,5,23,0,74,2,3,13,7,130,151,0.2554347826086957,0.3005050505050505,0.3532608695652174,0.6537659200702679,1,No,No,Player Team Season
663624,Ryan Mountcastle,110,Baltimore Orioles,110,Baltimore Orioles,2025,3,First Base,89,357,332,34,83,18,0,7,35,3,0,15,0,98,4,6,0,10,122,147,0.25,0.2857142857142857,0.3674698795180723,0.653184165232358,1,No,No,Player Team Season
649966,Luis Urías,133,Athletics,133,Athletics,2025,4,Second Base,96,330,287,27,66,7,0,8,25,2,1,31,0,45,6,3,0,9,97,114,0.22996515679442509,0.3149847094801223,0.33797909407665505,0.6529638035567773,1,No,No,Player Team Season
628451,Andy Ibáñez,116,Detroit Tigers,116,Detroit Tigers,2025,5,Third Base,91,193,176,24,42,8,0,4,21,4,1,12,0,26,4,1,0,6,62,86,0.23863636363636365,0.3005181347150259,0.3522727272727273,0.6527908619877532,1,No,No,Player Team Season
642215,Weston Wilson,143,Philadelphia Phillies,143,Philadelphia Phillies,2025,7,Outfielder,54,125,111,15,22,4,0,5,17,2,3,12,0,34,1,0,1,1,41,45,0.1981981981981982,0.28225806451612906,0.36936936936936937,0.6516274338854984,1,No,No,Player Team Season
686668,Brenton Doyle,115,Colorado Rockies,115,Colorado Rockies,2025,8,Outfielder,138,538,502,57,117,23,2,15,57,18,2,30,0,138,0,4,2,14,189,194,0.23306772908366533,0.27425373134328357,0.37649402390438247,0.650747755247666,1,No,No,Player Team Season
666139,Josh Lowe,139,Tampa Bay Rays,139,Tampa Bay Rays,2025,9,Outfielder,108,435,396,56,87,21,2,11,40,18,4,33,1,109,3,2,1,7,145,170,0.2196969696969697,0.2834101382488479,0.3661616161616162,0.6495717544104641,1,No,No,Player Team Season
805367,Chase Meidroth,145,Chicago White Sox,145,Chicago White Sox,2025,6,Shortstop,122,505,450,54,114,15,0,5,23,14,4,45,0,72,6,1,3,14,144,153,0.25333333333333335,0.3286852589641434,0.32,0.6486852589641434,1,No,No,Player Team Season
667452,Corey Julks,145,Chicago White Sox,145,Chicago White Sox,2025,7,Outfielder,6,13,12,2,3,2,0,0,1,0,0,0,0,3,0,1,0,0,5,6,0.25,0.23076923076923078,0.4166666666666667,0.6474358974358975,1,No,No,Player Team Season
677347,Kyren Paris,108,Los Angeles Angels,108,Los Angeles Angels,2025,8,Outfielder,44,140,126,20,24,4,1,6,11,7,1,10,0,59,3,0,0,1,48,31,0.19047619047619047,0.26618705035971224,0.38095238095238093,0.6471394313120932,1,No,No,Player Team Season
663368,Blake Perkins,158,Milwaukee Brewers,158,Milwaukee Brewers,2025,8,Outfielder,54,171,155,25,35,6,2,3,19,7,2,15,0,47,1,0,0,4,54,82,0.22580645161290322,0.2982456140350877,0.34838709677419355,0.6466327108092813,1,No,No,Player Team Season
606992,Eric Haase,158,Milwaukee Brewers,158,Milwaukee Brewers,2025,2,Catcher,30,77,70,11,16,3,0,2,9,0,0,4,0,31,2,0,1,1,25,25,0.22857142857142856,0.2894736842105263,0.35714285714285715,0.6466165413533835,1,No,No,Player Team Season
672016,Denzel Clarke,133,Athletics,133,Athletics,2025,8,Outfielder,47,159,148,18,34,8,2,3,8,6,0,6,0,61,3,0,2,1,55,63,0.22972972972972974,0.27388535031847133,0.3716216216216216,0.645506971940093,1,No,No,Player Team Season
571657,Kyle Farmer,115,Colorado Rockies,115,Colorado Rockies,2025,4,Second Base,97,300,277,24,63,14,0,8,31,0,1,17,0,66,4,2,0,9,101,107,0.22743682310469315,0.28,0.36462093862815886,0.644620938628159,1,No,No,Player Team Season
643289,Mauricio Dubón,117,Houston Astros,117,Houston Astros,2025,7,Outfielder,133,398,369,43,89,21,0,7,33,3,0,24,0,42,1,1,3,12,131,175,0.24119241192411925,0.28860759493670884,0.35501355013550134,0.6436211450722102,1,No,No,Player Team Season
680574,Matt McLain,113,Cincinnati Reds,113,Cincinnati Reds,2025,4,Second Base,147,577,510,73,112,18,0,15,50,18,2,55,0,167,5,4,3,8,175,228,0.2196078431372549,0.29965156794425085,0.3431372549019608,0.6427888228462116,1,No,No,Player Team Season
657557,Paul DeJong,120,Washington Nationals,120,Washington Nationals,2025,5,Third Base,57,208,193,18,44,10,0,6,23,4,0,11,0,70,1,3,0,3,72,82,0.22797927461139897,0.2692307692307692,0.37305699481865284,0.642287764049422,1,No,No,Player Team Season
641857,Ryan McMahon,147,New York Yankees,147,New York Yankees,2025,5,Third Base,54,185,159,20,33,8,0,4,18,1,0,21,0,62,3,2,0,3,53,68,0.20754716981132076,0.3081081081081081,0.3333333333333333,0.6414414414414414,1,No,No,Player Team Season
695336,Thomas Saggese,138,St. Louis Cardinals,138,St. Louis Cardinals,2025,4,Second Base,82,295,275,25,71,17,0,2,25,3,0,16,0,83,1,2,1,5,94,122,0.2581818181818182,0.29931972789115646,0.3418181818181818,0.6411379097093383,1,No,No,Player Team Season
683748,Victor Mesa Jr.,146,Miami Marlins,146,Miami Marlins,2025,7,Outfielder,16,38,32,7,6,2,0,1,6,0,0,5,0,5,0,0,1,0,11,21,0.1875,0.2972972972972973,0.34375,0.6410472972972974,1,No,No,Player Team Season
602104,Ramón Urías,117,Houston Astros,117,Houston Astros,2025,4,Second Base,35,101,94,6,21,5,0,3,10,1,0,6,0,28,0,1,0,1,35,36,0.22340425531914893,0.26732673267326734,0.3723404255319149,0.6396671582051823,2,Yes,Yes,Player Team Season
641598,Mitch Garver,136,Seattle Mariners,136,Seattle Mariners,2025,2,Catcher,87,290,254,29,53,5,1,9,30,3,0,30,1,80,3,3,0,6,87,130,0.20866141732283464,0.296551724137931,0.3425196850393701,0.6390714091773011,1,No,No,Player Team Season
456781,Donovan Solano,136,Seattle Mariners,136,Seattle Mariners,2025,3,First Base,69,176,163,10,41,4,1,3,21,0,0,8,0,38,3,2,0,9,56,88,0.25153374233128833,0.29545454545454547,0.34355828220858897,0.6390128276631344,2,Yes,Yes,Player Team Season
672356,Gabriel Arias,114,Cleveland Guardians,114,Cleveland Guardians,2025,6,Shortstop,129,471,432,44,95,25,2,11,54,8,4,27,1,162,7,4,1,8,157,168,0.2199074074074074,0.274468085106383,0.36342592592592593,0.6378940110323089,1,No,No,Player Team Season
691777,Max Muncy,133,Athletics,133,Athletics,2025,5,Third Base,63,220,206,17,44,7,0,9,23,1,1,10,0,68,3,1,0,1,78,79,0.21359223300970873,0.2590909090909091,0.3786407766990291,0.6377316857899382,1,No,No,Player Team Season
670223,Matt Mervis,146,Miami Marlins,146,Miami Marlins,2025,3,First Base,42,134,120,15,21,4,0,7,14,0,0,11,1,50,2,1,0,1,46,61,0.175,0.2537313432835821,0.38333333333333336,0.6370646766169155,1,No,No,Player Team Season
624424,Michael Conforto,119,Los Angeles Dodgers,119,Los Angeles Dodgers,2025,7,Outfielder,138,486,418,54,83,20,0,12,36,1,0,56,0,121,9,3,0,12,139,187,0.19856459330143542,0.3045267489711934,0.33253588516746413,0.6370626341386576,1,No,No,Player Team Season
650968,Yohel Pozo,138,St. Louis Cardinals,138,St. Louis Cardinals,2025,2,Catcher,67,168,160,16,37,8,0,5,19,0,0,7,0,22,0,1,0,4,60,70,0.23125,0.2619047619047619,0.375,0.6369047619047619,1,No,No,Player Team Season
663743,Nick Fortes,146,Miami Marlins,146,Miami Marlins,2025,2,Catcher,59,141,129,11,31,6,1,2,10,0,0,7,0,22,2,1,2,4,45,58,0.24031007751937986,0.28776978417266186,0.3488372093023256,0.6366069934749874,2,Yes,Yes,Player Team Season
682177,Daniel Schneemann,114,Cleveland Guardians,114,Cleveland Guardians,2025,4,Second Base,131,422,379,48,78,18,1,12,41,9,3,38,1,117,3,1,1,4,134,151,0.20580474934036938,0.2826603325415677,0.35356200527704484,0.6362223378186125,1,No,No,Player Team Season
666163,Ben Rortvedt,119,Los Angeles Dodgers,119,Los Angeles Dodgers,2025,2,Catcher,18,58,49,7,11,2,0,1,4,0,0,4,0,9,2,0,3,1,16,18,0.22448979591836735,0.3090909090909091,0.32653061224489793,0.635621521335807,2,Yes,Yes,Player Team Season
678894,Liover Peguero,134,Pittsburgh Pirates,134,Pittsburgh Pirates,2025,6,Shortstop,33,88,80,9,16,1,0,4,8,4,0,6,0,25,2,0,0,3,29,43,0.2,0.2727272727272727,0.3625,0.6352272727272728,1,No,No,Player Team Season
679845,Nick Loftin,118,Kansas City Royals,118,Kansas City Royals,2025,7,Outfielder,67,188,168,17,35,9,2,4,20,1,1,14,0,27,3,2,1,7,60,58,0.20833333333333334,0.27807486631016043,0.35714285714285715,0.6352177234530176,1,No,No,Player Team Season
686780,Pedro Pagés,138,St. Louis Cardinals,138,St. Louis Cardinals,2025,2,Catcher,112,389,361,38,83,15,0,11,45,0,0,19,1,107,3,3,3,9,131,179,0.2299168975069252,0.27202072538860106,0.3628808864265928,0.6349016118151938,1,No,No,Player Team Season
695238,Will Wagner,141,Toronto Blue Jays,141,Toronto Blue Jays,2025,5,Third Base,40,132,114,13,27,7,0,0,7,1,0,15,0,26,2,0,1,2,34,51,0.23684210526315788,0.33587786259541985,0.2982456140350877,0.6341234766305075,2,Yes,Yes,Player Team Season
666397,Edouard Julien,142,Minnesota Twins,142,Minnesota Twins,2025,3,First Base,64,208,182,13,40,10,0,3,12,0,3,22,0,61,2,1,1,3,59,83,0.21978021978021978,0.30917874396135264,0.3241758241758242,0.6333545681371768,1,No,No,Player Team Season
690022,Ryan Ritter,115,Colorado Rockies,115,Colorado Rockies,2025,6,Shortstop,60,207,187,22,45,9,3,1,18,3,1,10,0,61,5,1,4,7,63,85,0.24064171122994651,0.2955665024630542,0.33689839572192515,0.6324648981849794,1,No,No,Player Team Season
643396,Isiah Kiner-Falefa,134,Pittsburgh Pirates,134,Pittsburgh Pirates,2025,6,Shortstop,119,428,401,40,106,20,2,1,35,15,4,17,0,69,4,1,5,9,133,173,0.26433915211970077,0.30023640661938533,0.3316708229426434,0.6319072295620287,2,Yes,Yes,Player Team Season
686611,Dylan Crews,120,Washington Nationals,120,Washington Nationals,2025,9,Outfielder,85,322,293,43,61,8,2,10,27,17,5,24,0,76,5,0,0,4,103,127,0.20819112627986347,0.2795031055900621,0.3515358361774744,0.6310389417675365,1,No,No,Player Team Season
670042,Luke Raley,136,Seattle Mariners,136,Seattle Mariners,2025,9,Outfielder,73,219,183,23,37,8,0,4,19,2,1,19,0,64,13,1,3,2,57,81,0.20218579234972678,0.3194444444444444,0.3114754098360656,0.63091985428051,1,No,No,Player Team Season
665828,Oswaldo Cabrera,147,New York Yankees,147,New York Yankees,2025,5,Third Base,34,122,107,17,26,4,0,1,11,0,1,11,0,25,2,1,1,1,33,51,0.24299065420560748,0.32231404958677684,0.308411214953271,0.6307252645400478,1,No,No,Player Team Season
677587,Brayan Rocchio,114,Cleveland Guardians,114,Cleveland Guardians,2025,6,Shortstop,115,383,344,34,80,18,2,5,44,8,4,22,0,77,8,5,4,4,117,137,0.23255813953488372,0.29023746701846964,0.34011627906976744,0.6303537460882371,1,No,No,Player Team Season
666211,Taylor Trammell,117,Houston Astros,117,Houston Astros,2025,8,Outfielder,52,135,117,15,23,7,0,3,12,3,2,17,0,41,0,1,0,0,39,46,0.19658119658119658,0.2962962962962963,0.3333333333333333,0.6296296296296295,1,No,No,Player Team Season
641555,J.C. Escarra,147,New York Yankees,147,New York Yankees,2025,2,Catcher,40,98,84,5,17,5,0,2,11,1,0,11,0,14,1,2,0,1,28,34,0.20238095238095238,0.29591836734693877,0.3333333333333333,0.629251700680272,1,No,No,Player Team Season
681351,Logan O'Hoppe,108,Los Angeles Angels,108,Los Angeles Angels,2025,2,Catcher,119,451,423,35,90,8,1,19,43,2,1,24,0,139,2,1,1,12,157,195,0.2127659574468085,0.2577777777777778,0.37115839243498816,0.6289361702127659,1,No,No,Player Team Season
620443,Luis Torrens,121,New York Mets,121,New York Mets,2025,2,Catcher,93,283,261,20,59,14,1,5,29,1,0,19,0,56,2,0,1,7,90,100,0.2260536398467433,0.28368794326241137,0.3448275862068966,0.6285155294693079,1,No,No,Player Team Season
682657,Angel Martínez,114,Cleveland Guardians,114,Cleveland Guardians,2025,8,Outfielder,139,484,446,56,100,23,2,11,45,8,2,23,0,110,6,4,5,8,160,174,0.2242152466367713,0.26931106471816285,0.35874439461883406,0.6280554593369969,1,No,No,Player Team Season
640492,José Azócar,121,New York Mets,121,New York Mets,2025,X,Unknown,12,20,18,5,5,0,0,0,1,1,0,2,0,1,0,0,0,0,5,15,0.2777777777777778,0.35,0.2777777777777778,0.6277777777777778,2,Yes,Yes,Player Team Season
804668,Rafael Flores Jr.,134,Pittsburgh Pirates,134,Pittsburgh Pirates,2025,3,First Base,7,17,15,0,3,2,0,0,0,0,0,2,0,7,0,0,0,0,5,9,0.2,0.29411764705882354,0.3333333333333333,0.6274509803921569,1,No,No,Player Team Season
671286,Johnathan Rodríguez,114,Cleveland Guardians,114,Cleveland Guardians,2025,9,Outfielder,31,77,71,6,14,4,1,2,10,1,0,6,0,22,0,0,0,2,26,31,0.19718309859154928,0.2597402597402597,0.36619718309859156,0.6259374428388513,1,No,No,Player Team Season
805373,Nacho Alvarez Jr.,144,Atlanta Braves,144,Atlanta Braves,2025,5,Third Base,58,208,188,18,44,12,0,2,15,0,0,12,0,49,5,1,2,1,62,68,0.23404255319148937,0.2961165048543689,0.32978723404255317,0.6259037388969221,1,No,No,Player Team Season
676466,Jack Winkler,146,Miami Marlins,146,Miami Marlins,2025,4,Second Base,14,16,16,2,4,2,0,0,0,1,0,0,0,4,0,0,0,0,6,4,0.25,0.25,0.375,0.625,1,No,No,Player Team Season
644433,Chadwick Tromp,110,Baltimore Orioles,110,Baltimore Orioles,2025,2,Catcher,6,16,16,2,3,1,0,1,1,0,0,0,0,4,0,0,0,0,7,11,0.1875,0.1875,0.4375,0.625,2,Yes,Yes,Player Team Season
643396,Isiah Kiner-Falefa,141,Toronto Blue Jays,141,Toronto Blue Jays,2025,4,Second Base,19,31,30,5,7,1,0,1,5,0,0,0,0,8,1,0,0,0,11,11,0.23333333333333334,0.25806451612903225,0.36666666666666664,0.624731182795699,2,Yes,Yes,Player Team Season
572191,Michael A. Taylor,145,Chicago White Sox,145,Chicago White Sox,2025,8,Outfielder,134,325,295,33,59,20,1,9,35,8,3,23,1,110,1,2,4,7,108,129,0.2,0.2585669781931464,0.36610169491525424,0.6246686731084006,1,No,No,Player Team Season
624431,Jose Trevino,113,Cincinnati Reds,113,Cincinnati Reds,2025,2,Catcher,94,302,282,30,67,20,0,4,22,0,0,15,0,39,0,4,1,9,99,114,0.2375886524822695,0.2724252491694352,0.35106382978723405,0.6234890789566693,1,No,No,Player Team Season
689172,Brett Wisely,137,San Francisco Giants,137,San Francisco Giants,2025,4,Second Base,22,54,48,5,10,4,0,1,10,1,1,4,0,10,0,0,2,0,17,23,0.20833333333333334,0.2692307692307692,0.3541666666666667,0.6233974358974359,2,Yes,Yes,Player Team Season
650859,Luis Rengifo,108,Los Angeles Angels,108,Los Angeles Angels,2025,5,Third Base,147,541,501,55,119,16,3,9,43,10,7,33,0,104,3,3,1,7,168,189,0.2375249500998004,0.28703703703703703,0.33532934131736525,0.6223663783544022,1,No,No,Player Team Season
664238,Dylan Moore,136,Seattle Mariners,136,Seattle Mariners,2025,9,Outfielder,88,213,192,29,37,5,0,9,19,12,4,19,0,76,0,2,0,1,69,91,0.19270833333333334,0.26291079812206575,0.359375,0.6222857981220657,2,Yes,Yes,Player Team Season
571771,Enrique Hernández,119,Los Angeles Dodgers,119,Los Angeles Dodgers,2025,3,First Base,93,256,232,30,47,8,0,10,35,0,0,18,0,68,0,5,1,7,85,120,0.2025862068965517,0.2549019607843137,0.36637931034482757,0.6212812711291413,1,No,No,Player Team Season
678009,Parker Meadows,116,Detroit Tigers,116,Detroit Tigers,2025,8,Outfielder,58,213,191,22,41,6,2,4,16,4,0,21,0,56,0,1,0,0,63,65,0.21465968586387435,0.29107981220657275,0.3298429319371728,0.6209227441437455,1,No,No,Player Team Season
694374,Tim Tawa,109,Arizona Diamondbacks,109,Arizona Diamondbacks,2025,4,Second Base,74,225,199,29,40,8,0,7,18,8,2,20,0,64,1,3,2,6,69,102,0.20100502512562815,0.273542600896861,0.34673366834170855,0.6202762692385695,1,No,No,Player Team Season
670156,Miles Mastrobuoni,136,Seattle Mariners,136,Seattle Mariners,2025,5,Third Base,76,175,152,20,38,4,0,1,12,6,3,17,0,29,0,1,5,2,45,65,0.25,0.3235294117647059,0.29605263157894735,0.6195820433436532,1,No,No,Player Team Season
691373,Jhostynxon Garcia,111,Boston Red Sox,111,Boston Red Sox,2025,7,Outfielder,5,9,7,0,1,1,0,0,0,0,0,2,0,5,0,0,0,0,2,2,0.14285714285714285,0.3333333333333333,0.2857142857142857,0.6190476190476191,1,No,No,Player Team Season
670224,Kameron Misner,139,Tampa Bay Rays,139,Tampa Bay Rays,2025,8,Outfielder,71,217,197,27,42,9,1,5,22,8,1,16,0,69,1,2,1,1,68,92,0.2131979695431472,0.27314814814814814,0.34517766497461927,0.6183258131227674,1,No,No,Player Team Season
672569,Gustavo Campero,108,Los Angeles Angels,108,Los Angeles Angels,2025,9,Outfielder,28,66,58,9,10,1,0,3,8,4,1,5,0,14,3,0,0,2,20,32,0.1724137931034483,0.2727272727272727,0.3448275862068966,0.6175548589341693,1,No,No,Player Team Season
667472,Dane Myers,146,Miami Marlins,146,Miami Marlins,2025,8,Outfielder,106,333,307,29,72,10,0,6,31,18,5,23,0,77,2,1,0,12,100,143,0.23452768729641693,0.2912912912912913,0.3257328990228013,0.6170241903140925,1,No,No,Player Team Season
663837,Matt Vierling,116,Detroit Tigers,116,Detroit Tigers,2025,8,Outfielder,31,100,88,6,21,3,0,1,11,2,0,7,0,24,3,2,0,1,27,26,0.23863636363636365,0.31,0.3068181818181818,0.6168181818181818,1,No,No,Player Team Season
666023,Freddy Fermin,135,San Diego Padres,135,San Diego Padres,2025,2,Catcher,42,139,127,15,31,6,0,2,14,0,0,6,0,28,0,0,6,3,43,69,0.2440944881889764,0.2781954887218045,0.33858267716535434,0.6167781658871588,1,No,No,Player Team Season
608671,Travis Jankowski,139,Tampa Bay Rays,139,Tampa Bay Rays,2025,9,Outfielder,14,34,31,6,8,2,0,0,2,2,0,2,0,9,0,1,0,0,10,10,0.25806451612903225,0.29411764705882354,0.3225806451612903,0.6166982922201139,3,Yes,Yes,Player Team Season
622534,Manuel Margot,116,Detroit Tigers,116,Detroit Tigers,2025,9,Outfielder,6,20,19,1,6,0,0,0,3,0,0,0,0,6,0,1,0,0,6,3,0.3157894736842105,0.3,0.3157894736842105,0.6157894736842104,1,No,No,Player Team Season
666185,Dylan Carlson,110,Baltimore Orioles,110,Baltimore Orioles,2025,7,Outfielder,83,241,217,17,44,9,1,6,20,3,3,21,0,54,2,1,0,3,73,88,0.20276497695852536,0.27800829875518673,0.33640552995391704,0.6144138287091038,1,No,No,Player Team Season
592626,Joc Pederson,140,Texas Rangers,140,Texas Rangers,2025,10,Designated Hitter,96,306,265,28,48,10,1,9,26,2,0,34,0,65,5,1,0,5,87,135,0.1811320754716981,0.28524590163934427,0.3283018867924528,0.613547788431797,1,No,No,Player Team Season
570482,Gio Urshela,133,Athletics,133,Athletics,2025,5,Third Base,59,197,181,10,43,14,1,0,20,0,1,13,0,40,0,1,2,6,59,87,0.23756906077348067,0.28717948717948716,0.3259668508287293,0.6131463380082165,1,No,No,Player Team Season
692585,Yanquiel Fernández,115,Colorado Rockies,115,Colorado Rockies,2025,10,Designated Hitter,52,147,138,13,31,5,0,4,11,0,0,8,0,44,0,1,0,4,48,55,0.2246376811594203,0.2653061224489796,0.34782608695652173,0.6131322094055014,1,No,No,Player Team Season
673490,Ha-Seong Kim,139,Tampa Bay Rays,139,Tampa Bay Rays,2025,6,Shortstop,24,93,84,5,18,3,0,2,5,6,1,8,0,23,1,0,0,0,27,32,0.21428571428571427,0.2903225806451613,0.32142857142857145,0.6117511520737328,2,Yes,Yes,Player Team Season
672744,Alexander Canario,134,Pittsburgh Pirates,134,Pittsburgh Pirates,2025,7,Outfielder,87,234,216,25,47,6,1,6,20,3,1,17,0,80,0,1,0,5,73,112,0.2175925925925926,0.27350427350427353,0.33796296296296297,0.6114672364672364,1,No,No,Player Team Season
660821,Jesús Sánchez,117,Houston Astros,117,Houston Astros,2025,7,Outfielder,48,160,146,21,29,9,0,4,12,4,1,13,0,40,1,0,0,2,50,69,0.19863013698630136,0.26875,0.3424657534246575,0.6112157534246575,1,No,No,Player Team Season
666915,Bobby Dalbec,145,Chicago White Sox,145,Chicago White Sox,2025,3,First Base,7,21,18,2,4,1,0,0,1,0,0,3,0,6,0,0,0,1,5,2,0.2222222222222222,0.3333333333333333,0.2777777777777778,0.6111111111111112,1,No,No,Player Team Season
669374,Keston Hiura,115,Colorado Rockies,115,Colorado Rockies,2025,3,First Base,8,21,18,3,4,1,0,0,1,0,0,0,0,7,3,0,0,0,5,5,0.2222222222222222,0.3333333333333333,0.2777777777777778,0.6111111111111112,1,No,No,Player Team Season
669911,Michael Toglia,115,Colorado Rockies,115,Colorado Rockies,2025,3,First Base,88,337,306,22,58,15,1,11,32,3,0,28,2,132,1,2,0,7,108,123,0.1895424836601307,0.258160237388724,0.35294117647058826,0.6111014138593123,1,No,No,Player Team Season
645302,Victor Robles,136,Seattle Mariners,136,Seattle Mariners,2025,9,Outfielder,32,114,106,12,26,4,1,1,9,6,2,3,0,26,3,2,0,3,35,44,0.24528301886792453,0.2807017543859649,0.330188679245283,0.610890433631248,1,No,No,Player Team Season
687952,Christian Encarnacion-Strand,113,Cincinnati Reds,113,Cincinnati Reds,2025,3,First Base,36,137,130,13,27,4,0,6,19,0,2,3,0,32,2,2,0,1,49,55,0.2076923076923077,0.23357664233576642,0.3769230769230769,0.6104997192588433,1,No,No,Player Team Season
681584,David Villar,137,San Francisco Giants,137,San Francisco Giants,2025,3,First Base,9,25,20,4,4,1,0,0,1,0,0,4,0,5,1,0,0,1,5,9,0.2,0.36,0.25,0.61,1,No,No,Player Team Season
668670,Jake Rogers,116,Detroit Tigers,116,Detroit Tigers,2025,2,Catcher,49,142,123,14,23,5,2,3,19,0,0,15,0,39,1,2,1,3,41,46,0.18699186991869918,0.2765957446808511,0.3333333333333333,0.6099290780141844,1,No,No,Player Team Season
553869,Elias Díaz,135,San Diego Padres,135,San Diego Padres,2025,2,Catcher,106,283,255,34,52,7,0,9,29,0,0,21,0,74,2,0,5,11,86,145,0.20392156862745098,0.2697841726618705,0.33725490196078434,0.6070390746226548,1,No,No,Player Team Season
702284,Cole Young,136,Seattle Mariners,136,Seattle Mariners,2025,4,Second Base,77,257,223,24,47,7,1,4,24,1,0,28,1,47,2,2,2,4,68,103,0.21076233183856502,0.30196078431372547,0.30493273542600896,0.6068935197397345,1,No,No,Player Team Season
656537,Derek Hill,146,Miami Marlins,146,Miami Marlins,2025,8,Outfielder,53,141,127,19,27,6,0,3,10,7,0,9,0,46,2,0,3,3,42,76,0.2125984251968504,0.2753623188405797,0.33070866141732286,0.6060709802579025,2,Yes,Yes,Player Team Season
656413,Stuart Fairchild,144,Atlanta Braves,144,Atlanta Braves,2025,9,Outfielder,28,55,51,7,11,4,1,0,2,2,1,4,0,15,0,0,0,2,17,21,0.21568627450980393,0.2727272727272727,0.3333333333333333,0.606060606060606,1,No,No,Player Team Season
687957,Dustin Harris,140,Texas Rangers,140,Texas Rangers,2025,7,Outfielder,19,43,40,5,8,3,0,1,2,1,1,3,0,13,0,0,0,1,14,14,0.2,0.2558139534883721,0.35,0.6058139534883721,1,No,No,Player Team Season
663967,César Salazar,117,Houston Astros,117,Houston Astros,2025,2,Catcher,11,16,13,0,3,0,0,0,1,0,0,2,0,2,1,0,0,1,3,9,0.23076923076923078,0.375,0.23076923076923078,0.6057692307692308,1,No,No,Player Team Season
666149,Tyler Fitzgerald,137,San Francisco Giants,137,San Francisco Giants,2025,4,Second Base,72,243,217,19,47,10,1,4,14,9,4,17,0,70,2,1,6,3,71,96,0.21658986175115208,0.27848101265822783,0.3271889400921659,0.6056699527503937,1,No,No,Player Team Season
685301,Matt Gorski,134,Pittsburgh Pirates,134,Pittsburgh Pirates,2025,3,First Base,15,42,41,2,8,0,1,2,4,0,1,1,0,16,0,0,0,1,16,27,0.1951219512195122,0.21428571428571427,0.3902439024390244,0.6045296167247387,1,No,No,Player Team Season
810938,Ben Williamson,136,Seattle Mariners,136,Seattle Mariners,2025,5,Third Base,85,295,277,36,70,13,0,1,21,5,1,15,0,64,1,0,2,5,86,118,0.2527075812274368,0.2935153583617747,0.3104693140794224,0.6039846724411971,1,No,No,Player Team Season
682927,Ronny Simon,146,Miami Marlins,146,Miami Marlins,2025,4,Second Base,19,56,47,6,11,2,0,0,5,0,0,7,0,7,0,1,1,1,13,23,0.23404255319148937,0.32727272727272727,0.2765957446808511,0.6038684719535783,2,Yes,Yes,Player Team Season
671221,Drew Waters,118,Kansas City Royals,118,Kansas City Royals,2025,7,Outfielder,71,219,206,21,50,6,3,1,14,5,3,11,0,60,2,0,0,2,65,93,0.24271844660194175,0.2876712328767123,0.3155339805825243,0.6032052134592366,1,No,No,Player Team Season
641680,Jonah Heim,140,Texas Rangers,140,Texas Rangers,2025,2,Catcher,124,433,395,38,84,14,0,11,43,3,0,32,0,88,1,4,1,10,131,152,0.21265822784810126,0.2708333333333333,0.33164556962025316,0.6024789029535864,1,No,No,Player Team Season
672275,Patrick Bailey,137,San Francisco Giants,137,San Francisco Giants,2025,2,Catcher,135,452,409,47,91,18,3,6,55,1,0,30,0,133,3,6,4,7,133,201,0.22249388753056235,0.2767857142857143,0.3251833740831296,0.6019690883688439,1,No,No,Player Team Season
457759,Justin Turner,112,Chicago Cubs,112,Chicago Cubs,2025,3,First Base,80,191,169,14,37,7,0,3,18,2,0,17,0,37,1,4,0,3,53,67,0.21893491124260356,0.2879581151832461,0.3136094674556213,0.6015675826388673,1,No,No,Player Team Season
690976,Alex Freeland,119,Los Angeles Dodgers,119,Los Angeles Dodgers,2025,5,Third Base,29,97,84,10,16,2,1,2,6,1,0,11,0,35,1,0,1,3,26,41,0.19047619047619047,0.2916666666666667,0.30952380952380953,0.6011904761904763,1,No,No,Player Team Season
687363,Victor Scott II,138,St. Louis Cardinals,138,St. Louis Cardinals,2025,8,Outfielder,138,463,398,54,86,15,1,5,37,34,4,42,0,111,10,3,10,3,118,161,0.21608040201005024,0.304635761589404,0.2964824120603015,0.6011181736497055,1,No,No,Player Team Season
665750,Leody Taveras,140,Texas Rangers,140,Texas Rangers,2025,8,Outfielder,30,82,79,7,19,3,1,1,8,6,1,2,0,23,0,0,1,0,27,28,0.24050632911392406,0.25925925925925924,0.34177215189873417,0.6010314111579934,2,Yes,Yes,Player Team Season
665155,Nick Maton,145,Chicago White Sox,145,Chicago White Sox,2025,10,Designated Hitter,25,63,54,5,9,2,0,2,4,0,1,9,0,19,0,0,0,0,17,22,0.16666666666666666,0.2857142857142857,0.3148148148148148,0.6005291005291005,1,No,No,Player Team Season
683227,Cody Freeman,140,Texas Rangers,140,Texas Rangers,2025,4,Second Base,36,121,114,13,26,4,0,3,15,1,1,5,0,19,0,1,1,3,39,37,0.22807017543859648,0.25833333333333336,0.34210526315789475,0.6004385964912281,1,No,No,Player Team Season
666134,Nolan Jones,114,Cleveland Guardians,114,Cleveland Guardians,2025,9,Outfielder,136,403,355,34,75,14,2,5,34,8,3,39,1,113,5,3,1,6,108,147,0.2112676056338028,0.2960199004975124,0.30422535211267604,0.6002452526101885,1,No,No,Player Team Season
670764,Taylor Walls,139,Tampa Bay Rays,139,Tampa Bay Rays,2025,6,Shortstop,101,317,282,36,62,14,1,4,38,14,6,26,0,70,0,6,3,1,90,125,0.2198581560283688,0.2802547770700637,0.3191489361702128,0.5994037132402765,1,No,No,Player Team Season
687231,Darell Hernaiz,133,Athletics,133,Athletics,2025,6,Shortstop,51,197,173,17,40,5,1,2,16,3,4,17,0,24,0,5,2,2,53,86,0.23121387283236994,0.2923076923076923,0.3063583815028902,0.5986660738105825,1,No,No,Player Team Season
665926,Andrés Giménez,141,Toronto Blue Jays,141,Toronto Blue Jays,2025,4,Second Base,101,369,329,39,69,11,1,7,35,12,2,25,0,66,11,3,1,8,103,142,0.20972644376899696,0.28532608695652173,0.3130699088145897,0.5983959957711114,1,No,No,Player Team Season
621035,Chris Taylor,108,Los Angeles Angels,108,Los Angeles Angels,2025,9,Outfielder,30,90,78,11,14,5,0,2,10,2,1,5,0,29,6,1,0,0,25,37,0.1794871794871795,0.2777777777777778,0.32051282051282054,0.5982905982905984,2,Yes,Yes,Player Team Season
621438,Tyrone Taylor,121,New York Mets,121,New York Mets,2025,8,Outfielder,113,341,310,34,69,18,3,2,27,12,2,16,1,76,9,2,3,4,99,130,0.22258064516129034,0.2789317507418398,0.3193548387096774,0.5982865894515172,1,No,No,Player Team Season
669087,Sam Huff,137,San Francisco Giants,137,San Francisco Giants,2025,2,Catcher,20,58,53,5,11,1,0,2,4,0,0,4,0,25,0,1,0,2,18,26,0.20754716981132076,0.25862068965517243,0.33962264150943394,0.5982433311646064,1,No,No,Player Team Season
518595,Travis d'Arnaud,108,Los Angeles Angels,108,Los Angeles Angels,2025,2,Catcher,69,231,213,16,42,13,0,6,21,0,0,13,0,74,4,1,0,5,73,92,0.19718309859154928,0.2554112554112554,0.3427230046948357,0.598134260106091,1,No,No,Player Team Season
687551,Drew Gilbert,137,San Francisco Giants,137,San Francisco Giants,2025,9,Outfielder,39,109,100,12,19,5,1,3,13,1,1,7,0,20,1,1,0,2,35,42,0.19,0.24770642201834864,0.35,0.5977064220183486,1,No,No,Player Team Season
668800,Andrew Knizner,137,San Francisco Giants,137,San Francisco Giants,2025,2,Catcher,33,88,77,12,17,1,1,1,5,0,0,7,0,10,2,1,1,0,23,25,0.22077922077922077,0.2988505747126437,0.2987012987012987,0.5975518734139424,1,No,No,Player Team Season
641943,Joshua Palacios,145,Chicago White Sox,145,Chicago White Sox,2025,9,Outfielder,51,145,128,11,26,4,0,3,9,0,0,12,0,36,4,0,1,0,39,63,0.203125,0.2916666666666667,0.3046875,0.5963541666666667,1,No,No,Player Team Season
669208,Ryan Bliss,136,Seattle Mariners,136,Seattle Mariners,2025,4,Second Base,11,39,35,1,7,1,0,1,3,2,2,4,0,11,0,0,0,2,11,15,0.2,0.28205128205128205,0.3142857142857143,0.5963369963369963,1,No,No,Player Team Season
660688,Keibert Ruiz,120,Washington Nationals,120,Washington Nationals,2025,2,Catcher,68,267,255,19,63,12,0,2,25,0,2,8,0,26,3,1,0,4,81,102,0.24705882352941178,0.27715355805243447,0.3176470588235294,0.5948006168759639,1,No,No,Player Team Season
665923,Esteury Ruiz,119,Los Angeles Dodgers,119,Los Angeles Dodgers,2025,7,Outfielder,19,23,21,2,4,0,0,1,2,4,0,2,0,8,0,0,0,0,7,10,0.19047619047619047,0.2608695652173913,0.3333333333333333,0.5942028985507246,1,No,No,Player Team Season
687401,Joey Ortiz,158,Milwaukee Brewers,158,Milwaukee Brewers,2025,6,Shortstop,149,506,470,62,108,18,1,7,45,14,3,27,0,74,3,0,6,10,149,232,0.2297872340425532,0.276,0.3170212765957447,0.5930212765957448,1,No,No,Player Team Season
681807,David Fry,114,Cleveland Guardians,114,Cleveland Guardians,2025,10,Designated Hitter,66,157,146,16,25,4,0,8,23,1,0,9,0,58,2,0,0,3,53,79,0.17123287671232876,0.22929936305732485,0.363013698630137,0.5923130616874619,1,No,No,Player Team Season
578428,Jose Iglesias,135,San Diego Padres,135,San Diego Padres,2025,4,Second Base,112,343,306,29,70,11,0,3,36,5,1,24,0,56,7,2,4,7,90,138,0.22875816993464052,0.29793510324483774,0.29411764705882354,0.5920527503036612,1,No,No,Player Team Season
664983,Jake McCarthy,109,Arizona Diamondbacks,109,Arizona Diamondbacks,2025,7,Outfielder,67,222,206,18,42,7,5,4,20,6,0,10,0,40,2,1,3,2,71,88,0.20388349514563106,0.2465753424657534,0.3446601941747573,0.5912355366405107,1,No,No,Player Team Season
690924,Braxton Fulford,115,Colorado Rockies,115,Colorado Rockies,2025,2,Catcher,38,120,108,11,23,5,2,1,16,1,0,7,0,36,2,3,0,1,35,37,0.21296296296296297,0.26666666666666666,0.32407407407407407,0.5907407407407408,1,No,No,Player Team Season
696030,Alejandro Osuna,140,Texas Rangers,140,Texas Rangers,2025,7,Outfielder,63,176,151,12,32,4,0,2,15,5,4,21,1,34,2,2,0,1,42,55,0.2119205298013245,0.3125,0.2781456953642384,0.5906456953642384,1,No,No,Player Team Season
670231,John Rave,118,Kansas City Royals,118,Kansas City Royals,2025,9,Outfielder,72,175,153,18,30,5,0,4,14,7,2,18,0,46,1,1,2,1,47,68,0.19607843137254902,0.2832369942196532,0.30718954248366015,0.5904265367033134,1,No,No,Player Team Season
666152,David Hamilton,111,Boston Red Sox,111,Boston Red Sox,2025,4,Second Base,91,194,177,27,35,4,1,6,19,22,6,13,0,47,1,0,3,3,59,82,0.1977401129943503,0.25654450261780104,0.3333333333333333,0.5898778359511343,1,No,No,Player Team Season
702176,Alan Roden,141,Toronto Blue Jays,141,Toronto Blue Jays,2025,7,Outfielder,43,113,98,12,20,5,1,1,8,0,1,8,0,24,4,3,0,0,30,50,0.20408163265306123,0.2831858407079646,0.30612244897959184,0.5893082896875564,2,Yes,Yes,Player Team Season
682729,Jonatan Clase,141,Toronto Blue Jays,141,Toronto Blue Jays,2025,7,Outfielder,34,112,100,10,21,3,0,2,9,3,1,10,0,28,1,0,1,1,30,43,0.21,0.2882882882882883,0.3,0.5882882882882883,1,No,No,Player Team Season
665561,Rafael Marchán,143,Philadelphia Phillies,143,Philadelphia Phillies,2025,2,Catcher,42,118,105,9,22,4,0,2,13,0,0,10,0,17,1,1,1,1,32,55,0.20952380952380953,0.28205128205128205,0.3047619047619048,0.5868131868131868,1,No,No,Player Team Season
642136,Matt Thaiss,139,Tampa Bay Rays,139,Tampa Bay Rays,2025,2,Catcher,25,80,71,5,16,2,1,0,8,0,0,6,0,25,2,0,1,0,20,36,0.22535211267605634,0.3037974683544304,0.28169014084507044,0.5854876091995008,2,Yes,Yes,Player Team Season
657077,Alex Verdugo,144,Atlanta Braves,144,Atlanta Braves,2025,7,Outfielder,56,213,197,21,47,10,0,0,12,1,0,14,0,31,2,0,0,1,57,84,0.23857868020304568,0.29577464788732394,0.2893401015228426,0.5851147494101665,1,No,No,Player Team Season
691720,Kyle Karros,115,Colorado Rockies,115,Colorado Rockies,2025,5,Third Base,43,156,137,20,31,4,0,1,9,0,0,15,0,41,2,2,0,5,38,56,0.22627737226277372,0.3076923076923077,0.2773722627737226,0.5850645704660303,1,No,No,Player Team Season
678554,Curtis Mead,145,Chicago White Sox,145,Chicago White Sox,2025,5,Third Base,41,132,125,12,30,8,0,0,11,1,0,3,0,30,4,0,0,5,38,49,0.24,0.2803030303030303,0.304,0.5843030303030303,2,Yes,Yes,Player Team Season
691023,Jordan Walker,138,St. Louis Cardinals,138,St. Louis Cardinals,2025,9,Outfielder,111,396,363,40,78,13,1,6,41,10,3,29,1,126,3,1,0,9,111,176,0.21487603305785125,0.2777777777777778,0.30578512396694213,0.5835629017447199,1,No,No,Player Team Season
696285,Jacob Young,120,Washington Nationals,120,Washington Nationals,2025,8,Outfielder,120,364,324,34,75,10,1,2,31,15,11,27,0,65,3,1,9,7,93,135,0.23148148148148148,0.29577464788732394,0.28703703703703703,0.582811684924361,1,No,No,Player Team Season
694377,Nick Yorke,134,Pittsburgh Pirates,134,Pittsburgh Pirates,2025,4,Second Base,22,72,69,7,16,3,0,1,8,1,0,3,0,15,0,0,0,1,22,29,0.2318840579710145,0.2638888888888889,0.3188405797101449,0.5827294685990339,1,No,No,Player Team Season
605361,Nick Martini,115,Colorado Rockies,115,Colorado Rockies,2025,10,Designated Hitter,43,111,102,9,23,4,0,1,4,0,0,9,1,18,0,0,0,1,30,31,0.22549019607843138,0.2882882882882883,0.29411764705882354,0.5824059353471118,1,No,No,Player Team Season
687221,Dalton Rushing,119,Los Angeles Dodgers,119,Los Angeles Dodgers,2025,2,Catcher,53,155,142,15,29,5,0,4,24,0,0,10,0,58,1,2,0,1,46,75,0.20422535211267606,0.25806451612903225,0.323943661971831,0.5820081781008632,1,No,No,Player Team Season
686681,Michael Massey,118,Kansas City Royals,118,Kansas City Royals,2025,4,Second Base,77,277,262,20,64,9,0,3,20,2,1,9,0,43,1,4,1,3,82,112,0.24427480916030533,0.26811594202898553,0.31297709923664124,0.5810930412656268,1,No,No,Player Team Season
669003,Garrett Mitchell,158,Milwaukee Brewers,158,Milwaukee Brewers,2025,8,Outfielder,25,78,68,9,14,4,1,0,3,3,0,7,0,25,1,1,1,0,20,23,0.20588235294117646,0.2857142857142857,0.29411764705882354,0.5798319327731092,1,No,No,Player Team Season
671213,Triston Casas,111,Boston Red Sox,111,Boston Red Sox,2025,3,First Base,29,112,99,5,18,3,0,3,11,0,0,11,2,27,2,0,0,3,30,41,0.18181818181818182,0.2767857142857143,0.30303030303030304,0.5798160173160174,1,No,No,Player Team Season
666464,Jerar Encarnacion,137,San Francisco Giants,137,San Francisco Giants,2025,9,Outfielder,19,56,55,5,11,3,0,2,7,1,0,1,0,15,0,0,0,3,20,26,0.2,0.21428571428571427,0.36363636363636365,0.577922077922078,1,No,No,Player Team Season
669450,Cooper Hummel,117,Houston Astros,117,Houston Astros,2025,7,Outfielder,36,104,87,10,15,0,0,3,7,1,0,14,0,30,2,0,1,1,24,46,0.1724137931034483,0.30097087378640774,0.27586206896551724,0.576832942751925,2,Yes,Yes,Player Team Season
680862,Willie MacIver,133,Athletics,133,Athletics,2025,2,Catcher,33,111,102,7,19,5,0,3,9,3,0,7,0,27,2,0,0,1,33,47,0.18627450980392157,0.25225225225225223,0.3235294117647059,0.5757816640169582,1,No,No,Player Team Season
669289,Santiago Espinal,113,Cincinnati Reds,113,Cincinnati Reds,2025,5,Third Base,114,328,301,25,73,12,0,0,16,2,1,21,0,38,1,2,3,11,85,128,0.2425249169435216,0.2923076923076923,0.2823920265780731,0.5746997188857654,1,No,No,Player Team Season
656896,Emmanuel Rivera,110,Baltimore Orioles,110,Baltimore Orioles,2025,5,Third Base,43,127,120,5,30,4,0,0,13,1,0,6,0,24,1,0,0,3,34,51,0.25,0.29133858267716534,0.2833333333333333,0.5746719160104987,1,No,No,Player Team Season
691781,Brady House,120,Washington Nationals,120,Washington Nationals,2025,5,Third Base,73,274,261,26,61,11,0,4,29,5,3,8,0,78,0,5,0,11,84,111,0.23371647509578544,0.2518248175182482,0.3218390804597701,0.5736638979780183,1,No,No,Player Team Season
700246,Carson Williams,139,Tampa Bay Rays,139,Tampa Bay Rays,2025,6,Shortstop,32,106,99,11,17,3,0,5,12,2,1,6,0,44,0,0,1,3,35,47,0.1717171717171717,0.21904761904761905,0.35353535353535354,0.5725829725829725,1,No,No,Player Team Season
690987,Robert Hassell III,120,Washington Nationals,120,Washington Nationals,2025,8,Outfielder,70,206,197,22,44,9,0,3,18,4,0,8,0,62,1,0,0,4,62,71,0.2233502538071066,0.25728155339805825,0.3147208121827411,0.5720023655807993,1,No,No,Player Team Season
455117,Martín Maldonado,135,San Diego Padres,135,San Diego Padres,2025,2,Catcher,64,161,147,11,30,6,0,4,12,0,0,8,0,57,0,0,6,3,48,53,0.20408163265306123,0.24516129032258063,0.32653061224489793,0.5716919025674786,1,No,No,Player Team Season
645305,Ali Sánchez,141,Toronto Blue Jays,141,Toronto Blue Jays,2025,2,Catcher,8,21,21,2,5,2,0,0,0,0,0,0,0,5,0,0,0,1,7,14,0.23809523809523808,0.23809523809523808,0.3333333333333333,0.5714285714285714,2,Yes,Yes,Player Team Season
624513,Dom Nuñez,114,Cleveland Guardians,114,Cleveland Guardians,2025,2,Catcher,2,7,7,2,2,0,0,0,0,0,0,0,0,4,0,0,0,0,2,4,0.2857142857142857,0.2857142857142857,0.2857142857142857,0.5714285714285714,1,No,No,Player Team Season
669288,Daniel Johnson,137,San Francisco Giants,137,San Francisco Giants,2025,X,Unknown,14,31,29,5,5,2,0,1,1,1,0,2,0,8,0,0,0,0,10,5,0.1724137931034483,0.22580645161290322,0.3448275862068966,0.5706340378197998,2,Yes,Yes,Player Team Season
676801,Chas McCormick,117,Houston Astros,117,Houston Astros,2025,8,Outfielder,66,116,100,13,21,5,0,1,5,2,3,9,0,31,1,1,5,1,29,44,0.21,0.27927927927927926,0.29,0.5692792792792792,1,No,No,Player Team Season
679032,Johan Rojas,143,Philadelphia Phillies,143,Philadelphia Phillies,2025,8,Outfielder,71,172,152,23,34,3,2,1,18,12,2,13,0,40,0,3,4,2,44,78,0.2236842105263158,0.27976190476190477,0.2894736842105263,0.5692355889724311,1,No,No,Player Team Season
680474,Max Schuemann,133,Athletics,133,Athletics,2025,4,Second Base,101,213,183,20,36,4,2,2,13,7,1,22,0,35,4,1,3,6,50,77,0.19672131147540983,0.29523809523809524,0.273224043715847,0.5684621389539423,1,No,No,Player Team Season
683357,Owen Caissie,112,Chicago Cubs,112,Chicago Cubs,2025,9,Outfielder,12,27,26,4,5,1,0,1,4,0,0,1,0,11,0,0,0,0,9,8,0.19230769230769232,0.2222222222222222,0.34615384615384615,0.5683760683760684,1,No,No,Player Team Season
682668,Luisangel Acuña,121,New York Mets,121,New York Mets,2025,4,Second Base,95,193,175,30,41,7,0,0,8,16,1,13,0,37,2,1,2,6,48,89,0.2342857142857143,0.2931937172774869,0.2742857142857143,0.5674794315632012,1,No,No,Player Team Season
694203,Denzer Guzman,108,Los Angeles Angels,108,Los Angeles Angels,2025,6,Shortstop,13,43,42,4,8,1,0,2,3,0,0,1,0,22,0,0,0,0,15,20,0.19047619047619047,0.20930232558139536,0.35714285714285715,0.5664451827242525,1,No,No,Player Team Season
677008,Heston Kjerstad,110,Baltimore Orioles,110,Baltimore Orioles,2025,7,Outfielder,54,167,156,16,30,5,2,4,19,1,0,6,0,45,4,1,0,9,51,86,0.19230769230769232,0.23952095808383234,0.3269230769230769,0.5664440350069093,1,No,No,Player Team Season
545341,Randal Grichuk,118,Kansas City Royals,118,Kansas City Royals,2025,9,Outfielder,43,105,97,10,20,3,0,2,5,0,0,7,0,22,1,0,0,1,29,39,0.20618556701030927,0.26666666666666666,0.29896907216494845,0.5656357388316151,2,Yes,Yes,Player Team Season
623993,Anthony Santander,141,Toronto Blue Jays,141,Toronto Blue Jays,2025,10,Designated Hitter,54,221,194,16,34,5,0,6,18,0,0,25,1,61,1,1,0,6,57,113,0.17525773195876287,0.27149321266968324,0.29381443298969073,0.565307645659374,1,No,No,Player Team Season
656775,Cedric Mullins,121,New York Mets,121,New York Mets,2025,8,Outfielder,42,143,121,16,22,4,1,2,10,8,0,16,0,35,2,2,2,0,34,56,0.18181818181818182,0.28368794326241137,0.2809917355371901,0.5646796787996015,1,No,No,Player Team Season
656582,Connor Joe,113,Cincinnati Reds,113,Cincinnati Reds,2025,9,Outfielder,35,70,61,2,13,4,0,0,4,2,2,6,0,14,1,2,0,2,17,35,0.21311475409836064,0.2857142857142857,0.2786885245901639,0.5644028103044496,2,Yes,Yes,Player Team Season
664913,Seth Brown,133,Athletics,133,Athletics,2025,X,Unknown,38,76,65,6,12,2,0,1,3,1,0,9,0,23,2,0,0,2,17,38,0.18461538461538463,0.3026315789473684,0.26153846153846155,0.56417004048583,1,No,No,Player Team Season
595751,Jorge Alfaro,120,Washington Nationals,120,Washington Nationals,2025,2,Catcher,14,39,39,3,10,2,0,0,3,1,0,0,0,14,0,0,0,0,12,15,0.2564102564102564,0.2564102564102564,0.3076923076923077,0.5641025641025641,1,No,No,Player Team Season
571466,Tucker Barnhart,140,Texas Rangers,140,Texas Rangers,2025,2,Catcher,8,15,13,0,3,0,0,0,0,0,0,1,0,4,1,0,0,2,3,11,0.23076923076923078,0.3333333333333333,0.23076923076923078,0.5641025641025641,1,No,No,Player Team Season
642180,Tyler Wade,135,San Diego Padres,135,San Diego Padres,2025,8,Outfielder,60,127,107,13,22,1,2,0,9,1,2,15,0,31,1,0,4,0,27,51,0.205607476635514,0.3089430894308943,0.2523364485981308,0.5612795380290252,1,No,No,Player Team Season
656180,Riley Adams,120,Washington Nationals,120,Washington Nationals,2025,2,Catcher,83,286,263,29,49,8,0,8,24,1,0,18,0,110,5,0,0,6,81,128,0.18631178707224336,0.2517482517482518,0.30798479087452474,0.5597330426227765,1,No,No,Player Team Season
694212,Samuel Basallo,110,Baltimore Orioles,110,Baltimore Orioles,2025,2,Catcher,31,118,109,10,18,6,0,4,15,0,0,6,0,30,3,0,0,4,36,49,0.1651376146788991,0.2288135593220339,0.3302752293577982,0.5590887886798321,1,No,No,Player Team Season
677649,Ezequiel Duran,140,Texas Rangers,140,Texas Rangers,2025,6,Shortstop,90,219,205,16,46,14,0,0,14,11,2,8,0,55,4,1,1,3,60,93,0.22439024390243903,0.26605504587155965,0.2926829268292683,0.5587379727008279,1,No,No,Player Team Season
681546,James Outman,142,Minnesota Twins,142,Minnesota Twins,2025,8,Outfielder,37,104,95,11,14,4,1,4,7,1,0,8,0,45,1,0,0,0,32,45,0.14736842105263157,0.22115384615384615,0.3368421052631579,0.5579959514170041,2,Yes,Yes,Player Team Season
694362,Blake Dunn,113,Cincinnati Reds,113,Cincinnati Reds,2025,9,Outfielder,30,75,60,10,9,2,0,1,7,1,1,8,0,25,7,0,0,1,14,29,0.15,0.32,0.23333333333333334,0.5533333333333333,1,No,No,Player Team Season
669326,Bryce Teodosio,108,Los Angeles Angels,108,Los Angeles Angels,2025,8,Outfielder,50,150,138,12,28,7,2,1,7,7,1,5,0,47,4,2,1,2,42,46,0.2028985507246377,0.2483221476510067,0.30434782608695654,0.5526699737379632,1,No,No,Player Team Season
669398,Gage Workman,112,Chicago Cubs,112,Chicago Cubs,2025,5,Third Base,9,15,14,0,3,1,0,0,2,1,0,1,0,6,0,0,0,0,4,10,0.21428571428571427,0.26666666666666666,0.2857142857142857,0.5523809523809524,2,Yes,Yes,Player Team Season
672279,Michael Siani,138,St. Louis Cardinals,138,St. Louis Cardinals,2025,8,Outfielder,19,19,17,4,4,0,0,0,0,0,0,2,0,7,0,0,0,0,4,5,0.23529411764705882,0.3157894736842105,0.23529411764705882,0.5510835913312693,1,No,No,Player Team Season
700242,Trey Sweeney,116,Detroit Tigers,116,Detroit Tigers,2025,6,Shortstop,118,326,296,36,58,6,2,6,32,3,1,26,0,92,0,4,0,2,86,135,0.19594594594594594,0.25766871165644173,0.2905405405405405,0.5482092521969822,1,No,No,Player Team Season
664774,LaMonte Wade Jr.,137,San Francisco Giants,137,San Francisco Giants,2025,3,First Base,50,169,144,12,24,8,2,1,15,0,0,21,1,35,1,1,2,2,39,70,0.16666666666666666,0.2754491017964072,0.2708333333333333,0.5462824351297405,2,Yes,Yes,Player Team Season
669722,Logan Davidson,108,Los Angeles Angels,108,Los Angeles Angels,2025,3,First Base,10,23,22,2,4,1,0,1,2,0,0,0,0,10,0,0,1,0,8,4,0.18181818181818182,0.18181818181818182,0.36363636363636365,0.5454545454545454,2,Yes,Yes,Player Team Season
543877,Christian Vázquez,142,Minnesota Twins,142,Minnesota Twins,2025,2,Catcher,65,214,190,14,36,7,0,3,14,1,1,18,0,35,4,2,0,3,52,92,0.18947368421052632,0.27102803738317754,0.2736842105263158,0.5447122479094934,1,No,No,Player Team Season
691783,Jordan Lawlar,109,Arizona Diamondbacks,109,Arizona Diamondbacks,2025,5,Third Base,28,74,66,9,12,7,0,0,5,2,0,6,0,26,1,1,0,0,19,22,0.18181818181818182,0.25675675675675674,0.2878787878787879,0.5446355446355446,1,No,No,Player Team Season
606115,Orlando Arcia,115,Colorado Rockies,115,Colorado Rockies,2025,4,Second Base,62,182,172,12,35,6,1,3,12,0,1,9,0,39,0,1,0,4,52,72,0.20348837209302326,0.24175824175824176,0.3023255813953488,0.5440838231535906,2,Yes,Yes,Player Team Season
645444,Jose Herrera,109,Arizona Diamondbacks,109,Arizona Diamondbacks,2025,2,Catcher,58,204,166,21,31,6,0,2,17,0,0,23,0,47,1,3,11,2,43,66,0.18674698795180722,0.2849740932642487,0.25903614457831325,0.544010237842562,1,No,No,Player Team Season
663898,Brendan Rodgers,117,Houston Astros,117,Houston Astros,2025,4,Second Base,43,128,115,12,22,4,0,2,11,0,1,11,0,46,1,1,0,2,32,66,0.19130434782608696,0.265625,0.2782608695652174,0.5438858695652173,1,No,No,Player Team Season
624415,Cavan Biggio,118,Kansas City Royals,118,Kansas City Royals,2025,10,Designated Hitter,37,83,69,9,12,2,0,1,4,1,0,11,0,21,1,0,2,0,17,32,0.17391304347826086,0.2962962962962963,0.2463768115942029,0.5426731078904992,1,No,No,Player Team Season
592192,Mark Canha,118,Kansas City Royals,118,Kansas City Royals,2025,7,Outfielder,46,125,113,9,24,3,0,1,6,0,1,7,0,24,3,2,0,1,30,52,0.21238938053097345,0.272,0.26548672566371684,0.5374867256637168,1,No,No,Player Team Season
676044,Bob Seymour,139,Tampa Bay Rays,139,Tampa Bay Rays,2025,3,First Base,26,83,78,9,16,1,1,1,5,1,0,4,0,32,1,0,0,0,22,28,0.20512820512820512,0.25301204819277107,0.28205128205128205,0.5350633302440531,1,No,No,Player Team Season
669397,Nick Allen,144,Atlanta Braves,144,Atlanta Braves,2025,6,Shortstop,135,416,371,32,82,11,0,0,22,8,7,31,0,99,3,3,8,8,93,162,0.2210242587601078,0.28431372549019607,0.25067385444743934,0.5349875799376353,1,No,No,Player Team Season
669261,Jack Suwinski,134,Pittsburgh Pirates,134,Pittsburgh Pirates,2025,8,Outfielder,59,178,150,15,22,7,0,3,10,7,1,24,1,57,4,0,0,1,38,70,0.14666666666666667,0.2808988764044944,0.25333333333333335,0.5342322097378278,1,No,No,Player Team Season
695506,Jac Caglianone,118,Kansas City Royals,118,Kansas City Royals,2025,9,Outfielder,62,232,210,19,33,6,1,7,18,1,0,18,0,52,4,0,0,4,62,88,0.15714285714285714,0.23706896551724138,0.29523809523809524,0.5323070607553366,1,No,No,Player Team Season
683734,Andrew Vaughn,145,Chicago White Sox,145,Chicago White Sox,2025,3,First Base,48,193,185,9,35,8,0,5,19,0,0,7,0,43,0,1,0,4,58,91,0.1891891891891892,0.21761658031088082,0.31351351351351353,0.5311300938243944,2,Yes,Yes,Player Team Season
672284,Jarred Kelenic,144,Atlanta Braves,144,Atlanta Braves,2025,9,Outfielder,24,65,60,7,10,2,0,2,2,0,1,5,0,23,0,0,0,1,18,27,0.16666666666666666,0.23076923076923078,0.3,0.5307692307692308,1,No,No,Player Team Season
605353,Vimael Machín,110,Baltimore Orioles,110,Baltimore Orioles,2025,5,Third Base,4,12,11,1,1,0,0,1,1,0,0,1,0,2,0,0,0,0,4,6,0.09090909090909091,0.16666666666666666,0.36363636363636365,0.5303030303030303,1,No,No,Player Team Season
682988,Tyler Locklear,109,Arizona Diamondbacks,109,Arizona Diamondbacks,2025,3,First Base,31,116,103,11,18,0,0,3,6,3,1,10,0,43,3,0,0,3,27,60,0.17475728155339806,0.2672413793103448,0.2621359223300971,0.5293773016404419,1,No,No,Player Team Season
595978,Austin Hedges,114,Cleveland Guardians,114,Cleveland Guardians,2025,2,Catcher,70,180,155,13,25,3,0,5,10,1,2,18,0,43,1,2,4,2,43,69,0.16129032258064516,0.25,0.27741935483870966,0.5274193548387096,1,No,No,Player Team Season
641658,Garrett Hampson,109,Arizona Diamondbacks,109,Arizona Diamondbacks,2025,4,Second Base,18,41,30,10,5,0,0,0,0,2,1,9,0,10,0,0,2,0,5,12,0.16666666666666666,0.358974358974359,0.16666666666666666,0.5256410256410257,3,Yes,Yes,Player Team Season
660644,Vidal Bruján,112,Chicago Cubs,112,Chicago Cubs,2025,5,Third Base,36,47,45,6,10,3,0,0,3,2,1,1,0,12,0,1,0,1,13,25,0.2222222222222222,0.23404255319148937,0.28888888888888886,0.5229314420803782,3,Yes,Yes,Player Team Season
671284,Tim Elko,145,Chicago White Sox,145,Chicago White Sox,2025,3,First Base,23,72,67,6,9,1,0,4,8,1,0,5,0,30,0,0,0,1,22,39,0.13432835820895522,0.19444444444444445,0.3283582089552239,0.5228026533996684,1,No,No,Player Team Season
691182,Adael Amador,115,Colorado Rockies,115,Colorado Rockies,2025,4,Second Base,41,128,113,5,20,7,0,1,10,1,1,11,0,27,1,0,3,2,30,42,0.17699115044247787,0.256,0.26548672566371684,0.5214867256637168,1,No,No,Player Team Season
663604,Brandon Lockridge,135,San Diego Padres,135,San Diego Padres,2025,7,Outfielder,47,95,88,9,19,4,0,0,5,8,1,4,0,24,1,0,2,2,23,38,0.2159090909090909,0.25806451612903225,0.26136363636363635,0.5194281524926686,2,Yes,Yes,Player Team Season
669288,Daniel Johnson,110,Baltimore Orioles,110,Baltimore Orioles,2025,X,Unknown,17,26,24,8,5,1,0,0,0,1,1,2,0,5,0,0,0,0,6,15,0.20833333333333334,0.2692307692307692,0.25,0.5192307692307692,2,Yes,Yes,Player Team Season
657041,Lane Thomas,114,Cleveland Guardians,114,Cleveland Guardians,2025,8,Outfielder,39,142,125,10,20,2,0,4,11,4,1,14,0,44,1,2,0,4,34,61,0.16,0.24647887323943662,0.272,0.5184788732394366,1,No,No,Player Team Season
605131,Austin Barnes,119,Los Angeles Dodgers,119,Los Angeles Dodgers,2025,2,Catcher,13,44,42,4,9,3,0,0,2,0,0,1,0,14,0,0,1,1,12,22,0.21428571428571427,0.23255813953488372,0.2857142857142857,0.5182724252491694,1,No,No,Player Team Season
682927,Ronny Simon,134,Pittsburgh Pirates,134,Pittsburgh Pirates,2025,9,Outfielder,8,32,30,4,7,1,0,0,2,1,0,1,0,8,0,1,0,0,8,14,0.23333333333333334,0.25,0.26666666666666666,0.5166666666666666,2,Yes,Yes,Player Team Season
678391,Jorbit Vivas,147,New York Yankees,147,New York Yankees,2025,4,Second Base,29,66,56,6,9,2,0,1,5,0,0,5,0,13,3,0,0,0,14,28,0.16071428571428573,0.265625,0.25,0.515625,1,No,No,Player Team Season
672724,Oswald Peraza,108,Los Angeles Angels,108,Los Angeles Angels,2025,3,First Base,35,95,86,6,16,1,0,2,7,6,0,6,0,33,1,1,0,3,23,21,0.18604651162790697,0.24468085106382978,0.26744186046511625,0.5121227115289461,2,Yes,Yes,Player Team Season
668942,Josh Rojas,145,Chicago White Sox,145,Chicago White Sox,2025,5,Third Base,69,211,189,14,34,9,0,2,11,4,1,19,0,48,0,2,1,6,49,95,0.17989417989417988,0.2523809523809524,0.25925925925925924,0.5116402116402117,1,No,No,Player Team Season
680779,Henry Davis,134,Pittsburgh Pirates,134,Pittsburgh Pirates,2025,2,Catcher,87,283,252,25,42,7,0,7,22,2,1,18,0,76,5,3,3,2,70,152,0.16666666666666666,0.23381294964028776,0.2777777777777778,0.5115907274180655,1,No,No,Player Team Season
681146,Jonah Bride,142,Minnesota Twins,142,Minnesota Twins,2025,5,Third Base,33,80,72,4,15,2,0,0,3,0,0,6,0,24,1,1,0,1,17,26,0.20833333333333334,0.275,0.2361111111111111,0.5111111111111111,2,Yes,Yes,Player Team Season
669717,Will Wilson,114,Cleveland Guardians,114,Cleveland Guardians,2025,4,Second Base,34,91,78,7,15,4,0,0,2,2,0,7,0,34,1,0,5,1,19,34,0.19230769230769232,0.26744186046511625,0.24358974358974358,0.5110316040548598,1,No,No,Player Team Season
640902,Jhonny Pereda,133,Athletics,133,Athletics,2025,2,Catcher,19,46,40,3,7,2,0,0,3,0,0,6,0,13,0,0,0,0,9,12,0.175,0.2826086956521739,0.225,0.5076086956521739,2,Yes,Yes,Player Team Season
663662,Daz Cameron,158,Milwaukee Brewers,158,Milwaukee Brewers,2025,9,Outfielder,21,42,41,7,8,1,0,1,3,1,0,1,0,13,0,0,0,1,12,13,0.1951219512195122,0.21428571428571427,0.2926829268292683,0.5069686411149825,1,No,No,Player Team Season
665953,Andrés Chaparro,120,Washington Nationals,120,Washington Nationals,2025,3,First Base,34,73,66,4,12,2,0,1,5,0,0,5,0,22,1,1,0,0,17,24,0.18181818181818182,0.2465753424657534,0.25757575757575757,0.504151100041511,1,No,No,Player Team Season
701675,Nathan Church,138,St. Louis Cardinals,138,St. Louis Cardinals,2025,8,Outfielder,27,65,56,9,10,1,0,1,8,1,0,3,0,18,3,1,2,0,14,31,0.17857142857142858,0.25396825396825395,0.25,0.503968253968254,1,No,No,Player Team Season
680869,Zack Gelof,133,Athletics,133,Athletics,2025,4,Second Base,30,101,92,12,16,3,0,2,7,1,2,7,0,46,0,1,1,0,25,35,0.17391304347826086,0.23,0.2717391304347826,0.5017391304347826,1,No,No,Player Team Season
678011,Anthony Seigler,158,Milwaukee Brewers,158,Milwaukee Brewers,2025,5,Third Base,34,73,62,6,12,1,0,0,5,2,0,8,0,16,1,1,1,2,13,30,0.1935483870967742,0.2916666666666667,0.20967741935483872,0.5013440860215054,1,No,No,Player Team Season
657136,Connor Wong,111,Boston Red Sox,111,Boston Red Sox,2025,2,Catcher,63,188,168,16,32,8,0,0,7,2,1,16,0,42,1,2,1,7,40,89,0.19047619047619047,0.2620320855614973,0.23809523809523808,0.5001273236567354,1,No,No,Player Team Season
682868,Bryan Ramos,145,Chicago White Sox,145,Chicago White Sox,2025,5,Third Base,4,12,12,1,2,2,0,0,2,0,0,0,0,4,0,0,0,0,4,5,0.16666666666666666,0.16666666666666666,0.3333333333333333,0.5,1,No,No,Player Team Season
664954,Brett Sullivan,134,Pittsburgh Pirates,134,Pittsburgh Pirates,2025,2,Catcher,3,9,6,1,1,0,0,0,2,0,0,1,0,3,1,1,0,0,1,0,0.16666666666666666,0.3333333333333333,0.16666666666666666,0.5,1,No,No,Player Team Season
670276,Cal Stevenson,143,Philadelphia Phillies,143,Philadelphia Phillies,2025,8,Outfielder,5,8,8,0,2,0,0,0,1,0,0,0,0,2,0,0,0,0,2,5,0.25,0.25,0.25,0.5,1,No,No,Player Team Season
666198,Carter Kieboom,108,Los Angeles Angels,108,Los Angeles Angels,2025,3,First Base,3,8,8,0,2,0,0,0,1,0,0,0,0,1,0,0,0,0,2,0,0.25,0.25,0.25,0.5,1,No,No,Player Team Season
680118,Dairon Blanco,118,Kansas City Royals,118,Kansas City Royals,2025,X,Unknown,9,8,6,2,1,1,0,0,1,3,2,0,0,2,0,0,2,0,2,3,0.16666666666666666,0.16666666666666666,0.3333333333333333,0.5,1,No,No,Player Team Season
685744,Kenedy Corona,117,Houston Astros,117,Houston Astros,2025,8,Outfielder,3,4,2,0,0,0,0,0,0,0,0,2,0,1,0,0,0,0,0,0,0.0,0.5,0.0,0.5,1,No,No,Player Team Season
592696,Eddie Rosario,119,Los Angeles Dodgers,119,Los Angeles Dodgers,2025,10,Designated Hitter,2,4,4,0,1,0,0,0,0,0,0,0,0,0,0,0,0,0,1,2,0.25,0.25,0.25,0.5,2,Yes,Yes,Player Team Season
675915,David Bañuelos,110,Baltimore Orioles,110,Baltimore Orioles,2025,10,Designated Hitter,1,2,1,0,0,0,0,0,0,0,0,0,0,1,1,0,0,0,0,0,0.0,0.5,0.0,0.5,1,No,No,Player Team Season
641313,Tim Anderson,108,Los Angeles Angels,108,Los Angeles Angels,2025,4,Second Base,31,90,83,8,17,3,0,0,3,1,1,3,0,29,3,0,1,1,20,23,0.20481927710843373,0.25842696629213485,0.24096385542168675,0.4993908217138216,1,No,No,Player Team Season
682848,Endy Rodríguez,134,Pittsburgh Pirates,134,Pittsburgh Pirates,2025,3,First Base,18,57,52,5,9,4,0,0,2,0,1,5,0,14,0,0,0,0,13,24,0.17307692307692307,0.24561403508771928,0.25,0.4956140350877193,1,No,No,Player Team Season
518792,Jason Heyward,135,San Diego Padres,135,San Diego Padres,2025,7,Outfielder,34,95,85,9,15,2,0,2,12,0,1,6,0,20,0,3,0,1,23,47,0.17647058823529413,0.22340425531914893,0.27058823529411763,0.49399249061326655,1,No,No,Player Team Season
542932,Jon Berti,112,Chicago Cubs,112,Chicago Cubs,2025,5,Third Base,53,107,100,12,21,2,0,0,2,11,3,5,0,22,2,0,0,1,23,48,0.21,0.2616822429906542,0.23,0.4916822429906542,1,No,No,Player Team Season
656248,Sean Bouchard,115,Colorado Rockies,115,Colorado Rockies,2025,9,Outfielder,32,73,66,7,11,0,1,1,7,1,1,7,0,27,0,0,0,2,16,23,0.16666666666666666,0.2465753424657534,0.24242424242424243,0.48899958488999584,1,No,No,Player Team Season
681508,Mickey Gasper,142,Minnesota Twins,142,Minnesota Twins,2025,2,Catcher,45,110,95,15,15,1,0,2,11,2,0,10,0,20,3,1,1,1,22,48,0.15789473684210525,0.25688073394495414,0.23157894736842105,0.4884596813133752,1,No,No,Player Team Season
641856,Billy McKinney,140,Texas Rangers,140,Texas Rangers,2025,9,Outfielder,6,21,20,4,4,1,0,0,1,0,0,1,0,1,0,0,0,0,5,7,0.2,0.23809523809523808,0.25,0.4880952380952381,1,No,No,Player Team Season
681546,James Outman,119,Los Angeles Dodgers,119,Los Angeles Dodgers,2025,8,Outfielder,22,44,39,8,4,1,0,2,4,0,0,4,0,18,1,0,0,0,11,18,0.10256410256410256,0.20454545454545456,0.28205128205128205,0.48659673659673663,2,Yes,Yes,Player Team Season
650489,Willi Castro,112,Chicago Cubs,112,Chicago Cubs,2025,9,Outfielder,34,110,100,10,17,2,1,1,6,1,1,8,0,27,2,0,0,3,24,49,0.17,0.24545454545454545,0.24,0.48545454545454547,1,No,No,Player Team Season
660757,Oscar Gonzalez,135,San Diego Padres,135,San Diego Padres,2025,7,Outfielder,21,61,59,2,13,1,0,0,4,0,1,2,0,13,0,0,0,1,14,30,0.22033898305084745,0.2459016393442623,0.23728813559322035,0.4831897749374826,1,No,No,Player Team Season
592669,Hunter Renfroe,118,Kansas City Royals,118,Kansas City Royals,2025,9,Outfielder,35,108,99,5,18,6,0,0,4,0,0,8,0,21,0,1,0,4,24,46,0.18181818181818182,0.24074074074074073,0.24242424242424243,0.48316498316498313,1,No,No,Player Team Season
622761,Jorge Mateo,110,Baltimore Orioles,110,Baltimore Orioles,2025,X,Unknown,43,83,79,9,14,4,0,1,3,15,2,4,0,30,0,0,0,1,21,46,0.17721518987341772,0.21686746987951808,0.26582278481012656,0.48269025468964466,1,No,No,Player Team Season
608671,Travis Jankowski,145,Chicago White Sox,145,Chicago White Sox,2025,9,Outfielder,7,15,14,1,3,0,0,0,0,0,0,1,0,3,0,0,0,0,3,6,0.21428571428571427,0.26666666666666666,0.21428571428571427,0.4809523809523809,3,Yes,Yes,Player Team Season
621028,Kevin Newman,108,Los Angeles Angels,108,Los Angeles Angels,2025,5,Third Base,57,116,114,13,23,2,0,2,11,1,0,1,0,23,0,0,1,5,31,51,0.20175438596491227,0.20869565217391303,0.2719298245614035,0.4806254767353165,1,No,No,Player Team Season
678877,Jhonkensy Noel,114,Cleveland Guardians,114,Cleveland Guardians,2025,9,Outfielder,69,153,148,19,24,2,0,6,13,0,0,4,0,52,0,1,0,4,44,62,0.16216216216216217,0.1830065359477124,0.2972972972972973,0.4803038332450097,1,No,No,Player Team Season
682515,Logan Porter,137,San Francisco Giants,137,San Francisco Giants,2025,2,Catcher,5,9,7,2,1,0,0,0,1,0,0,1,0,2,1,0,0,0,1,8,0.14285714285714285,0.3333333333333333,0.14285714285714285,0.47619047619047616,1,No,No,Player Team Season
805811,Bryce Eldridge,137,San Francisco Giants,137,San Francisco Giants,2025,10,Designated Hitter,10,37,28,1,3,2,0,0,4,0,0,7,0,13,1,1,0,0,5,14,0.10714285714285714,0.2972972972972973,0.17857142857142858,0.47586872586872586,1,No,No,Player Team Season
664774,LaMonte Wade Jr.,108,Los Angeles Angels,108,Los Angeles Angels,2025,9,Outfielder,30,73,65,7,11,0,0,1,3,1,0,6,0,23,2,0,0,0,14,32,0.16923076923076924,0.2602739726027397,0.2153846153846154,0.4756585879873551,2,Yes,Yes,Player Team Season
676439,Hunter Feduccia,139,Tampa Bay Rays,139,Tampa Bay Rays,2025,2,Catcher,36,102,86,5,13,5,0,0,8,1,0,14,0,28,0,2,0,0,18,47,0.1511627906976744,0.2647058823529412,0.20930232558139536,0.4740082079343365,2,Yes,Yes,Player Team Season
676116,Ryan Noda,145,Chicago White Sox,145,Chicago White Sox,2025,3,First Base,16,45,34,3,3,0,0,1,1,0,0,10,1,19,0,0,1,0,6,11,0.08823529411764706,0.29545454545454547,0.17647058823529413,0.47192513368983957,2,Yes,Yes,Player Team Season
665750,Leody Taveras,136,Seattle Mariners,136,Seattle Mariners,2025,9,Outfielder,28,98,92,6,16,3,0,2,9,3,2,3,0,27,0,1,2,0,25,43,0.17391304347826086,0.19791666666666666,0.2717391304347826,0.4696557971014492,2,Yes,Yes,Player Team Season
676480,José Barrero,138,St. Louis Cardinals,138,St. Louis Cardinals,2025,4,Second Base,22,31,29,4,4,1,0,1,3,0,0,1,0,9,1,0,0,0,8,17,0.13793103448275862,0.1935483870967742,0.27586206896551724,0.4694104560622914,1,No,No,Player Team Season
622569,Pablo Reyes,147,New York Yankees,147,New York Yankees,2025,X,Unknown,25,34,31,4,6,1,0,0,2,1,0,2,0,10,0,0,1,0,7,13,0.1935483870967742,0.24242424242424243,0.22580645161290322,0.4682306940371457,1,No,No,Player Team Season
677592,Everson Pereira,139,Tampa Bay Rays,139,Tampa Bay Rays,2025,8,Outfielder,23,73,65,7,9,1,0,2,8,2,0,7,0,28,0,1,0,2,16,32,0.13846153846153847,0.2191780821917808,0.24615384615384617,0.465331928345627,1,No,No,Player Team Season
607680,Kevin Pillar,140,Texas Rangers,140,Texas Rangers,2025,8,Outfielder,20,43,43,6,9,2,0,0,1,3,0,0,0,8,0,0,0,0,11,10,0.20930232558139536,0.20930232558139536,0.2558139534883721,0.4651162790697675,1,No,No,Player Team Season
702176,Alan Roden,142,Minnesota Twins,142,Minnesota Twins,2025,7,Outfielder,12,40,38,5,6,1,0,1,1,1,0,0,0,13,2,0,0,0,10,16,0.15789473684210525,0.2,0.2631578947368421,0.4631578947368421,2,Yes,Yes,Player Team Season
683021,Michael Stefanic,141,Toronto Blue Jays,141,Toronto Blue Jays,2025,4,Second Base,9,25,22,1,4,0,0,0,0,0,0,3,0,3,0,0,0,0,4,13,0.18181818181818182,0.28,0.18181818181818182,0.46181818181818185,1,No,No,Player Team Season
669722,Logan Davidson,133,Athletics,133,Athletics,2025,3,First Base,9,24,20,1,3,1,0,0,2,0,0,3,0,12,0,0,1,1,4,10,0.15,0.2608695652173913,0.2,0.4608695652173913,2,Yes,Yes,Player Team Season
621035,Chris Taylor,119,Los Angeles Dodgers,119,Los Angeles Dodgers,2025,7,Outfielder,28,35,35,4,7,2,0,0,2,0,1,0,0,13,0,0,0,1,9,15,0.2,0.2,0.2571428571428571,0.45714285714285713,2,Yes,Yes,Player Team Season
670092,Trenton Brooks,135,San Diego Padres,135,San Diego Padres,2025,X,Unknown,25,43,41,5,6,2,0,1,2,0,0,2,0,13,0,0,0,2,11,29,0.14634146341463414,0.18604651162790697,0.2682926829268293,0.45433919455473626,1,No,No,Player Team Season
650559,Bryan De La Cruz,144,Atlanta Braves,144,Atlanta Braves,2025,7,Outfielder,16,50,47,1,9,1,0,0,0,1,0,3,0,18,0,0,0,1,10,20,0.19148936170212766,0.24,0.2127659574468085,0.4527659574468085,1,No,No,Player Team Season
672724,Oswald Peraza,147,New York Yankees,147,New York Yankees,2025,5,Third Base,71,170,158,18,24,5,0,3,13,3,0,11,0,47,1,0,0,3,38,74,0.1518987341772152,0.21176470588235294,0.24050632911392406,0.45227103499627697,2,Yes,Yes,Player Team Season
669200,Mason McCoy,135,San Diego Padres,135,San Diego Padres,2025,6,Shortstop,18,26,22,5,3,1,0,0,1,2,0,3,0,7,1,0,0,0,4,16,0.13636363636363635,0.2692307692307692,0.18181818181818182,0.45104895104895104,1,No,No,Player Team Season
689041,Rhylan Thomas,136,Seattle Mariners,136,Seattle Mariners,2025,9,Outfielder,3,10,8,2,1,1,0,0,2,0,0,1,0,0,0,1,0,0,2,3,0.125,0.2,0.25,0.45,1,No,No,Player Team Season
665861,Sebastián Rivero,108,Los Angeles Angels,108,Los Angeles Angels,2025,2,Catcher,11,34,33,4,6,2,0,0,2,1,0,1,0,9,0,0,0,0,8,16,0.18181818181818182,0.20588235294117646,0.24242424242424243,0.4483065953654189,1,No,No,Player Team Season
676679,Luis Vázquez,110,Baltimore Orioles,110,Baltimore Orioles,2025,5,Third Base,36,53,50,6,8,1,0,1,3,2,0,3,0,14,0,0,0,0,12,19,0.16,0.20754716981132076,0.24,0.44754716981132076,1,No,No,Player Team Season
606115,Orlando Arcia,144,Atlanta Braves,144,Atlanta Braves,2025,6,Shortstop,14,32,31,1,6,1,0,0,1,0,0,1,0,8,0,0,0,0,7,11,0.1935483870967742,0.21875,0.22580645161290322,0.44455645161290325,2,Yes,Yes,Player Team Season
681962,Vinny Capra,145,Chicago White Sox,145,Chicago White Sox,2025,6,Shortstop,23,46,42,4,8,2,0,0,2,1,0,1,0,10,0,1,2,1,10,16,0.19047619047619047,0.20454545454545456,0.23809523809523808,0.4426406926406926,2,Yes,Yes,Player Team Season
680911,Owen Miller,115,Colorado Rockies,115,Colorado Rockies,2025,4,Second Base,9,17,14,0,2,0,0,0,1,1,0,2,0,4,1,0,0,0,2,6,0.14285714285714285,0.29411764705882354,0.14285714285714285,0.4369747899159664,1,No,No,Player Team Season
543592,Austin Nola,115,Colorado Rockies,115,Colorado Rockies,2025,2,Catcher,15,41,38,2,7,1,0,0,1,0,0,2,0,5,0,0,1,2,8,12,0.18421052631578946,0.225,0.21052631578947367,0.43552631578947365,1,No,No,Player Team Season
641658,Garrett Hampson,113,Cincinnati Reds,113,Cincinnati Reds,2025,7,Outfielder,9,19,18,0,3,1,0,0,0,0,0,1,0,6,0,0,0,1,4,6,0.16666666666666666,0.21052631578947367,0.2222222222222222,0.4327485380116959,3,Yes,Yes,Player Team Season
686554,Oliver Dunn,158,Milwaukee Brewers,158,Milwaukee Brewers,2025,5,Third Base,14,41,36,4,6,2,0,0,6,1,0,2,0,11,0,1,2,0,8,16,0.16666666666666666,0.20512820512820512,0.2222222222222222,0.42735042735042733,1,No,No,Player Team Season
691728,Zac Veen,115,Colorado Rockies,115,Colorado Rockies,2025,7,Outfielder,12,37,34,1,4,1,0,1,2,1,1,2,0,14,1,0,0,0,8,14,0.11764705882352941,0.1891891891891892,0.23529411764705882,0.424483306836248,1,No,No,Player Team Season
689200,Jacob Melton,117,Houston Astros,117,Houston Astros,2025,8,Outfielder,32,78,70,7,11,0,1,0,7,7,2,6,0,29,1,0,0,2,13,27,0.15714285714285714,0.23376623376623376,0.18571428571428572,0.41948051948051945,1,No,No,Player Team Season
669304,Jose F Miranda,142,Minnesota Twins,142,Minnesota Twins,2025,5,Third Base,12,36,36,2,6,0,0,1,5,0,0,0,0,13,0,0,0,0,9,25,0.16666666666666666,0.16666666666666666,0.25,0.41666666666666663,1,No,No,Player Team Season
506702,Sandy León,144,Atlanta Braves,144,Atlanta Braves,2025,2,Catcher,5,12,12,1,1,0,0,1,3,0,0,0,0,4,0,0,0,0,4,9,0.08333333333333333,0.08333333333333333,0.3333333333333333,0.41666666666666663,1,No,No,Player Team Season
695670,Harry Ford,136,Seattle Mariners,136,Seattle Mariners,2025,2,Catcher,8,8,6,1,1,0,0,0,1,0,0,0,0,3,1,1,0,0,1,4,0.16666666666666666,0.25,0.16666666666666666,0.41666666666666663,1,No,No,Player Team Season
676701,Alan Trejo,115,Colorado Rockies,115,Colorado Rockies,2025,6,Shortstop,14,43,40,3,7,2,0,0,1,0,0,1,0,7,0,1,1,3,9,16,0.175,0.19047619047619047,0.225,0.41547619047619044,1,No,No,Player Team Season
677956,Rece Hinds,113,Cincinnati Reds,113,Cincinnati Reds,2025,9,Outfielder,15,44,43,6,5,1,0,2,3,0,0,1,0,21,0,0,0,1,12,19,0.11627906976744186,0.13636363636363635,0.27906976744186046,0.4154334038054968,1,No,No,Player Team Season
663584,Hayden Senger,121,New York Mets,121,New York Mets,2025,2,Catcher,33,78,72,8,13,1,0,0,4,0,0,3,0,22,1,1,1,3,14,33,0.18055555555555555,0.22077922077922077,0.19444444444444445,0.4152236652236652,1,No,No,Player Team Season
600869,Jeimer Candelario,113,Cincinnati Reds,113,Cincinnati Reds,2025,5,Third Base,22,91,80,3,9,2,0,2,10,0,1,9,0,29,0,2,0,1,17,36,0.1125,0.1978021978021978,0.2125,0.4103021978021978,1,No,No,Player Team Season
668845,Aaron Schunk,115,Colorado Rockies,115,Colorado Rockies,2025,6,Shortstop,16,33,32,1,6,1,0,0,0,0,0,0,0,10,0,0,1,1,7,15,0.1875,0.1875,0.21875,0.40625,1,No,No,Player Team Season
592178,Kris Bryant,115,Colorado Rockies,115,Colorado Rockies,2025,10,Designated Hitter,11,41,39,2,6,2,0,0,1,0,0,2,0,13,0,0,0,1,8,25,0.15384615384615385,0.1951219512195122,0.20512820512820512,0.4002501563477173,1,No,No,Player Team Season
663796,Coco Montes,139,Tampa Bay Rays,139,Tampa Bay Rays,2025,4,Second Base,5,10,10,0,2,0,0,0,1,0,0,0,0,3,0,0,0,0,2,3,0.2,0.2,0.2,0.4,1,No,No,Player Team Season
699625,Jimmy Crooks,138,St. Louis Cardinals,138,St. Louis Cardinals,2025,2,Catcher,15,46,45,3,6,0,1,1,1,0,0,0,0,17,1,0,0,1,11,15,0.13333333333333333,0.15217391304347827,0.24444444444444444,0.39661835748792273,1,No,No,Player Team Season
607732,Jacob Stallings,115,Colorado Rockies,115,Colorado Rockies,2025,2,Catcher,29,93,84,4,12,3,0,0,6,0,0,5,0,31,3,0,1,1,15,48,0.14285714285714285,0.21739130434782608,0.17857142857142858,0.39596273291925466,2,Yes,Yes,Player Team Season
678489,Jorge Barrosa,109,Arizona Diamondbacks,109,Arizona Diamondbacks,2025,8,Outfielder,33,77,71,8,10,3,0,1,7,0,0,2,0,22,1,3,0,1,16,34,0.14084507042253522,0.16883116883116883,0.22535211267605634,0.39418328150722515,1,No,No,Player Team Season
664068,Scott Kingery,108,Los Angeles Angels,108,Los Angeles Angels,2025,4,Second Base,19,29,27,3,4,1,0,0,0,1,1,2,0,11,0,0,0,1,5,19,0.14814814814814814,0.20689655172413793,0.18518518518518517,0.39208173690932313,1,No,No,Player Team Season
676812,Carson McCusker,142,Minnesota Twins,142,Minnesota Twins,2025,9,Outfielder,16,30,29,0,5,0,0,0,1,0,1,1,0,16,0,0,0,0,5,12,0.1724137931034483,0.2,0.1724137931034483,0.3724137931034483,1,No,No,Player Team Season
663897,Luke Williams,144,Atlanta Braves,144,Atlanta Braves,2025,6,Shortstop,45,34,31,5,4,2,0,0,5,5,0,1,0,9,1,1,0,2,6,29,0.12903225806451613,0.17647058823529413,0.1935483870967742,0.3700189753320683,1,No,No,Player Team Season
695238,Will Wagner,135,San Diego Padres,135,San Diego Padres,2025,X,Unknown,15,17,15,2,2,0,0,0,0,0,0,2,0,2,0,0,0,1,2,13,0.13333333333333333,0.23529411764705882,0.13333333333333333,0.3686274509803922,2,Yes,Yes,Player Team Season
676116,Ryan Noda,110,Baltimore Orioles,110,Baltimore Orioles,2025,9,Outfielder,7,14,13,0,2,0,0,0,1,1,0,1,1,6,0,0,0,0,2,5,0.15384615384615385,0.21428571428571427,0.15384615384615385,0.36813186813186816,2,Yes,Yes,Player Team Season
666165,Blake Sabol,111,Boston Red Sox,111,Boston Red Sox,2025,2,Catcher,8,18,16,2,2,1,0,0,1,0,0,1,0,7,0,1,0,1,3,12,0.125,0.16666666666666666,0.1875,0.35416666666666663,1,No,No,Player Team Season
680769,CJ Alexander,133,Athletics,133,Athletics,2025,3,First Base,6,17,17,0,3,0,0,0,0,0,0,0,0,8,0,0,0,0,3,8,0.17647058823529413,0.17647058823529413,0.17647058823529413,0.35294117647058826,1,No,No,Player Team Season
687478,Cam Devanney,134,Pittsburgh Pirates,134,Pittsburgh Pirates,2025,5,Third Base,14,38,36,1,5,1,0,0,1,0,1,2,0,21,0,0,0,1,6,19,0.1388888888888889,0.18421052631578946,0.16666666666666666,0.3508771929824561,1,No,No,Player Team Season
674441,Jacob Hurtubise,113,Cincinnati Reds,113,Cincinnati Reds,2025,X,Unknown,12,15,12,3,1,0,0,0,0,0,0,1,0,6,2,0,0,0,1,7,0.08333333333333333,0.26666666666666666,0.08333333333333333,0.35,1,No,No,Player Team Season
683770,Will Robertson,141,Toronto Blue Jays,141,Toronto Blue Jays,2025,7,Outfielder,3,12,10,0,1,0,0,0,1,0,0,1,0,7,1,0,0,1,1,6,0.1,0.25,0.1,0.35,2,Yes,Yes,Player Team Season
694376,Shay Whitcomb,117,Houston Astros,117,Houston Astros,2025,4,Second Base,20,32,32,4,4,0,0,1,1,0,0,0,0,10,0,0,0,0,7,18,0.125,0.125,0.21875,0.34375,1,No,No,Player Team Season
668731,Akil Baddoo,116,Detroit Tigers,116,Detroit Tigers,2025,7,Outfielder,7,18,17,0,2,1,0,0,1,1,0,1,0,5,0,0,0,0,3,8,0.11764705882352941,0.16666666666666666,0.17647058823529413,0.3431372549019608,1,No,No,Player Team Season
690291,Jace Jung,116,Detroit Tigers,116,Detroit Tigers,2025,5,Third Base,21,55,47,8,5,0,0,0,3,0,0,7,0,16,1,0,0,2,5,15,0.10638297872340426,0.23636363636363636,0.10638297872340426,0.34274661508704063,1,No,No,Player Team Season
687529,Grant McCray,137,San Francisco Giants,137,San Francisco Giants,2025,9,Outfielder,22,26,22,3,2,0,1,0,2,0,0,2,0,11,0,1,1,1,4,9,0.09090909090909091,0.16,0.18181818181818182,0.3418181818181818,1,No,No,Player Team Season
641645,Luis Guillorme,117,Houston Astros,117,Houston Astros,2025,4,Second Base,12,21,20,2,3,0,0,0,0,0,0,1,0,8,0,0,0,2,3,12,0.15,0.19047619047619047,0.15,0.3404761904761905,1,No,No,Player Team Season
493329,Yuli Gurriel,135,San Diego Padres,135,San Diego Padres,2025,10,Designated Hitter,16,40,36,2,4,1,0,0,3,0,0,4,0,8,0,0,0,0,5,22,0.1111111111111111,0.2,0.1388888888888889,0.3388888888888889,1,No,No,Player Team Season
679822,Justin Foscue,140,Texas Rangers,140,Texas Rangers,2025,3,First Base,4,9,9,0,1,1,0,0,2,0,0,0,0,3,0,0,0,0,2,0,0.1111111111111111,0.1111111111111111,0.2222222222222222,0.3333333333333333,1,No,No,Player Team Season
689172,Brett Wisely,144,Atlanta Braves,144,Atlanta Braves,2025,4,Second Base,4,9,6,0,0,0,0,0,0,0,0,3,0,4,0,0,0,0,0,1,0.0,0.3333333333333333,0.0,0.3333333333333333,2,Yes,Yes,Player Team Season
693409,César Prieto,138,St. Louis Cardinals,138,St. Louis Cardinals,2025,4,Second Base,3,6,6,0,1,0,0,0,0,0,0,0,0,5,0,0,0,0,1,2,0.16666666666666666,0.16666666666666666,0.16666666666666666,0.3333333333333333,1,No,No,Player Team Season
682997,Tyler Callihan,113,Cincinnati Reds,113,Cincinnati Reds,2025,7,Outfielder,4,6,6,0,1,0,0,0,1,0,0,0,0,1,0,0,0,0,1,2,0.16666666666666666,0.16666666666666666,0.16666666666666666,0.3333333333333333,1,No,No,Player Team Season
676439,Hunter Feduccia,119,Los Angeles Dodgers,119,Los Angeles Dodgers,2025,X,Unknown,2,3,2,0,0,0,0,0,0,0,0,1,0,1,0,0,0,0,0,3,0.0,0.3333333333333333,0.0,0.3333333333333333,2,Yes,Yes,Player Team Season
663731,Connor Kaiser,109,Arizona Diamondbacks,109,Arizona Diamondbacks,2025,4,Second Base,11,19,18,1,2,1,0,0,2,0,0,1,0,5,0,0,0,1,3,8,0.1111111111111111,0.15789473684210525,0.16666666666666666,0.32456140350877194,1,No,No,Player Team Season
686823,Will Brennan,114,Cleveland Guardians,114,Cleveland Guardians,2025,9,Outfielder,6,13,11,0,1,0,0,0,0,0,1,1,0,1,1,0,0,1,1,5,0.09090909090909091,0.23076923076923078,0.09090909090909091,0.32167832167832167,1,No,No,Player Team Season
669004,MJ Melendez,118,Kansas City Royals,118,Kansas City Royals,2025,7,Outfielder,23,65,60,5,5,2,0,1,1,0,0,3,0,23,2,0,0,0,10,23,0.08333333333333333,0.15384615384615385,0.16666666666666666,0.3205128205128205,1,No,No,Player Team Season
694359,Niko Kavadas,108,Los Angeles Angels,108,Los Angeles Angels,2025,3,First Base,10,23,20,0,2,0,0,0,0,0,0,3,0,10,0,0,0,0,2,6,0.1,0.21739130434782608,0.1,0.3173913043478261,1,No,No,Player Team Season
680577,DaShawn Keirsey Jr.,142,Minnesota Twins,142,Minnesota Twins,2025,9,Outfielder,74,88,84,11,9,0,0,2,6,10,3,2,0,33,1,0,1,1,15,44,0.10714285714285714,0.13793103448275862,0.17857142857142858,0.31650246305418717,1,No,No,Player Team Season
683770,Will Robertson,145,Chicago White Sox,145,Chicago White Sox,2025,7,Outfielder,24,63,60,2,8,1,0,0,8,0,0,1,0,20,1,1,0,0,9,23,0.13333333333333333,0.15873015873015872,0.15,0.30873015873015874,2,Yes,Yes,Player Team Season
677060,Chad Stevens,108,Los Angeles Angels,108,Los Angeles Angels,2025,4,Second Base,5,14,13,1,2,0,0,0,0,0,1,0,0,7,0,0,1,0,2,4,0.15384615384615385,0.15384615384615385,0.15384615384615385,0.3076923076923077,1,No,No,Player Team Season
677870,Leo Jiménez,141,Toronto Blue Jays,141,Toronto Blue Jays,2025,4,Second Base,18,32,29,2,2,0,0,1,1,0,0,2,0,8,0,0,1,1,5,11,0.06896551724137931,0.12903225806451613,0.1724137931034483,0.3014460511679644,1,No,No,Player Team Season
681146,Jonah Bride,146,Miami Marlins,146,Miami Marlins,2025,10,Designated Hitter,12,45,40,3,4,0,0,0,2,0,0,5,1,15,0,0,0,0,4,23,0.1,0.2,0.1,0.30000000000000004,2,Yes,Yes,Player Team Season
666163,Ben Rortvedt,139,Tampa Bay Rays,139,Tampa Bay Rays,2025,2,Catcher,26,70,63,2,6,1,0,0,6,0,0,7,0,14,0,0,0,0,7,31,0.09523809523809523,0.18571428571428572,0.1111111111111111,0.2968253968253968,2,Yes,Yes,Player Team Season
668952,Ryan Kreidler,116,Detroit Tigers,116,Detroit Tigers,2025,8,Outfielder,17,44,38,5,4,0,0,0,0,2,0,4,0,19,0,0,2,0,4,22,0.10526315789473684,0.19047619047619047,0.10526315789473684,0.2957393483709273,1,No,No,Player Team Season
642350,Jose Siri,121,New York Mets,121,New York Mets,2025,8,Outfielder,16,36,32,7,2,2,0,0,1,2,0,4,0,17,0,0,0,0,4,19,0.0625,0.16666666666666666,0.125,0.29166666666666663,1,No,No,Player Team Season
678225,Jihwan Bae,134,Pittsburgh Pirates,134,Pittsburgh Pirates,2025,X,Unknown,13,25,20,4,1,0,0,0,0,4,1,5,0,9,0,0,0,0,1,10,0.05,0.24,0.05,0.29,1,No,No,Player Team Season
670032,Nicky Lopez,112,Chicago Cubs,112,Chicago Cubs,2025,5,Third Base,14,22,18,2,1,0,0,0,1,0,0,4,0,3,0,0,0,1,1,12,0.05555555555555555,0.22727272727272727,0.05555555555555555,0.2828282828282828,2,Yes,Yes,Player Team Season
607732,Jacob Stallings,110,Baltimore Orioles,110,Baltimore Orioles,2025,2,Catcher,14,36,35,1,4,1,0,0,3,0,0,1,0,9,0,0,0,4,5,20,0.11428571428571428,0.1388888888888889,0.14285714285714285,0.28174603174603174,2,Yes,Yes,Player Team Season
668723,Ryan Vilade,138,St. Louis Cardinals,138,St. Louis Cardinals,2025,9,Outfielder,7,15,13,1,1,0,0,0,0,0,0,2,0,5,0,0,0,1,1,9,0.07692307692307693,0.2,0.07692307692307693,0.27692307692307694,2,Yes,Yes,Player Team Season
641658,Garrett Hampson,138,St. Louis Cardinals,138,St. Louis Cardinals,2025,7,Outfielder,35,31,29,9,3,1,0,0,1,1,0,1,0,13,0,0,1,1,4,17,0.10344827586206896,0.13333333333333333,0.13793103448275862,0.271264367816092,3,Yes,Yes,Player Team Season
663536,Tristin English,109,Arizona Diamondbacks,109,Arizona Diamondbacks,2025,3,First Base,7,23,22,0,2,1,0,0,1,0,0,1,0,8,0,0,0,0,3,6,0.09090909090909091,0.13043478260869565,0.13636363636363635,0.26679841897233203,1,No,No,Player Team Season
682183,Drew Avans,133,Athletics,133,Athletics,2025,7,Outfielder,7,15,15,1,2,0,0,0,0,1,0,0,0,5,0,0,0,0,2,11,0.13333333333333333,0.13333333333333333,0.13333333333333333,0.26666666666666666,2,Yes,Yes,Player Team Season
467793,Carlos Santana,112,Chicago Cubs,112,Chicago Cubs,2025,3,First Base,8,19,19,0,2,1,0,0,2,0,0,0,0,5,0,0,0,0,3,9,0.10526315789473684,0.10526315789473684,0.15789473684210525,0.2631578947368421,1,No,No,Player Team Season
676070,Jacob Amaya,145,Chicago White Sox,145,Chicago White Sox,2025,6,Shortstop,37,73,66,7,7,1,0,0,8,2,0,3,0,16,0,3,1,1,8,30,0.10606060606060606,0.1388888888888889,0.12121212121212122,0.2601010101010101,1,No,No,Player Team Season
672359,Tirso Ornelas,135,San Diego Padres,135,San Diego Padres,2025,7,Outfielder,7,16,14,0,1,0,0,0,1,0,0,2,0,2,0,0,0,1,1,6,0.07142857142857142,0.1875,0.07142857142857142,0.2589285714285714,1,No,No,Player Team Season
681962,Vinny Capra,158,Milwaukee Brewers,158,Milwaukee Brewers,2025,5,Third Base,24,59,54,6,4,0,0,1,4,1,0,2,0,15,1,1,1,4,7,39,0.07407407407407407,0.1206896551724138,0.12962962962962962,0.2503192848020434,2,Yes,Yes,Player Team Season
669392,Samad Taylor,136,Seattle Mariners,136,Seattle Mariners,2025,9,Outfielder,4,9,8,1,1,0,0,0,0,0,0,0,0,1,0,0,1,0,1,7,0.125,0.125,0.125,0.25,1,No,No,Player Team Season
622268,Donovan Walton,143,Philadelphia Phillies,143,Philadelphia Phillies,2025,4,Second Base,2,9,8,1,1,0,0,0,1,0,0,0,0,1,0,0,1,0,1,5,0.125,0.125,0.125,0.25,1,No,No,Player Team Season
596103,Austin Slater,147,New York Yankees,147,New York Yankees,2025,7,Outfielder,14,25,25,2,3,0,0,0,2,0,0,0,0,16,0,0,0,1,3,12,0.12,0.12,0.12,0.24,2,Yes,Yes,Player Team Season
669134,Luis Campusano,135,San Diego Padres,135,San Diego Padres,2025,10,Designated Hitter,10,27,21,0,0,0,0,0,0,0,0,6,0,11,0,0,0,2,0,14,0.0,0.2222222222222222,0.0,0.2222222222222222,1,No,No,Player Team Season
605204,J.D. Davis,108,Los Angeles Angels,108,Los Angeles Angels,2025,3,First Base,5,9,9,0,1,0,0,0,0,0,0,0,0,3,0,0,0,0,1,4,0.1111111111111111,0.1111111111111111,0.1111111111111111,0.2222222222222222,1,No,No,Player Team Season
572138,Jon Singleton,117,Houston Astros,117,Houston Astros,2025,10,Designated Hitter,3,9,9,0,1,0,0,0,0,0,0,0,0,1,0,0,0,0,1,4,0.1111111111111111,0.1111111111111111,0.1111111111111111,0.2222222222222222,1,No,No,Player Team Season
668974,Maverick Handley,110,Baltimore Orioles,110,Baltimore Orioles,2025,2,Catcher,16,47,41,2,3,0,0,0,3,0,0,2,0,18,1,1,2,0,3,21,0.07317073170731707,0.13333333333333333,0.07317073170731707,0.2065040650406504,1,No,No,Player Team Season
677943,Will Banfield,113,Cincinnati Reds,113,Cincinnati Reds,2025,2,Catcher,7,10,10,0,1,0,0,0,0,0,0,0,0,6,0,0,0,1,1,7,0.1,0.1,0.1,0.2,1,No,No,Player Team Season
669256,Nick Solak,134,Pittsburgh Pirates,134,Pittsburgh Pirates,2025,3,First Base,4,11,11,0,1,0,0,0,0,0,0,0,0,2,0,0,0,0,1,1,0.09090909090909091,0.09090909090909091,0.09090909090909091,0.18181818181818182,1,No,No,Player Team Season
671083,Buddy Kennedy,119,Los Angeles Dodgers,119,Los Angeles Dodgers,2025,5,Third Base,7,18,17,1,1,0,0,0,1,0,0,0,0,5,1,0,0,0,1,7,0.058823529411764705,0.1111111111111111,0.058823529411764705,0.16993464052287582,3,Yes,Yes,Player Team Season
680716,Jonathan Ornelas,140,Texas Rangers,140,Texas Rangers,2025,6,Shortstop,4,6,5,0,0,0,0,0,0,0,0,1,0,3,0,0,0,0,0,3,0.0,0.16666666666666666,0.0,0.16666666666666666,2,Yes,Yes,Player Team Season
644433,Chadwick Tromp,144,Atlanta Braves,144,Atlanta Braves,2025,2,Catcher,2,6,5,0,0,0,0,0,0,0,0,1,0,2,0,0,0,1,0,3,0.0,0.16666666666666666,0.0,0.16666666666666666,2,Yes,Yes,Player Team Season
672642,Steward Berroa,158,Milwaukee Brewers,158,Milwaukee Brewers,2025,8,Outfielder,2,6,5,0,0,0,0,0,0,1,0,1,0,2,0,0,0,0,0,3,0.0,0.16666666666666666,0.0,0.16666666666666666,1,No,No,Player Team Season
688760,Blaine Crim,140,Texas Rangers,140,Texas Rangers,2025,3,First Base,5,13,11,1,0,0,0,0,0,0,0,1,0,6,1,0,0,0,0,6,0.0,0.15384615384615385,0.0,0.15384615384615385,2,Yes,Yes,Player Team Season
665019,Kody Clemens,143,Philadelphia Phillies,143,Philadelphia Phillies,2025,X,Unknown,7,7,6,0,0,0,0,0,0,0,0,1,0,0,0,0,0,0,0,3,0.0,0.14285714285714285,0.0,0.14285714285714285,2,Yes,Yes,Player Team Season
671083,Buddy Kennedy,143,Philadelphia Phillies,143,Philadelphia Phillies,2025,3,First Base,4,8,7,0,0,0,0,0,0,0,0,1,0,2,0,0,0,0,0,5,0.0,0.125,0.0,0.125,3,Yes,Yes,Player Team Season
656582,Connor Joe,135,San Diego Padres,135,San Diego Padres,2025,X,Unknown,7,10,9,0,0,0,0,0,0,0,0,1,0,6,0,0,0,0,0,3,0.0,0.1,0.0,0.1,2,Yes,Yes,Player Team Season
605113,Nick Ahmed,140,Texas Rangers,140,Texas Rangers,2025,6,Shortstop,5,10,9,1,0,0,0,0,0,1,0,1,0,3,0,0,0,1,0,6,0.0,0.1,0.0,0.1,1,No,No,Player Team Season
656185,Greg Allen,110,Baltimore Orioles,110,Baltimore Orioles,2025,8,Outfielder,7,14,14,1,0,0,0,0,0,0,1,0,0,5,0,0,0,2,0,5,0.0,0.0,0.0,0.0,1,No,No,Player Team Season
671976,Tristan Peters,139,Tampa Bay Rays,139,Tampa Bay Rays,2025,8,Outfielder,4,12,12,0,0,0,0,0,0,0,0,0,0,7,0,0,0,0,0,8,0.0,0.0,0.0,0.0,1,No,No,Player Team Season
691907,Tsung-Che Cheng,134,Pittsburgh Pirates,134,Pittsburgh Pirates,2025,6,Shortstop,3,7,7,0,0,0,0,0,0,0,1,0,0,3,0,0,0,0,0,2,0.0,0.0,0.0,0.0,1,No,No,Player Team Season
670032,Nicky Lopez,108,Los Angeles Angels,108,Los Angeles Angels,2025,5,Third Base,5,6,6,0,0,0,0,0,0,0,0,0,0,1,0,0,0,0,0,1,0.0,0.0,0.0,0.0,2,Yes,Yes,Player Team Season
677941,Jordyn Adams,110,Baltimore Orioles,110,Baltimore Orioles,2025,8,Outfielder,10,5,5,1,0,0,0,0,0,0,0,0,0,2,0,0,0,0,0,3,0.0,0.0,0.0,0.0,1,No,No,Player Team Season
642727,Sergio Alcántara,137,San Francisco Giants,137,San Francisco Giants,2025,5,Third Base,1,4,4,0,0,0,0,0,0,0,0,0,0,2,0,0,0,0,0,4,0.0,0.0,0.0,0.0,1,No,No,Player Team Season
592696,Eddie Rosario,144,Atlanta Braves,144,Atlanta Braves,2025,9,Outfielder,3,4,4,1,0,0,0,0,0,0,0,0,0,2,0,0,0,0,0,4,0.0,0.0,0.0,0.0,2,Yes,Yes,Player Team Season
605244,Aramis Garcia,109,Arizona Diamondbacks,109,Arizona Diamondbacks,2025,2,Catcher,2,4,4,0,0,0,0,0,0,0,0,0,0,3,0,0,0,0,0,2,0.0,0.0,0.0,0.0,1,No,No,Player Team Season
456781,Donovan Solano,140,Texas Rangers,140,Texas Rangers,2025,4,Second Base,2,3,3,0,0,0,0,0,0,0,0,0,0,2,0,0,0,0,0,1,0.0,0.0,0.0,0.0,2,Yes,Yes,Player Team Season
682183,Drew Avans,158,Milwaukee Brewers,158,Milwaukee Brewers,2025,7,Outfielder,1,3,2,0,0,0,0,0,1,0,0,0,0,1,0,1,0,0,0,2,0.0,0.0,0.0,0.0,2,Yes,Yes,Player Team Season
691011,Drew Romo,115,Colorado Rockies,115,Colorado Rockies,2025,X,Unknown,3,3,3,0,0,0,0,0,0,0,0,0,0,3,0,0,0,0,0,2,0.0,0.0,0.0,0.0,1,No,No,Player Team Season
667690,C.J. Stubbs,120,Washington Nationals,120,Washington Nationals,2025,2,Catcher,1,3,3,0,0,0,0,0,0,0,0,0,0,0,0,0,0,0,0,0,0.0,0.0,0.0,0.0,1,No,No,Player Team Season
675659,Greg Jones,145,Chicago White Sox,145,Chicago White Sox,2025,X,Unknown,3,2,2,0,0,0,0,0,0,1,0,0,0,2,0,0,0,0,0,0,0.0,0.0,0.0,0.0,1,No,No,Player Team Season
669398,Gage Workman,145,Chicago White Sox,145,Chicago White Sox,2025,5,Third Base,3,2,2,0,0,0,0,0,0,0,0,0,0,1,0,0,0,0,0,4,0.0,0.0,0.0,0.0,2,Yes,Yes,Player Team Season
669432,Trevor Rogers,110,Baltimore Orioles,110,Baltimore Orioles,2025,1,Pitcher,18,2,2,0,0,0,0,0,0,0,0,0,0,2,0,0,0,0,0,0,0.0,0.0,0.0,0.0,1,No,No,Player Team Season
645305,Ali Sánchez,111,Boston Red Sox,111,Boston Red Sox,2025,2,Catcher,4,2,2,0,0,0,0,0,0,0,0,0,0,1,0,0,0,0,0,0,0.0,0.0,0.0,0.0,2,Yes,Yes,Player Team Season
681909,Justin Dean,119,Los Angeles Dodgers,119,Los Angeles Dodgers,2025,8,Outfielder,18,2,2,0,0,0,0,0,0,1,0,0,0,1,0,0,0,0,0,1,0.0,0.0,0.0,0.0,1,No,No,Player Team Season
642020,Chuckie Robinson,119,Los Angeles Dodgers,119,Los Angeles Dodgers,2025,2,Catcher,1,2,1,1,0,0,0,0,0,0,0,0,0,0,0,0,1,0,0,1,0.0,0.0,0.0,0.0,1,No,No,Player Team Season
683004,Jack Leiter,140,Texas Rangers,140,Texas Rangers,2025,1,Pitcher,30,1,1,0,0,0,0,0,0,0,0,0,0,1,0,0,0,0,0,1,0.0,0.0,0.0,0.0,1,No,No,Player Team Season
596117,Garrett Stubbs,143,Philadelphia Phillies,143,Philadelphia Phillies,2025,10,Designated Hitter,5,1,1,2,0,0,0,0,0,0,0,0,0,0,0,0,0,0,0,0,0.0,0.0,0.0,0.0,1,No,No,Player Team Season
640492,José Azócar,144,Atlanta Braves,144,Atlanta Braves,2025,9,Outfielder,2,1,1,0,0,0,0,0,0,0,0,0,0,0,0,0,0,0,0,0,0.0,0.0,0.0,0.0,2,Yes,Yes,Player Team Season
641302,Tyler Alexander,145,Chicago White Sox,145,Chicago White Sox,2025,1,Pitcher,31,1,1,0,0,0,0,0,0,0,0,0,0,0,0,0,0,0,0,2,0.0,0.0,0.0,0.0,1,No,No,Player Team Season
669450,Cooper Hummel,110,Baltimore Orioles,110,Baltimore Orioles,2025,9,Outfielder,1,1,1,0,0,0,0,0,0,0,0,0,0,1,0,0,0,0,0,1,0.0,0.0,0.0,0.0,2,Yes,Yes,Player Team Season
679631,Terrin Vavra,110,Baltimore Orioles,110,Baltimore Orioles,2025,4,Second Base,1,1,1,0,0,0,0,0,0,0,0,0,0,0,0,0,0,0,0,2,0.0,0.0,0.0,0.0,1,No,No,Player Team Season
607067,Colin Rea,112,Chicago Cubs,112,Chicago Cubs,2025,1,Pitcher,32,1,1,0,0,0,0,0,0,0,0,0,0,1,0,0,0,0,0,1,0.0,0.0,0.0,0.0,1,No,No,Player Team Season
829272,Shinnosuke Ogasawara,120,Washington Nationals,120,Washington Nationals,2025,1,Pitcher,23,1,1,0,0,0,0,0,0,0,0,0,0,1,0,0,0,0,0,1,0.0,0.0,0.0,0.0,1,No,No,Player Team Season
608671,Travis Jankowski,121,New York Mets,121,New York Mets,2025,X,Unknown,5,1,0,1,0,0,0,0,0,0,0,0,0,0,0,0,1,0,0,0,,,,,3,Yes,Yes,Player Team Season
665660,Elvis Alvarado,133,Athletics,133,Athletics,2025,1,Pitcher,37,0,0,0,0,0,0,0,0,0,0,0,0,0,0,0,0,0,0,0,,,,,1,No,No,Player Team Season
621053,Tyler Ferguson,133,Athletics,133,Athletics,2025,1,Pitcher,56,0,0,0,0,0,0,0,0,0,0,0,0,0,0,0,0,0,0,0,,,,,1,No,No,Player Team Season
547184,Michael Kelly,133,Athletics,133,Athletics,2025,1,Pitcher,42,0,0,0,0,0,0,0,0,0,0,0,0,0,0,0,0,0,0,0,,,,,1,No,No,Player Team Season
620454,José Castillo,136,Seattle Mariners,136,Seattle Mariners,2025,1,Pitcher,3,0,0,0,0,0,0,0,0,0,0,0,0,0,0,0,0,0,0,0,,,,,1,No,No,Player Team Season
676106,Emerson Hancock,136,Seattle Mariners,136,Seattle Mariners,2025,1,Pitcher,22,0,0,0,0,0,0,0,0,0,0,0,0,0,0,0,0,0,0,0,,,,,1,No,No,Player Team Season
668984,Casey Legumina,136,Seattle Mariners,136,Seattle Mariners,2025,1,Pitcher,48,0,0,0,0,0,0,0,0,0,0,0,0,0,0,0,0,0,0,0,,,,,1,No,No,Player Team Season
647315,Zach Pop,136,Seattle Mariners,136,Seattle Mariners,2025,1,Pitcher,4,0,0,0,0,0,0,0,0,0,0,0,0,0,0,0,0,0,0,0,,,,,1,No,No,Player Team Season
663423,Trent Thornton,136,Seattle Mariners,136,Seattle Mariners,2025,1,Pitcher,33,0,0,0,0,0,0,0,0,0,0,0,0,0,0,0,0,0,0,0,,,,,1,No,No,Player Team Season
806185,Hayden Birdsong,137,San Francisco Giants,137,San Francisco Giants,2025,1,Pitcher,21,0,0,0,0,0,0,0,0,0,0,0,0,0,0,0,0,0,0,0,,,,,1,No,No,Player Team Season
643511,Tyler Rogers,137,San Francisco Giants,137,San Francisco Giants,2025,1,Pitcher,53,0,0,0,0,0,0,0,0,0,0,0,0,0,0,0,0,0,0,0,,,,,1,No,No,Player Team Season
676254,Ryan Walker,137,San Francisco Giants,137,San Francisco Giants,2025,1,Pitcher,68,0,0,0,0,0,0,0,0,0,0,0,0,0,0,0,0,0,0,0,,,,,1,No,No,Player Team Season
664208,Phil Maton,138,St. Louis Cardinals,138,St. Louis Cardinals,2025,1,Pitcher,40,0,0,0,0,0,0,0,0,0,0,0,0,0,0,0,0,0,0,0,,,,,1,No,No,Player Team Season
669467,Andre Pallante,138,St. Louis Cardinals,138,St. Louis Cardinals,2025,1,Pitcher,31,0,0,0,0,0,0,0,0,0,0,0,0,0,0,0,0,0,0,0,,,,,1,No,No,Player Team Season
669438,Mason Englert,139,Tampa Bay Rays,139,Tampa Bay Rays,2025,1,Pitcher,30,0,0,0,0,0,0,0,0,0,0,0,0,0,0,0,0,0,0,0,,,,,1,No,No,Player Team Season
687330,Kevin Kelly,139,Tampa Bay Rays,139,Tampa Bay Rays,2025,1,Pitcher,41,0,0,0,0,0,0,0,0,0,0,0,0,0,0,0,0,0,0,0,,,,,1,No,No,Player Team Season
657756,Connor Seabold,139,Tampa Bay Rays,139,Tampa Bay Rays,2025,1,Pitcher,3,0,0,0,0,0,0,0,0,0,0,0,0,0,0,0,0,0,0,0,,,,,1,No,No,Player Team Season
542888,Shawn Armstrong,140,Texas Rangers,140,Texas Rangers,2025,1,Pitcher,71,0,0,0,0,0,0,0,0,0,0,0,0,0,0,0,0,0,0,0,,,,,1,No,No,Player Team Season
681168,Luis Curvelo,140,Texas Rangers,140,Texas Rangers,2025,1,Pitcher,17,0,0,0,0,0,0,0,0,0,0,0,0,0,0,0,0,0,0,0,,,,,1,No,No,Player Team Season
676395,Robert Garcia,140,Texas Rangers,140,Texas Rangers,2025,1,Pitcher,71,0,0,0,0,0,0,0,0,0,0,0,0,0,0,0,0,0,0,0,,,,,1,No,No,Player Team Season
571948,Hoby Milner,140,Texas Rangers,140,Texas Rangers,2025,1,Pitcher,73,0,0,0,0,0,0,0,0,0,0,0,0,0,0,0,0,0,0,0,,,,,1,No,No,Player Team Season
554340,Yimi García,141,Toronto Blue Jays,141,Toronto Blue Jays,2025,1,Pitcher,22,0,0,0,0,0,0,0,0,0,0,0,0,0,0,0,0,0,0,0,,,,,1,No,No,Player Team Season
656546,Jeff Hoffman,141,Toronto Blue Jays,141,Toronto Blue Jays,2025,1,Pitcher,71,0,0,0,0,0,0,0,0,0,0,0,0,0,0,0,0,0,0,0,,,,,1,No,No,Player Team Season
680704,Nick Sandlin,141,Toronto Blue Jays,141,Toronto Blue Jays,2025,1,Pitcher,19,0,0,0,0,0,0,0,0,0,0,0,0,0,0,0,0,0,0,0,,,,,1,No,No,Player Team Season
681892,Kody Funderburk,142,Minnesota Twins,142,Minnesota Twins,2025,1,Pitcher,39,0,0,0,0,0,0,0,0,0,0,0,0,0,0,0,0,0,0,0,,,,,1,No,No,Player Team Season
643377,Griffin Jax,142,Minnesota Twins,142,Minnesota Twins,2025,1,Pitcher,50,0,0,0,0,0,0,0,0,0,0,0,0,0,0,0,0,0,0,0,,,,,1,No,No,Player Team Season
690953,Mick Abel,143,Philadelphia Phillies,143,Philadelphia Phillies,2025,1,Pitcher,7,0,0,0,0,0,0,0,0,0,0,0,0,0,0,0,0,0,0,0,,,,,1,No,No,Player Team Season
673929,Jordan Leasure,145,Chicago White Sox,145,Chicago White Sox,2025,1,Pitcher,68,0,0,0,0,0,0,0,0,0,0,0,0,0,0,0,0,0,0,0,,,,,1,No,No,Player Team Season
669060,Bryse Wilson,145,Chicago White Sox,145,Chicago White Sox,2025,1,Pitcher,20,0,0,0,0,0,0,0,0,0,0,0,0,0,0,0,0,0,0,0,,,,,1,No,No,Player Team Season
660787,Yerry De los Santos,147,New York Yankees,147,New York Yankees,2025,1,Pitcher,25,0,0,0,0,0,0,0,0,0,0,0,0,0,0,0,0,0,0,0,,,,,1,No,No,Player Team Season
554431,Tyler Matzek,147,New York Yankees,147,New York Yankees,2025,1,Pitcher,7,0,0,0,0,0,0,0,0,0,0,0,0,0,0,0,0,0,0,0,,,,,1,No,No,Player Team Season
445276,Kenley Jansen,108,Los Angeles Angels,108,Los Angeles Angels,2025,1,Pitcher,62,0,0,0,0,0,0,0,0,0,0,0,0,0,0,0,0,0,0,0,,,,,1,No,No,Player Team Season
595453,Chad Wallach,108,Los Angeles Angels,108,Los Angeles Angels,2025,2,Catcher,1,0,0,0,0,0,0,0,0,0,0,0,0,0,0,0,0,0,0,0,,,,,1,No,No,Player Team Season
679775,Kyle Backhus,109,Arizona Diamondbacks,109,Arizona Diamondbacks,2025,1,Pitcher,32,0,0,0,0,0,0,0,0,0,0,0,0,0,0,0,0,0,0,0,,,,,1,No,No,Player Team Season
595928,John Curtiss,109,Arizona Diamondbacks,109,Arizona Diamondbacks,2025,1,Pitcher,30,0,0,0,0,0,0,0,0,0,0,0,0,0,0,0,0,0,0,0,,,,,1,No,No,Player Team Season
805299,Brandyn Garcia,109,Arizona Diamondbacks,109,Arizona Diamondbacks,2025,1,Pitcher,12,0,0,0,0,0,0,0,0,0,0,0,0,0,0,0,0,0,0,0,,,,,1,No,No,Player Team Season
686753,Drey Jameson,109,Arizona Diamondbacks,109,Arizona Diamondbacks,2025,1,Pitcher,3,0,0,0,0,0,0,0,0,0,0,0,0,0,0,0,0,0,0,0,,,,,1,No,No,Player Team Season
573009,Joe Mantiply,109,Arizona Diamondbacks,109,Arizona Diamondbacks,2025,1,Pitcher,10,0,0,0,0,0,0,0,0,0,0,0,0,0,0,0,0,0,0,0,,,,,1,No,No,Player Team Season
679885,Justin Martinez,109,Arizona Diamondbacks,109,Arizona Diamondbacks,2025,1,Pitcher,17,0,0,0,0,0,0,0,0,0,0,0,0,0,0,0,0,0,0,0,,,,,1,No,No,Player Team Season
666661,Juan Morillo,109,Arizona Diamondbacks,109,Arizona Diamondbacks,2025,1,Pitcher,42,0,0,0,0,0,0,0,0,0,0,0,0,0,0,0,0,0,0,0,,,,,1,No,No,Player Team Season
640462,A.J. Puk,109,Arizona Diamondbacks,109,Arizona Diamondbacks,2025,1,Pitcher,8,0,0,0,0,0,0,0,0,0,0,0,0,0,0,0,0,0,0,0,,,,,1,No,No,Player Team Season
685314,Andrew Saalfrank,109,Arizona Diamondbacks,109,Arizona Diamondbacks,2025,1,Pitcher,28,0,0,0,0,0,0,0,0,0,0,0,0,0,0,0,0,0,0,0,,,,,1,No,No,Player Team Season
657044,Ryan Thompson,109,Arizona Diamondbacks,109,Arizona Diamondbacks,2025,1,Pitcher,48,0,0,0,0,0,0,0,0,0,0,0,0,0,0,0,0,0,0,0,,,,,1,No,No,Player Team Season
669211,Keegan Akin,110,Baltimore Orioles,110,Baltimore Orioles,2025,1,Pitcher,64,0,0,0,0,0,0,0,0,0,0,0,0,0,0,0,0,0,0,0,,,,,1,No,No,Player Team Season
641329,Bryan Baker,110,Baltimore Orioles,110,Baltimore Orioles,2025,1,Pitcher,42,0,0,0,0,0,0,0,0,0,0,0,0,0,0,0,0,0,0,0,,,,,1,No,No,Player Team Season
642585,Félix Bautista,110,Baltimore Orioles,110,Baltimore Orioles,2025,1,Pitcher,35,0,0,0,0,0,0,0,0,0,0,0,0,0,0,0,0,0,0,0,,,,,1,No,No,Player Team Season
621199,Matt Bowman,110,Baltimore Orioles,110,Baltimore Orioles,2025,1,Pitcher,20,0,0,0,0,0,0,0,0,0,0,0,0,0,0,0,0,0,0,0,,,,,1,No,No,Player Team Season
666974,Yennier Cano,110,Baltimore Orioles,110,Baltimore Orioles,2025,1,Pitcher,65,0,0,0,0,0,0,0,0,0,0,0,0,0,0,0,0,0,0,0,,,,,1,No,No,Player Team Season
622554,Seranthony Domínguez,110,Baltimore Orioles,110,Baltimore Orioles,2025,1,Pitcher,43,0,0,0,0,0,0,0,0,0,0,0,0,0,0,0,0,0,0,0,,,,,1,No,No,Player Team Season
608650,Dietrich Enns,110,Baltimore Orioles,110,Baltimore Orioles,2025,1,Pitcher,17,0,0,0,0,0,0,0,0,0,0,0,0,0,0,0,0,0,0,0,,,,,1,No,No,Player Team Season
552640,Andrew Kittredge,110,Baltimore Orioles,110,Baltimore Orioles,2025,1,Pitcher,31,0,0,0,0,0,0,0,0,0,0,0,0,0,0,0,0,0,0,0,,,,,1,No,No,Player Team Season
672335,Cionel Pérez,110,Baltimore Orioles,110,Baltimore Orioles,2025,1,Pitcher,19,0,0,0,0,0,0,0,0,0,0,0,0,0,0,0,0,0,0,0,,,,,1,No,No,Player Team Season
657514,Brennan Bernardino,111,Boston Red Sox,111,Boston Red Sox,2025,1,Pitcher,55,0,0,0,0,0,0,0,0,0,0,0,0,0,0,0,0,0,0,0,,,,,1,No,No,Player Team Season
547973,Aroldis Chapman,111,Boston Red Sox,111,Boston Red Sox,2025,1,Pitcher,67,0,0,0,0,0,0,0,0,0,0,0,0,0,0,0,0,0,0,0,,,,,1,No,No,Player Team Season
676477,Garrett Whitlock,111,Boston Red Sox,111,Boston Red Sox,2025,1,Pitcher,62,0,0,0,0,0,0,0,0,0,0,0,0,0,0,0,0,0,0,0,,,,,1,No,No,Player Team Season
668723,Ryan Vilade,113,Cincinnati Reds,113,Cincinnati Reds,2025,7,Outfielder,1,0,0,0,0,0,0,0,0,0,0,0,0,0,0,0,0,0,0,0,,,,,2,Yes,Yes,Player Team Season
661403,Emmanuel Clase,114,Cleveland Guardians,114,Cleveland Guardians,2025,1,Pitcher,48,0,0,0,0,0,0,0,0,0,0,0,0,0,0,0,0,0,0,0,,,,,1,No,No,Player Team Season
670036,Matt Festa,114,Cleveland Guardians,114,Cleveland Guardians,2025,1,Pitcher,63,0,0,0,0,0,0,0,0,0,0,0,0,0,0,0,0,0,0,0,,,,,1,No,No,Player Team Season
682120,Tim Herrin,114,Cleveland Guardians,114,Cleveland Guardians,2025,1,Pitcher,54,0,0,0,0,0,0,0,0,0,0,0,0,0,0,0,0,0,0,0,,,,,1,No,No,Player Team Season
688642,Zach Agnos,115,Colorado Rockies,115,Colorado Rockies,2025,1,Pitcher,30,0,0,0,0,0,0,0,0,0,0,0,0,0,0,0,0,0,0,0,,,,,1,No,No,Player Team Season
656234,Jake Bird,115,Colorado Rockies,115,Colorado Rockies,2025,1,Pitcher,45,0,0,0,0,0,0,0,0,0,0,0,0,0,0,0,0,0,0,0,,,,,1,No,No,Player Team Season
683409,Angel Chivilli,115,Colorado Rockies,115,Colorado Rockies,2025,1,Pitcher,43,0,0,0,0,0,0,0,0,0,0,0,0,0,0,0,0,0,0,0,,,,,1,No,No,Player Team Season
678020,Seth Halvorsen,115,Colorado Rockies,115,Colorado Rockies,2025,1,Pitcher,42,0,0,0,0,0,0,0,0,0,0,0,0,0,0,0,0,0,0,0,,,,,1,No,No,Player Team Season
675848,Juan Mejia,115,Colorado Rockies,115,Colorado Rockies,2025,1,Pitcher,55,0,0,0,0,0,0,0,0,0,0,0,0,0,0,0,0,0,0,0,,,,,1,No,No,Player Team Season
680767,Victor Vodnik,115,Colorado Rockies,115,Colorado Rockies,2025,1,Pitcher,52,0,0,0,0,0,0,0,0,0,0,0,0,0,0,0,0,0,0,0,,,,,1,No,No,Player Team Season
605154,John Brebbia,116,Detroit Tigers,116,Detroit Tigers,2025,1,Pitcher,19,0,0,0,0,0,0,0,0,0,0,0,0,0,0,0,0,0,0,0,,,,,1,No,No,Player Team Season
592454,Tommy Kahnle,116,Detroit Tigers,116,Detroit Tigers,2025,1,Pitcher,66,0,0,0,0,0,0,0,0,0,0,0,0,0,0,0,0,0,0,0,,,,,1,No,No,Player Team Season
687074,Tyler Owens,116,Detroit Tigers,116,Detroit Tigers,2025,1,Pitcher,3,0,0,0,0,0,0,0,0,0,0,0,0,0,0,0,0,0,0,0,,,,,1,No,No,Player Team Season
650556,Bryan Abreu,117,Houston Astros,117,Houston Astros,2025,1,Pitcher,70,0,0,0,0,0,0,0,0,0,0,0,0,0,0,0,0,0,0,0,,,,,1,No,No,Player Team Season
660853,Enyel De Los Santos,117,Houston Astros,117,Houston Astros,2025,1,Pitcher,22,0,0,0,0,0,0,0,0,0,0,0,0,0,0,0,0,0,0,0,,,,,1,No,No,Player Team Season
623352,Josh Hader,117,Houston Astros,117,Houston Astros,2025,1,Pitcher,48,0,0,0,0,0,0,0,0,0,0,0,0,0,0,0,0,0,0,0,,,,,1,No,No,Player Team Season
672391,Kaleb Ort,117,Houston Astros,117,Houston Astros,2025,1,Pitcher,49,0,0,0,0,0,0,0,0,0,0,0,0,0,0,0,0,0,0,0,,,,,1,No,No,Player Team Season
656986,Bennett Sousa,117,Houston Astros,117,Houston Astros,2025,1,Pitcher,44,0,0,0,0,0,0,0,0,0,0,0,0,0,0,0,0,0,0,0,,,,,1,No,No,Player Team Season
679883,Luinder Avila,118,Kansas City Royals,118,Kansas City Royals,2025,1,Pitcher,13,0,0,0,0,0,0,0,0,0,0,0,0,0,0,0,0,0,0,0,,,,,1,No,No,Player Team Season
664199,Taylor Clarke,118,Kansas City Royals,118,Kansas City Royals,2025,1,Pitcher,51,0,0,0,0,0,0,0,0,0,0,0,0,0,0,0,0,0,0,0,,,,,1,No,No,Player Team Season
674444,Steven Cruz,118,Kansas City Royals,118,Kansas City Royals,2025,1,Pitcher,47,0,0,0,0,0,0,0,0,0,0,0,0,0,0,0,0,0,0,0,,,,,1,No,No,Player Team Season
668674,Lucas Erceg,118,Kansas City Royals,118,Kansas City Royals,2025,1,Pitcher,61,0,0,0,0,0,0,0,0,0,0,0,0,0,0,0,0,0,0,0,,,,,1,No,No,Player Team Season
608032,Carlos Estévez,118,Kansas City Royals,118,Kansas City Royals,2025,1,Pitcher,67,0,0,0,0,0,0,0,0,0,0,0,0,0,0,0,0,0,0,0,,,,,1,No,No,Player Team Season
669674,Sam Long,118,Kansas City Royals,118,Kansas City Royals,2025,1,Pitcher,39,0,0,0,0,0,0,0,0,0,0,0,0,0,0,0,0,0,0,0,,,,,1,No,No,Player Team Season
663738,Daniel Lynch IV,118,Kansas City Royals,118,Kansas City Royals,2025,1,Pitcher,57,0,0,0,0,0,0,0,0,0,0,0,0,0,0,0,0,0,0,0,,,,,1,No,No,Player Team Season
670950,Trevor Richards,118,Kansas City Royals,118,Kansas City Royals,2025,1,Pitcher,3,0,0,0,0,0,0,0,0,0,0,0,0,0,0,0,0,0,0,0,,,,,1,No,No,Player Team Season
670167,John Schreiber,118,Kansas City Royals,118,Kansas City Royals,2025,1,Pitcher,74,0,0,0,0,0,0,0,0,0,0,0,0,0,0,0,0,0,0,0,,,,,1,No,No,Player Team Season
607455,Anthony Banda,119,Los Angeles Dodgers,119,Los Angeles Dodgers,2025,1,Pitcher,71,0,0,0,0,0,0,0,0,0,0,0,0,0,0,0,0,0,0,0,,,,,1,No,No,Player Team Season
656945,Tanner Scott,119,Los Angeles Dodgers,119,Los Angeles Dodgers,2025,1,Pitcher,61,0,0,0,0,0,0,0,0,0,0,0,0,0,0,0,0,0,0,0,,,,,1,No,No,Player Team Season
676917,Cade Cavalli,120,Washington Nationals,120,Washington Nationals,2025,1,Pitcher,10,0,0,0,0,0,0,0,0,0,0,0,0,0,0,0,0,0,0,0,,,,,1,No,No,Player Team Season
678606,José A. Ferrer,120,Washington Nationals,120,Washington Nationals,2025,1,Pitcher,72,0,0,0,0,0,0,0,0,0,0,0,0,0,0,0,0,0,0,0,,,,,1,No,No,Player Team Season
663455,Konnor Pilkington,120,Washington Nationals,120,Washington Nationals,2025,1,Pitcher,32,0,0,0,0,0,0,0,0,0,0,0,0,0,0,0,0,0,0,0,,,,,1,No,No,Player Team Season
676571,PJ Poulin,120,Washington Nationals,120,Washington Nationals,2025,1,Pitcher,28,0,0,0,0,0,0,0,0,0,0,0,0,0,0,0,0,0,0,0,,,,,1,No,No,Player Team Season
671131,Jackson Rutledge,120,Washington Nationals,120,Washington Nationals,2025,1,Pitcher,63,0,0,0,0,0,0,0,0,0,0,0,0,0,0,0,0,0,0,0,,,,,1,No,No,Player Team Season
621242,Edwin Díaz,121,New York Mets,121,New York Mets,2025,1,Pitcher,62,0,0,0,0,0,0,0,0,0,0,0,0,0,0,0,0,0,0,0,,,,,1,No,No,Player Team Season
592773,Ryne Stanek,121,New York Mets,121,New York Mets,2025,1,Pitcher,65,0,0,0,0,0,0,0,0,0,0,0,0,0,0,0,0,0,0,0,,,,,1,No,No,Player Team Season
